STRUCTURE,STRUCTURE_ID,STRUCTURE_NAME,ACTION,CEN23_YEAR_001,Census year,CEN23_GEO_008,Area,CEN23_BIR_005,Birthplace,CEN23_YNZ_001,Years since arrival in New Zealand,CEN23_AGE_004,Age,CEN23_GEN_002,Gender,OBS_VALUE,Observation Value,OBS_STATUS,Observation Status
DATAFLOW,STATSNZ:CEN23_ECI_005(1.0),"Birthplace, years since arrival in New Zealand, age, and gender for the overseas-born census usually resident population count, (RC, TALB, Health), 2013, 2018, and 2023 Censuses",I,2023,2023,9999,Total - New Zealand by regional council,B0903,Pakistan,03,2 years,99,Total - age,99,Total - gender,81,,,
DATAFLOW,STATSNZ:CEN23_ECI_005(1.0),"Birthplace, years since arrival in New Zealand, age, and gender for the overseas-born census usually resident population count, (RC, TALB, Health), 2013, 2018, and 2023 Censuses",I,2023,2023,9999,Total - New Zealand by regional council,B1003,Brazil,05,4 years,99,Total - age,99,Total - gender,1164,,,
DATAFLOW,STATSNZ:CEN23_ECI_005(1.0),"Birthplace, years since arrival in New Zealand, age, and gender for the overseas-born census usually resident population count, (RC, TALB, Health), 2013, 2018, and 2023 Censuses",I,2023,2023,9999,Total - New Zealand by regional council,B1003,Brazil,01,Less than one year,99,Total - age,99,Total - gender,1305,,,
DATAFLOW,STATSNZ:CEN23_ECI_005(1.0),"Birthplace, years since arrival in New Zealand, age, and gender for the overseas-born census usually resident population count, (RC, TALB, Health), 2013, 2018, and 2023 Censuses",I,2023,2023,9999,Total - New Zealand by regional council,B0504,Poland,02,1 year,99,Total - age,99,Total - gender,51,,,
DATAFLOW,STATSNZ:CEN23_ECI_005(1.0),"Birthplace, years since arrival in New Zealand, age, and gender for the overseas-born census usually resident population count, (RC, TALB, Health), 2013, 2018, and 2023 Censuses",I,2023,2023,9999,Total - New Zealand by regional council,B1105,Ethiopia,777,Total stated - years since arrival in New Zealand,99,Total - age,99,Total - gender,1638,,,
DATAFLOW,STATSNZ:CEN23_ECI_005(1.0),"Birthplace, years since arrival in New Zealand, age, and gender for the overseas-born census usually resident population count, (RC, TALB, Health), 2013, 2018, and 2023 Censuses",I,2023,2023,9999,Total - New Zealand by regional council,B0411,Sweden,01,Less than one year,99,Total - age,99,Total - gender,180,,,
DATAFLOW,STATSNZ:CEN23_ECI_005(1.0),"Birthplace, years since arrival in New Zealand, age, and gender for the overseas-born census usually resident population count, (RC, TALB, Health), 2013, 2018, and 2023 Censuses",I,2023,2023,9999,Total - New Zealand by regional council,B0608,Turkey,01,Less than one year,99,Total - age,99,Total - gender,135,,,
DATAFLOW,STATSNZ:CEN23_ECI_005(1.0),"Birthplace, years since arrival in New Zealand, age, and gender for the overseas-born census usually resident population count, (RC, TALB, Health), 2013, 2018, and 2023 Censuses",I,2023,2023,9999,Total - New Zealand by regional council,B0709,Other,01,Less than one year,99,Total - age,99,Total - gender,87,,,
DATAFLOW,STATSNZ:CEN23_ECI_005(1.0),"Birthplace, years since arrival in New Zealand, age, and gender for the overseas-born census usually resident population count, (RC, TALB, Health), 2013, 2018, and 2023 Censuses",I,2023,2023,9999,Total - New Zealand by regional council,B0609,Other,777,Total stated - years since arrival in New Zealand,99,Total - age,99,Total - gender,5715,,,
DATAFLOW,STATSNZ:CEN23_ECI_005(1.0),"Birthplace, years since arrival in New Zealand, age, and gender for the overseas-born census usually resident population count, (RC, TALB, Health), 2013, 2018, and 2023 Censuses",I,2023,2023,9999,Total - New Zealand by regional council,B0904,Afghanistan,04,3 years,99,Total - age,99,Total - gender,231,,,
DATAFLOW,STATSNZ:CEN23_ECI_005(1.0),"Birthplace, years since arrival in New Zealand, age, and gender for the overseas-born census usually resident population count, (RC, TALB, Health), 2013, 2018, and 2023 Censuses",I,2023,2023,9999,Total - New Zealand by regional council,B02,Pacific Islands,04,3 years,99,Total - age,99,Total - gender,6441,,,
DATAFLOW,STATSNZ:CEN23_ECI_005(1.0),"Birthplace, years since arrival in New Zealand, age, and gender for the overseas-born census usually resident population count, (RC, TALB, Health), 2013, 2018, and 2023 Censuses",I,2023,2023,9999,Total - New Zealand by regional council,B0704,Viet Nam,777,Total stated - years since arrival in New Zealand,99,Total - age,99,Total - gender,11814,,,
DATAFLOW,STATSNZ:CEN23_ECI_005(1.0),"Birthplace, years since arrival in New Zealand, age, and gender for the overseas-born census usually resident population count, (RC, TALB, Health), 2013, 2018, and 2023 Censuses",I,2023,2023,9999,Total - New Zealand by regional council,B0505,Romania,03,2 years,99,Total - age,99,Total - gender,15,,,
DATAFLOW,STATSNZ:CEN23_ECI_005(1.0),"Birthplace, years since arrival in New Zealand, age, and gender for the overseas-born census usually resident population count, (RC, TALB, Health), 2013, 2018, and 2023 Censuses",I,2023,2023,9999,Total - New Zealand by regional council,B0413,Austria,08,20 years or more,99,Total - age,99,Total - gender,747,,,
DATAFLOW,STATSNZ:CEN23_ECI_005(1.0),"Birthplace, years since arrival in New Zealand, age, and gender for the overseas-born census usually resident population count, (RC, TALB, Health), 2013, 2018, and 2023 Censuses",I,2023,2023,9999,Total - New Zealand by regional council,B1006,Colombia,03,2 years,99,Total - age,99,Total - gender,51,,,
DATAFLOW,STATSNZ:CEN23_ECI_005(1.0),"Birthplace, years since arrival in New Zealand, age, and gender for the overseas-born census usually resident population count, (RC, TALB, Health), 2013, 2018, and 2023 Censuses",I,2023,2023,9999,Total - New Zealand by regional council,B0502,Italy,999,Total - years since arrival in New Zealand,99,Total - age,99,Total - gender,3249,,,
DATAFLOW,STATSNZ:CEN23_ECI_005(1.0),"Birthplace, years since arrival in New Zealand, age, and gender for the overseas-born census usually resident population count, (RC, TALB, Health), 2013, 2018, and 2023 Censuses",I,2023,2023,9999,Total - New Zealand by regional council,B1105,Ethiopia,02,1 year,99,Total - age,99,Total - gender,39,,,
DATAFLOW,STATSNZ:CEN23_ECI_005(1.0),"Birthplace, years since arrival in New Zealand, age, and gender for the overseas-born census usually resident population count, (RC, TALB, Health), 2013, 2018, and 2023 Censuses",I,2023,2023,9999,Total - New Zealand by regional council,B0801,"China, People's Republic of",Mean,Average - years since arrival in New Zealand,99,Total - age,99,Total - gender,13.7,,,
DATAFLOW,STATSNZ:CEN23_ECI_005(1.0),"Birthplace, years since arrival in New Zealand, age, and gender for the overseas-born census usually resident population count, (RC, TALB, Health), 2013, 2018, and 2023 Censuses",I,2023,2023,9999,Total - New Zealand by regional council,B0511,Greece,Mean,Average - years since arrival in New Zealand,99,Total - age,99,Total - gender,37.2,,,
DATAFLOW,STATSNZ:CEN23_ECI_005(1.0),"Birthplace, years since arrival in New Zealand, age, and gender for the overseas-born census usually resident population count, (RC, TALB, Health), 2013, 2018, and 2023 Censuses",I,2023,2023,9999,Total - New Zealand by regional council,B0608,Turkey,03,2 years,99,Total - age,99,Total - gender,21,,,
DATAFLOW,STATSNZ:CEN23_ECI_005(1.0),"Birthplace, years since arrival in New Zealand, age, and gender for the overseas-born census usually resident population count, (RC, TALB, Health), 2013, 2018, and 2023 Censuses",I,2023,2023,9999,Total - New Zealand by regional council,B0210,Tokelau,08,20 years or more,99,Total - age,99,Total - gender,966,,,
DATAFLOW,STATSNZ:CEN23_ECI_005(1.0),"Birthplace, years since arrival in New Zealand, age, and gender for the overseas-born census usually resident population count, (RC, TALB, Health), 2013, 2018, and 2023 Censuses",I,2023,2023,9999,Total - New Zealand by regional council,B0209,Papua New Guinea,09,Not elsewhere included,99,Total - age,99,Total - gender,18,,,
DATAFLOW,STATSNZ:CEN23_ECI_005(1.0),"Birthplace, years since arrival in New Zealand, age, and gender for the overseas-born census usually resident population count, (RC, TALB, Health), 2013, 2018, and 2023 Censuses",I,2023,2023,9999,Total - New Zealand by regional council,B1107,Other Sub-Saharan Africa,02,1 year,99,Total - age,99,Total - gender,132,,,
DATAFLOW,STATSNZ:CEN23_ECI_005(1.0),"Birthplace, years since arrival in New Zealand, age, and gender for the overseas-born census usually resident population count, (RC, TALB, Health), 2013, 2018, and 2023 Censuses",I,2023,2023,9999,Total - New Zealand by regional council,B0408,Wales,02,1 year,99,Total - age,99,Total - gender,81,,,
DATAFLOW,STATSNZ:CEN23_ECI_005(1.0),"Birthplace, years since arrival in New Zealand, age, and gender for the overseas-born census usually resident population count, (RC, TALB, Health), 2013, 2018, and 2023 Censuses",I,2023,2023,9999,Total - New Zealand by regional council,B0503,Czech Republic,06,5-9 years,99,Total - age,99,Total - gender,621,,,
DATAFLOW,STATSNZ:CEN23_ECI_005(1.0),"Birthplace, years since arrival in New Zealand, age, and gender for the overseas-born census usually resident population count, (RC, TALB, Health), 2013, 2018, and 2023 Censuses",I,2023,2023,9999,Total - New Zealand by regional council,B0707,Singapore,05,4 years,99,Total - age,99,Total - gender,291,,,
DATAFLOW,STATSNZ:CEN23_ECI_005(1.0),"Birthplace, years since arrival in New Zealand, age, and gender for the overseas-born census usually resident population count, (RC, TALB, Health), 2013, 2018, and 2023 Censuses",I,2023,2023,9999,Total - New Zealand by regional council,B0802,"Korea, Republic of",09,Not elsewhere included,99,Total - age,99,Total - gender,159,,,
DATAFLOW,STATSNZ:CEN23_ECI_005(1.0),"Birthplace, years since arrival in New Zealand, age, and gender for the overseas-born census usually resident population count, (RC, TALB, Health), 2013, 2018, and 2023 Censuses",I,2023,2023,9999,Total - New Zealand by regional council,B0208,Tuvalu,03,2 years,99,Total - age,99,Total - gender,9,,,
DATAFLOW,STATSNZ:CEN23_ECI_005(1.0),"Birthplace, years since arrival in New Zealand, age, and gender for the overseas-born census usually resident population count, (RC, TALB, Health), 2013, 2018, and 2023 Censuses",I,2023,2023,9999,Total - New Zealand by regional council,B0707,Singapore,07,10-19 years,99,Total - age,99,Total - gender,1548,,,
DATAFLOW,STATSNZ:CEN23_ECI_005(1.0),"Birthplace, years since arrival in New Zealand, age, and gender for the overseas-born census usually resident population count, (RC, TALB, Health), 2013, 2018, and 2023 Censuses",I,2023,2023,9999,Total - New Zealand by regional council,B0605,United Arab Emirates,07,10-19 years,99,Total - age,99,Total - gender,474,,,
DATAFLOW,STATSNZ:CEN23_ECI_005(1.0),"Birthplace, years since arrival in New Zealand, age, and gender for the overseas-born census usually resident population count, (RC, TALB, Health), 2013, 2018, and 2023 Censuses",I,2023,2023,9999,Total - New Zealand by regional council,B0506,Ukraine,01,Less than one year,99,Total - age,99,Total - gender,387,,,
DATAFLOW,STATSNZ:CEN23_ECI_005(1.0),"Birthplace, years since arrival in New Zealand, age, and gender for the overseas-born census usually resident population count, (RC, TALB, Health), 2013, 2018, and 2023 Censuses",I,2023,2023,9999,Total - New Zealand by regional council,B1106,Somalia,09,Not elsewhere included,99,Total - age,99,Total - gender,36,,,
DATAFLOW,STATSNZ:CEN23_ECI_005(1.0),"Birthplace, years since arrival in New Zealand, age, and gender for the overseas-born census usually resident population count, (RC, TALB, Health), 2013, 2018, and 2023 Censuses",I,2023,2023,9999,Total - New Zealand by regional council,B0405,United Kingdom (not further defined),Mean,Average - years since arrival in New Zealand,99,Total - age,99,Total - gender,18.4,,,
DATAFLOW,STATSNZ:CEN23_ECI_005(1.0),"Birthplace, years since arrival in New Zealand, age, and gender for the overseas-born census usually resident population count, (RC, TALB, Health), 2013, 2018, and 2023 Censuses",I,2023,2023,9999,Total - New Zealand by regional council,B0205,Niue,777,Total stated - years since arrival in New Zealand,99,Total - age,99,Total - gender,3798,,,
DATAFLOW,STATSNZ:CEN23_ECI_005(1.0),"Birthplace, years since arrival in New Zealand, age, and gender for the overseas-born census usually resident population count, (RC, TALB, Health), 2013, 2018, and 2023 Censuses",I,2023,2023,9999,Total - New Zealand by regional council,B0211,Solomon Islands,03,2 years,99,Total - age,99,Total - gender,6,,,
DATAFLOW,STATSNZ:CEN23_ECI_005(1.0),"Birthplace, years since arrival in New Zealand, age, and gender for the overseas-born census usually resident population count, (RC, TALB, Health), 2013, 2018, and 2023 Censuses",I,2023,2023,9999,Total - New Zealand by regional council,B0211,Solomon Islands,02,1 year,99,Total - age,99,Total - gender,6,,,
DATAFLOW,STATSNZ:CEN23_ECI_005(1.0),"Birthplace, years since arrival in New Zealand, age, and gender for the overseas-born census usually resident population count, (RC, TALB, Health), 2013, 2018, and 2023 Censuses",I,2023,2023,9999,Total - New Zealand by regional council,B0406,Ireland,06,5-9 years,99,Total - age,99,Total - gender,1824,,,
DATAFLOW,STATSNZ:CEN23_ECI_005(1.0),"Birthplace, years since arrival in New Zealand, age, and gender for the overseas-born census usually resident population count, (RC, TALB, Health), 2013, 2018, and 2023 Censuses",I,2023,2023,9999,Total - New Zealand by regional council,B0609,Other,07,10-19 years,99,Total - age,99,Total - gender,1299,,,
DATAFLOW,STATSNZ:CEN23_ECI_005(1.0),"Birthplace, years since arrival in New Zealand, age, and gender for the overseas-born census usually resident population count, (RC, TALB, Health), 2013, 2018, and 2023 Censuses",I,2023,2023,9999,Total - New Zealand by regional council,B0701,Philippines,777,Total stated - years since arrival in New Zealand,99,Total - age,99,Total - gender,98994,,,
DATAFLOW,STATSNZ:CEN23_ECI_005(1.0),"Birthplace, years since arrival in New Zealand, age, and gender for the overseas-born census usually resident population count, (RC, TALB, Health), 2013, 2018, and 2023 Censuses",I,2023,2023,9999,Total - New Zealand by regional council,B0206,Vanuatu,09,Not elsewhere included,99,Total - age,99,Total - gender,57,,,
DATAFLOW,STATSNZ:CEN23_ECI_005(1.0),"Birthplace, years since arrival in New Zealand, age, and gender for the overseas-born census usually resident population count, (RC, TALB, Health), 2013, 2018, and 2023 Censuses",I,2023,2023,9999,Total - New Zealand by regional council,B0506,Ukraine,Mean,Average - years since arrival in New Zealand,99,Total - age,99,Total - gender,13,,,
DATAFLOW,STATSNZ:CEN23_ECI_005(1.0),"Birthplace, years since arrival in New Zealand, age, and gender for the overseas-born census usually resident population count, (RC, TALB, Health), 2013, 2018, and 2023 Censuses",I,2023,2023,9999,Total - New Zealand by regional council,B09,Southern and Central Asia,05,4 years,99,Total - age,99,Total - gender,12075,,,
DATAFLOW,STATSNZ:CEN23_ECI_005(1.0),"Birthplace, years since arrival in New Zealand, age, and gender for the overseas-born census usually resident population count, (RC, TALB, Health), 2013, 2018, and 2023 Censuses",I,2023,2023,9999,Total - New Zealand by regional council,B0608,Turkey,02,1 year,99,Total - age,99,Total - gender,36,,,
DATAFLOW,STATSNZ:CEN23_ECI_005(1.0),"Birthplace, years since arrival in New Zealand, age, and gender for the overseas-born census usually resident population count, (RC, TALB, Health), 2013, 2018, and 2023 Censuses",I,2023,2023,9999,Total - New Zealand by regional council,B0906,Bangladesh,05,4 years,99,Total - age,99,Total - gender,198,,,
DATAFLOW,STATSNZ:CEN23_ECI_005(1.0),"Birthplace, years since arrival in New Zealand, age, and gender for the overseas-born census usually resident population count, (RC, TALB, Health), 2013, 2018, and 2023 Censuses",I,2023,2023,9999,Total - New Zealand by regional council,B,Overseas,07,10-19 years,99,Total - age,99,Total - gender,354315,,,
DATAFLOW,STATSNZ:CEN23_ECI_005(1.0),"Birthplace, years since arrival in New Zealand, age, and gender for the overseas-born census usually resident population count, (RC, TALB, Health), 2013, 2018, and 2023 Censuses",I,2023,2023,9999,Total - New Zealand by regional council,777777,Total stated - birthplace,09,Not elsewhere included,99,Total - age,99,Total - gender,12171,,,
DATAFLOW,STATSNZ:CEN23_ECI_005(1.0),"Birthplace, years since arrival in New Zealand, age, and gender for the overseas-born census usually resident population count, (RC, TALB, Health), 2013, 2018, and 2023 Censuses",I,2023,2023,9999,Total - New Zealand by regional council,B06,North Africa and the Middle East,05,4 years,99,Total - age,99,Total - gender,1593,,,
DATAFLOW,STATSNZ:CEN23_ECI_005(1.0),"Birthplace, years since arrival in New Zealand, age, and gender for the overseas-born census usually resident population count, (RC, TALB, Health), 2013, 2018, and 2023 Censuses",I,2023,2023,9999,Total - New Zealand by regional council,B0706,Indonesia,08,20 years or more,99,Total - age,99,Total - gender,2595,,,
DATAFLOW,STATSNZ:CEN23_ECI_005(1.0),"Birthplace, years since arrival in New Zealand, age, and gender for the overseas-born census usually resident population count, (RC, TALB, Health), 2013, 2018, and 2023 Censuses",I,2023,2023,9999,Total - New Zealand by regional council,B0502,Italy,02,1 year,99,Total - age,99,Total - gender,69,,,
DATAFLOW,STATSNZ:CEN23_ECI_005(1.0),"Birthplace, years since arrival in New Zealand, age, and gender for the overseas-born census usually resident population count, (RC, TALB, Health), 2013, 2018, and 2023 Censuses",I,2023,2023,9999,Total - New Zealand by regional council,B0510,Serbia,06,5-9 years,99,Total - age,99,Total - gender,261,,,
DATAFLOW,STATSNZ:CEN23_ECI_005(1.0),"Birthplace, years since arrival in New Zealand, age, and gender for the overseas-born census usually resident population count, (RC, TALB, Health), 2013, 2018, and 2023 Censuses",I,2023,2023,9999,Total - New Zealand by regional council,B0403,Germany,06,5-9 years,99,Total - age,99,Total - gender,2442,,,
DATAFLOW,STATSNZ:CEN23_ECI_005(1.0),"Birthplace, years since arrival in New Zealand, age, and gender for the overseas-born census usually resident population count, (RC, TALB, Health), 2013, 2018, and 2023 Censuses",I,2023,2023,9999,Total - New Zealand by regional council,B05,Southern and Eastern Europe,06,5-9 years,99,Total - age,99,Total - gender,7383,,,
DATAFLOW,STATSNZ:CEN23_ECI_005(1.0),"Birthplace, years since arrival in New Zealand, age, and gender for the overseas-born census usually resident population count, (RC, TALB, Health), 2013, 2018, and 2023 Censuses",I,2023,2023,9999,Total - New Zealand by regional council,B1105,Ethiopia,07,10-19 years,99,Total - age,99,Total - gender,615,,,
DATAFLOW,STATSNZ:CEN23_ECI_005(1.0),"Birthplace, years since arrival in New Zealand, age, and gender for the overseas-born census usually resident population count, (RC, TALB, Health), 2013, 2018, and 2023 Censuses",I,2023,2023,9999,Total - New Zealand by regional council,B0401,England,09,Not elsewhere included,99,Total - age,99,Total - gender,810,,,
DATAFLOW,STATSNZ:CEN23_ECI_005(1.0),"Birthplace, years since arrival in New Zealand, age, and gender for the overseas-born census usually resident population count, (RC, TALB, Health), 2013, 2018, and 2023 Censuses",I,2023,2023,9999,Total - New Zealand by regional council,B0602,Iran,777,Total stated - years since arrival in New Zealand,99,Total - age,99,Total - gender,5361,,,
DATAFLOW,STATSNZ:CEN23_ECI_005(1.0),"Birthplace, years since arrival in New Zealand, age, and gender for the overseas-born census usually resident population count, (RC, TALB, Health), 2013, 2018, and 2023 Censuses",I,2023,2023,9999,Total - New Zealand by regional council,B0204,Cook Islands,02,1 year,99,Total - age,99,Total - gender,264,,,
DATAFLOW,STATSNZ:CEN23_ECI_005(1.0),"Birthplace, years since arrival in New Zealand, age, and gender for the overseas-born census usually resident population count, (RC, TALB, Health), 2013, 2018, and 2023 Censuses",I,2023,2023,9999,Total - New Zealand by regional council,B0905,Nepal,08,20 years or more,99,Total - age,99,Total - gender,327,,,
DATAFLOW,STATSNZ:CEN23_ECI_005(1.0),"Birthplace, years since arrival in New Zealand, age, and gender for the overseas-born census usually resident population count, (RC, TALB, Health), 2013, 2018, and 2023 Censuses",I,2023,2023,9999,Total - New Zealand by regional council,B0702,Malaysia,06,5-9 years,99,Total - age,99,Total - gender,3669,,,
DATAFLOW,STATSNZ:CEN23_ECI_005(1.0),"Birthplace, years since arrival in New Zealand, age, and gender for the overseas-born census usually resident population count, (RC, TALB, Health), 2013, 2018, and 2023 Censuses",I,2023,2023,9999,Total - New Zealand by regional council,B1103,Kenya,06,5-9 years,99,Total - age,99,Total - gender,243,,,
DATAFLOW,STATSNZ:CEN23_ECI_005(1.0),"Birthplace, years since arrival in New Zealand, age, and gender for the overseas-born census usually resident population count, (RC, TALB, Health), 2013, 2018, and 2023 Censuses",I,2023,2023,9999,Total - New Zealand by regional council,B0407,France,08,20 years or more,99,Total - age,99,Total - gender,1035,,,
DATAFLOW,STATSNZ:CEN23_ECI_005(1.0),"Birthplace, years since arrival in New Zealand, age, and gender for the overseas-born census usually resident population count, (RC, TALB, Health), 2013, 2018, and 2023 Censuses",I,2023,2023,9999,Total - New Zealand by regional council,B05,Southern and Eastern Europe,04,3 years,99,Total - age,99,Total - gender,1848,,,
DATAFLOW,STATSNZ:CEN23_ECI_005(1.0),"Birthplace, years since arrival in New Zealand, age, and gender for the overseas-born census usually resident population count, (RC, TALB, Health), 2013, 2018, and 2023 Censuses",I,2023,2023,9999,Total - New Zealand by regional council,B03,Other Oceania and Antarctica,06,5-9 years,99,Total - age,99,Total - gender,0,,,
DATAFLOW,STATSNZ:CEN23_ECI_005(1.0),"Birthplace, years since arrival in New Zealand, age, and gender for the overseas-born census usually resident population count, (RC, TALB, Health), 2013, 2018, and 2023 Censuses",I,2023,2023,9999,Total - New Zealand by regional council,B1002,Canada,08,20 years or more,99,Total - age,99,Total - gender,5325,,,
DATAFLOW,STATSNZ:CEN23_ECI_005(1.0),"Birthplace, years since arrival in New Zealand, age, and gender for the overseas-born census usually resident population count, (RC, TALB, Health), 2013, 2018, and 2023 Censuses",I,2023,2023,9999,Total - New Zealand by regional council,B1004,Chile,09,Not elsewhere included,99,Total - age,99,Total - gender,30,,,
DATAFLOW,STATSNZ:CEN23_ECI_005(1.0),"Birthplace, years since arrival in New Zealand, age, and gender for the overseas-born census usually resident population count, (RC, TALB, Health), 2013, 2018, and 2023 Censuses",I,2023,2023,9999,Total - New Zealand by regional council,B0512,Other,Mean,Average - years since arrival in New Zealand,99,Total - age,99,Total - gender,19.2,,,
DATAFLOW,STATSNZ:CEN23_ECI_005(1.0),"Birthplace, years since arrival in New Zealand, age, and gender for the overseas-born census usually resident population count, (RC, TALB, Health), 2013, 2018, and 2023 Censuses",I,2023,2023,9999,Total - New Zealand by regional council,B0706,Indonesia,999,Total - years since arrival in New Zealand,99,Total - age,99,Total - gender,7569,,,
DATAFLOW,STATSNZ:CEN23_ECI_005(1.0),"Birthplace, years since arrival in New Zealand, age, and gender for the overseas-born census usually resident population count, (RC, TALB, Health), 2013, 2018, and 2023 Censuses",I,2023,2023,9999,Total - New Zealand by regional council,B,Overseas,05,4 years,99,Total - age,99,Total - gender,66156,,,
DATAFLOW,STATSNZ:CEN23_ECI_005(1.0),"Birthplace, years since arrival in New Zealand, age, and gender for the overseas-born census usually resident population count, (RC, TALB, Health), 2013, 2018, and 2023 Censuses",I,2023,2023,9999,Total - New Zealand by regional council,B0506,Ukraine,09,Not elsewhere included,99,Total - age,99,Total - gender,12,,,
DATAFLOW,STATSNZ:CEN23_ECI_005(1.0),"Birthplace, years since arrival in New Zealand, age, and gender for the overseas-born census usually resident population count, (RC, TALB, Health), 2013, 2018, and 2023 Censuses",I,2023,2023,9999,Total - New Zealand by regional council,B0703,Thailand,04,3 years,99,Total - age,99,Total - gender,666,,,
DATAFLOW,STATSNZ:CEN23_ECI_005(1.0),"Birthplace, years since arrival in New Zealand, age, and gender for the overseas-born census usually resident population count, (RC, TALB, Health), 2013, 2018, and 2023 Censuses",I,2023,2023,9999,Total - New Zealand by regional council,999999,Total - birthplace,05,4 years,99,Total - age,99,Total - gender,66156,,,
DATAFLOW,STATSNZ:CEN23_ECI_005(1.0),"Birthplace, years since arrival in New Zealand, age, and gender for the overseas-born census usually resident population count, (RC, TALB, Health), 2013, 2018, and 2023 Censuses",I,2023,2023,9999,Total - New Zealand by regional council,B1007,Mexico,Mean,Average - years since arrival in New Zealand,99,Total - age,99,Total - gender,9.2,,,
DATAFLOW,STATSNZ:CEN23_ECI_005(1.0),"Birthplace, years since arrival in New Zealand, age, and gender for the overseas-born census usually resident population count, (RC, TALB, Health), 2013, 2018, and 2023 Censuses",I,2023,2023,9999,Total - New Zealand by regional council,B0402,Scotland,999,Total - years since arrival in New Zealand,99,Total - age,99,Total - gender,24621,,,
DATAFLOW,STATSNZ:CEN23_ECI_005(1.0),"Birthplace, years since arrival in New Zealand, age, and gender for the overseas-born census usually resident population count, (RC, TALB, Health), 2013, 2018, and 2023 Censuses",I,2023,2023,9999,Total - New Zealand by regional council,B0406,Ireland,05,4 years,99,Total - age,99,Total - gender,405,,,
DATAFLOW,STATSNZ:CEN23_ECI_005(1.0),"Birthplace, years since arrival in New Zealand, age, and gender for the overseas-born census usually resident population count, (RC, TALB, Health), 2013, 2018, and 2023 Censuses",I,2023,2023,9999,Total - New Zealand by regional council,B0201,Fiji,04,3 years,99,Total - age,99,Total - gender,2211,,,
DATAFLOW,STATSNZ:CEN23_ECI_005(1.0),"Birthplace, years since arrival in New Zealand, age, and gender for the overseas-born census usually resident population count, (RC, TALB, Health), 2013, 2018, and 2023 Censuses",I,2023,2023,9999,Total - New Zealand by regional council,B0706,Indonesia,777,Total stated - years since arrival in New Zealand,99,Total - age,99,Total - gender,7515,,,
DATAFLOW,STATSNZ:CEN23_ECI_005(1.0),"Birthplace, years since arrival in New Zealand, age, and gender for the overseas-born census usually resident population count, (RC, TALB, Health), 2013, 2018, and 2023 Censuses",I,2023,2023,9999,Total - New Zealand by regional council,B0401,England,08,20 years or more,99,Total - age,99,Total - gender,117249,,,
DATAFLOW,STATSNZ:CEN23_ECI_005(1.0),"Birthplace, years since arrival in New Zealand, age, and gender for the overseas-born census usually resident population count, (RC, TALB, Health), 2013, 2018, and 2023 Censuses",I,2023,2023,9999,Total - New Zealand by regional council,B0511,Greece,01,Less than one year,99,Total - age,99,Total - gender,18,,,
DATAFLOW,STATSNZ:CEN23_ECI_005(1.0),"Birthplace, years since arrival in New Zealand, age, and gender for the overseas-born census usually resident population count, (RC, TALB, Health), 2013, 2018, and 2023 Censuses",I,2023,2023,9999,Total - New Zealand by regional council,B1002,Canada,Mean,Average - years since arrival in New Zealand,99,Total - age,99,Total - gender,21.3,,,
DATAFLOW,STATSNZ:CEN23_ECI_005(1.0),"Birthplace, years since arrival in New Zealand, age, and gender for the overseas-born census usually resident population count, (RC, TALB, Health), 2013, 2018, and 2023 Censuses",I,2023,2023,9999,Total - New Zealand by regional council,B0512,Other,08,20 years or more,99,Total - age,99,Total - gender,2859,,,
DATAFLOW,STATSNZ:CEN23_ECI_005(1.0),"Birthplace, years since arrival in New Zealand, age, and gender for the overseas-born census usually resident population count, (RC, TALB, Health), 2013, 2018, and 2023 Censuses",I,2023,2023,9999,Total - New Zealand by regional council,B1008,Other Americas,01,Less than one year,99,Total - age,99,Total - gender,600,,,
DATAFLOW,STATSNZ:CEN23_ECI_005(1.0),"Birthplace, years since arrival in New Zealand, age, and gender for the overseas-born census usually resident population count, (RC, TALB, Health), 2013, 2018, and 2023 Censuses",I,2023,2023,9999,Total - New Zealand by regional council,B0204,Cook Islands,Mean,Average - years since arrival in New Zealand,99,Total - age,99,Total - gender,34.3,,,
DATAFLOW,STATSNZ:CEN23_ECI_005(1.0),"Birthplace, years since arrival in New Zealand, age, and gender for the overseas-born census usually resident population count, (RC, TALB, Health), 2013, 2018, and 2023 Censuses",I,2023,2023,9999,Total - New Zealand by regional council,B1103,Kenya,777,Total stated - years since arrival in New Zealand,99,Total - age,99,Total - gender,1953,,,
DATAFLOW,STATSNZ:CEN23_ECI_005(1.0),"Birthplace, years since arrival in New Zealand, age, and gender for the overseas-born census usually resident population count, (RC, TALB, Health), 2013, 2018, and 2023 Censuses",I,2023,2023,9999,Total - New Zealand by regional council,B0510,Serbia,01,Less than one year,99,Total - age,99,Total - gender,51,,,
DATAFLOW,STATSNZ:CEN23_ECI_005(1.0),"Birthplace, years since arrival in New Zealand, age, and gender for the overseas-born census usually resident population count, (RC, TALB, Health), 2013, 2018, and 2023 Censuses",I,2023,2023,9999,Total - New Zealand by regional council,B1101,South Africa,05,4 years,99,Total - age,99,Total - gender,7395,,,
DATAFLOW,STATSNZ:CEN23_ECI_005(1.0),"Birthplace, years since arrival in New Zealand, age, and gender for the overseas-born census usually resident population count, (RC, TALB, Health), 2013, 2018, and 2023 Censuses",I,2023,2023,9999,Total - New Zealand by regional council,B11,Sub-Saharan Africa,05,4 years,99,Total - age,99,Total - gender,8115,,,
DATAFLOW,STATSNZ:CEN23_ECI_005(1.0),"Birthplace, years since arrival in New Zealand, age, and gender for the overseas-born census usually resident population count, (RC, TALB, Health), 2013, 2018, and 2023 Censuses",I,2023,2023,9999,Total - New Zealand by regional council,B09,Southern and Central Asia,02,1 year,99,Total - age,99,Total - gender,4458,,,
DATAFLOW,STATSNZ:CEN23_ECI_005(1.0),"Birthplace, years since arrival in New Zealand, age, and gender for the overseas-born census usually resident population count, (RC, TALB, Health), 2013, 2018, and 2023 Censuses",I,2023,2023,9999,Total - New Zealand by regional council,B0414,Belgium,03,2 years,99,Total - age,99,Total - gender,21,,,
DATAFLOW,STATSNZ:CEN23_ECI_005(1.0),"Birthplace, years since arrival in New Zealand, age, and gender for the overseas-born census usually resident population count, (RC, TALB, Health), 2013, 2018, and 2023 Censuses",I,2023,2023,9999,Total - New Zealand by regional council,B1106,Somalia,999,Total - years since arrival in New Zealand,99,Total - age,99,Total - gender,1308,,,
DATAFLOW,STATSNZ:CEN23_ECI_005(1.0),"Birthplace, years since arrival in New Zealand, age, and gender for the overseas-born census usually resident population count, (RC, TALB, Health), 2013, 2018, and 2023 Censuses",I,2023,2023,9999,Total - New Zealand by regional council,B05,Southern and Eastern Europe,Mean,Average - years since arrival in New Zealand,99,Total - age,99,Total - gender,17.6,,,
DATAFLOW,STATSNZ:CEN23_ECI_005(1.0),"Birthplace, years since arrival in New Zealand, age, and gender for the overseas-born census usually resident population count, (RC, TALB, Health), 2013, 2018, and 2023 Censuses",I,2023,2023,9999,Total - New Zealand by regional council,B0703,Thailand,05,4 years,99,Total - age,99,Total - gender,552,,,
DATAFLOW,STATSNZ:CEN23_ECI_005(1.0),"Birthplace, years since arrival in New Zealand, age, and gender for the overseas-born census usually resident population count, (RC, TALB, Health), 2013, 2018, and 2023 Censuses",I,2023,2023,9999,Total - New Zealand by regional council,B0805,Taiwan,09,Not elsewhere included,99,Total - age,99,Total - gender,84,,,
DATAFLOW,STATSNZ:CEN23_ECI_005(1.0),"Birthplace, years since arrival in New Zealand, age, and gender for the overseas-born census usually resident population count, (RC, TALB, Health), 2013, 2018, and 2023 Censuses",I,2023,2023,9999,Total - New Zealand by regional council,B0703,Thailand,01,Less than one year,99,Total - age,99,Total - gender,1224,,,
DATAFLOW,STATSNZ:CEN23_ECI_005(1.0),"Birthplace, years since arrival in New Zealand, age, and gender for the overseas-born census usually resident population count, (RC, TALB, Health), 2013, 2018, and 2023 Censuses",I,2023,2023,9999,Total - New Zealand by regional council,B0506,Ukraine,04,3 years,99,Total - age,99,Total - gender,111,,,
DATAFLOW,STATSNZ:CEN23_ECI_005(1.0),"Birthplace, years since arrival in New Zealand, age, and gender for the overseas-born census usually resident population count, (RC, TALB, Health), 2013, 2018, and 2023 Censuses",I,2023,2023,9999,Total - New Zealand by regional council,B0501,Russia,04,3 years,99,Total - age,99,Total - gender,456,,,
DATAFLOW,STATSNZ:CEN23_ECI_005(1.0),"Birthplace, years since arrival in New Zealand, age, and gender for the overseas-born census usually resident population count, (RC, TALB, Health), 2013, 2018, and 2023 Censuses",I,2023,2023,9999,Total - New Zealand by regional council,B0707,Singapore,09,Not elsewhere included,99,Total - age,99,Total - gender,54,,,
DATAFLOW,STATSNZ:CEN23_ECI_005(1.0),"Birthplace, years since arrival in New Zealand, age, and gender for the overseas-born census usually resident population count, (RC, TALB, Health), 2013, 2018, and 2023 Censuses",I,2023,2023,9999,Total - New Zealand by regional council,B02,Pacific Islands,777,Total stated - years since arrival in New Zealand,99,Total - age,99,Total - gender,183837,,,
DATAFLOW,STATSNZ:CEN23_ECI_005(1.0),"Birthplace, years since arrival in New Zealand, age, and gender for the overseas-born census usually resident population count, (RC, TALB, Health), 2013, 2018, and 2023 Censuses",I,2023,2023,9999,Total - New Zealand by regional council,B0507,Croatia,05,4 years,99,Total - age,99,Total - gender,27,,,
DATAFLOW,STATSNZ:CEN23_ECI_005(1.0),"Birthplace, years since arrival in New Zealand, age, and gender for the overseas-born census usually resident population count, (RC, TALB, Health), 2013, 2018, and 2023 Censuses",I,2023,2023,9999,Total - New Zealand by regional council,B0409,Northern Ireland,08,20 years or more,99,Total - age,99,Total - gender,2796,,,
DATAFLOW,STATSNZ:CEN23_ECI_005(1.0),"Birthplace, years since arrival in New Zealand, age, and gender for the overseas-born census usually resident population count, (RC, TALB, Health), 2013, 2018, and 2023 Censuses",I,2023,2023,9999,Total - New Zealand by regional council,B0801,"China, People's Republic of",04,3 years,99,Total - age,99,Total - gender,7044,,,
DATAFLOW,STATSNZ:CEN23_ECI_005(1.0),"Birthplace, years since arrival in New Zealand, age, and gender for the overseas-born census usually resident population count, (RC, TALB, Health), 2013, 2018, and 2023 Censuses",I,2023,2023,9999,Total - New Zealand by regional council,B0416,Other,999,Total - years since arrival in New Zealand,99,Total - age,99,Total - gender,1776,,,
DATAFLOW,STATSNZ:CEN23_ECI_005(1.0),"Birthplace, years since arrival in New Zealand, age, and gender for the overseas-born census usually resident population count, (RC, TALB, Health), 2013, 2018, and 2023 Censuses",I,2023,2023,9999,Total - New Zealand by regional council,B10,The Americas,07,10-19 years,99,Total - age,99,Total - gender,17892,,,
DATAFLOW,STATSNZ:CEN23_ECI_005(1.0),"Birthplace, years since arrival in New Zealand, age, and gender for the overseas-born census usually resident population count, (RC, TALB, Health), 2013, 2018, and 2023 Censuses",I,2023,2023,9999,Total - New Zealand by regional council,B0415,Channel Islands,Mean,Average - years since arrival in New Zealand,99,Total - age,99,Total - gender,31.7,,,
DATAFLOW,STATSNZ:CEN23_ECI_005(1.0),"Birthplace, years since arrival in New Zealand, age, and gender for the overseas-born census usually resident population count, (RC, TALB, Health), 2013, 2018, and 2023 Censuses",I,2023,2023,9999,Total - New Zealand by regional council,B0202,Samoa,999,Total - years since arrival in New Zealand,99,Total - age,99,Total - gender,61494,,,
DATAFLOW,STATSNZ:CEN23_ECI_005(1.0),"Birthplace, years since arrival in New Zealand, age, and gender for the overseas-born census usually resident population count, (RC, TALB, Health), 2013, 2018, and 2023 Censuses",I,2023,2023,9999,Total - New Zealand by regional council,B,Overseas,777,Total stated - years since arrival in New Zealand,99,Total - age,99,Total - gender,1414812,,,
DATAFLOW,STATSNZ:CEN23_ECI_005(1.0),"Birthplace, years since arrival in New Zealand, age, and gender for the overseas-born census usually resident population count, (RC, TALB, Health), 2013, 2018, and 2023 Censuses",I,2023,2023,9999,Total - New Zealand by regional council,B0604,Egypt,07,10-19 years,99,Total - age,99,Total - gender,402,,,
DATAFLOW,STATSNZ:CEN23_ECI_005(1.0),"Birthplace, years since arrival in New Zealand, age, and gender for the overseas-born census usually resident population count, (RC, TALB, Health), 2013, 2018, and 2023 Censuses",I,2023,2023,9999,Total - New Zealand by regional council,B0604,Egypt,999,Total - years since arrival in New Zealand,99,Total - age,99,Total - gender,1953,,,
DATAFLOW,STATSNZ:CEN23_ECI_005(1.0),"Birthplace, years since arrival in New Zealand, age, and gender for the overseas-born census usually resident population count, (RC, TALB, Health), 2013, 2018, and 2023 Censuses",I,2023,2023,9999,Total - New Zealand by regional council,B0502,Italy,01,Less than one year,99,Total - age,99,Total - gender,336,,,
DATAFLOW,STATSNZ:CEN23_ECI_005(1.0),"Birthplace, years since arrival in New Zealand, age, and gender for the overseas-born census usually resident population count, (RC, TALB, Health), 2013, 2018, and 2023 Censuses",I,2023,2023,9999,Total - New Zealand by regional council,B0804,Hong Kong (Special Administrative Region),Mean,Average - years since arrival in New Zealand,99,Total - age,99,Total - gender,21.3,,,
DATAFLOW,STATSNZ:CEN23_ECI_005(1.0),"Birthplace, years since arrival in New Zealand, age, and gender for the overseas-born census usually resident population count, (RC, TALB, Health), 2013, 2018, and 2023 Censuses",I,2023,2023,9999,Total - New Zealand by regional council,B01,Australia,05,4 years,99,Total - age,99,Total - gender,3660,,,
DATAFLOW,STATSNZ:CEN23_ECI_005(1.0),"Birthplace, years since arrival in New Zealand, age, and gender for the overseas-born census usually resident population count, (RC, TALB, Health), 2013, 2018, and 2023 Censuses",I,2023,2023,9999,Total - New Zealand by regional council,B0508,Spain,Mean,Average - years since arrival in New Zealand,99,Total - age,99,Total - gender,10.9,,,
DATAFLOW,STATSNZ:CEN23_ECI_005(1.0),"Birthplace, years since arrival in New Zealand, age, and gender for the overseas-born census usually resident population count, (RC, TALB, Health), 2013, 2018, and 2023 Censuses",I,2023,2023,9999,Total - New Zealand by regional council,B0407,France,Mean,Average - years since arrival in New Zealand,99,Total - age,99,Total - gender,10.4,,,
DATAFLOW,STATSNZ:CEN23_ECI_005(1.0),"Birthplace, years since arrival in New Zealand, age, and gender for the overseas-born census usually resident population count, (RC, TALB, Health), 2013, 2018, and 2023 Censuses",I,2023,2023,9999,Total - New Zealand by regional council,777777,Total stated - birthplace,777,Total stated - years since arrival in New Zealand,99,Total - age,99,Total - gender,1414812,,,
DATAFLOW,STATSNZ:CEN23_ECI_005(1.0),"Birthplace, years since arrival in New Zealand, age, and gender for the overseas-born census usually resident population count, (RC, TALB, Health), 2013, 2018, and 2023 Censuses",I,2023,2023,9999,Total - New Zealand by regional council,B0606,Syria,05,4 years,99,Total - age,99,Total - gender,213,,,
DATAFLOW,STATSNZ:CEN23_ECI_005(1.0),"Birthplace, years since arrival in New Zealand, age, and gender for the overseas-born census usually resident population count, (RC, TALB, Health), 2013, 2018, and 2023 Censuses",I,2023,2023,9999,Total - New Zealand by regional council,B0503,Czech Republic,08,20 years or more,99,Total - age,99,Total - gender,378,,,
DATAFLOW,STATSNZ:CEN23_ECI_005(1.0),"Birthplace, years since arrival in New Zealand, age, and gender for the overseas-born census usually resident population count, (RC, TALB, Health), 2013, 2018, and 2023 Censuses",I,2023,2023,9999,Total - New Zealand by regional council,B0408,Wales,06,5-9 years,99,Total - age,99,Total - gender,858,,,
DATAFLOW,STATSNZ:CEN23_ECI_005(1.0),"Birthplace, years since arrival in New Zealand, age, and gender for the overseas-born census usually resident population count, (RC, TALB, Health), 2013, 2018, and 2023 Censuses",I,2023,2023,9999,Total - New Zealand by regional council,B1106,Somalia,777,Total stated - years since arrival in New Zealand,99,Total - age,99,Total - gender,1272,,,
DATAFLOW,STATSNZ:CEN23_ECI_005(1.0),"Birthplace, years since arrival in New Zealand, age, and gender for the overseas-born census usually resident population count, (RC, TALB, Health), 2013, 2018, and 2023 Censuses",I,2023,2023,9999,Total - New Zealand by regional council,B0402,Scotland,03,2 years,99,Total - age,99,Total - gender,135,,,
DATAFLOW,STATSNZ:CEN23_ECI_005(1.0),"Birthplace, years since arrival in New Zealand, age, and gender for the overseas-born census usually resident population count, (RC, TALB, Health), 2013, 2018, and 2023 Censuses",I,2023,2023,9999,Total - New Zealand by regional council,B0402,Scotland,06,5-9 years,99,Total - age,99,Total - gender,2052,,,
DATAFLOW,STATSNZ:CEN23_ECI_005(1.0),"Birthplace, years since arrival in New Zealand, age, and gender for the overseas-born census usually resident population count, (RC, TALB, Health), 2013, 2018, and 2023 Censuses",I,2023,2023,9999,Total - New Zealand by regional council,B1107,Other Sub-Saharan Africa,03,2 years,99,Total - age,99,Total - gender,99,,,
DATAFLOW,STATSNZ:CEN23_ECI_005(1.0),"Birthplace, years since arrival in New Zealand, age, and gender for the overseas-born census usually resident population count, (RC, TALB, Health), 2013, 2018, and 2023 Censuses",I,2023,2023,9999,Total - New Zealand by regional council,B0415,Channel Islands,03,2 years,99,Total - age,99,Total - gender,9,,,
DATAFLOW,STATSNZ:CEN23_ECI_005(1.0),"Birthplace, years since arrival in New Zealand, age, and gender for the overseas-born census usually resident population count, (RC, TALB, Health), 2013, 2018, and 2023 Censuses",I,2023,2023,9999,Total - New Zealand by regional council,B0512,Other,07,10-19 years,99,Total - age,99,Total - gender,1611,,,
DATAFLOW,STATSNZ:CEN23_ECI_005(1.0),"Birthplace, years since arrival in New Zealand, age, and gender for the overseas-born census usually resident population count, (RC, TALB, Health), 2013, 2018, and 2023 Censuses",I,2023,2023,9999,Total - New Zealand by regional council,B0704,Viet Nam,07,10-19 years,99,Total - age,99,Total - gender,2490,,,
DATAFLOW,STATSNZ:CEN23_ECI_005(1.0),"Birthplace, years since arrival in New Zealand, age, and gender for the overseas-born census usually resident population count, (RC, TALB, Health), 2013, 2018, and 2023 Censuses",I,2023,2023,9999,Total - New Zealand by regional council,B0511,Greece,03,2 years,99,Total - age,99,Total - gender,15,,,
DATAFLOW,STATSNZ:CEN23_ECI_005(1.0),"Birthplace, years since arrival in New Zealand, age, and gender for the overseas-born census usually resident population count, (RC, TALB, Health), 2013, 2018, and 2023 Censuses",I,2023,2023,9999,Total - New Zealand by regional council,B08,North-East Asia,777,Total stated - years since arrival in New Zealand,99,Total - age,99,Total - gender,213321,,,
DATAFLOW,STATSNZ:CEN23_ECI_005(1.0),"Birthplace, years since arrival in New Zealand, age, and gender for the overseas-born census usually resident population count, (RC, TALB, Health), 2013, 2018, and 2023 Censuses",I,2023,2023,9999,Total - New Zealand by regional council,B1002,Canada,777,Total stated - years since arrival in New Zealand,99,Total - age,99,Total - gender,12786,,,
DATAFLOW,STATSNZ:CEN23_ECI_005(1.0),"Birthplace, years since arrival in New Zealand, age, and gender for the overseas-born census usually resident population count, (RC, TALB, Health), 2013, 2018, and 2023 Censuses",I,2023,2023,9999,Total - New Zealand by regional council,B03,Other Oceania and Antarctica,05,4 years,99,Total - age,99,Total - gender,0,,,
DATAFLOW,STATSNZ:CEN23_ECI_005(1.0),"Birthplace, years since arrival in New Zealand, age, and gender for the overseas-born census usually resident population count, (RC, TALB, Health), 2013, 2018, and 2023 Censuses",I,2023,2023,9999,Total - New Zealand by regional council,B0211,Solomon Islands,999,Total - years since arrival in New Zealand,99,Total - age,99,Total - gender,726,,,
DATAFLOW,STATSNZ:CEN23_ECI_005(1.0),"Birthplace, years since arrival in New Zealand, age, and gender for the overseas-born census usually resident population count, (RC, TALB, Health), 2013, 2018, and 2023 Censuses",I,2023,2023,9999,Total - New Zealand by regional council,B0203,Tonga,03,2 years,99,Total - age,99,Total - gender,123,,,
DATAFLOW,STATSNZ:CEN23_ECI_005(1.0),"Birthplace, years since arrival in New Zealand, age, and gender for the overseas-born census usually resident population count, (RC, TALB, Health), 2013, 2018, and 2023 Censuses",I,2023,2023,9999,Total - New Zealand by regional council,B0409,Northern Ireland,Mean,Average - years since arrival in New Zealand,99,Total - age,99,Total - gender,33.8,,,
DATAFLOW,STATSNZ:CEN23_ECI_005(1.0),"Birthplace, years since arrival in New Zealand, age, and gender for the overseas-born census usually resident population count, (RC, TALB, Health), 2013, 2018, and 2023 Censuses",I,2023,2023,9999,Total - New Zealand by regional council,B0709,Other,Mean,Average - years since arrival in New Zealand,99,Total - age,99,Total - gender,24.2,,,
DATAFLOW,STATSNZ:CEN23_ECI_005(1.0),"Birthplace, years since arrival in New Zealand, age, and gender for the overseas-born census usually resident population count, (RC, TALB, Health), 2013, 2018, and 2023 Censuses",I,2023,2023,9999,Total - New Zealand by regional council,B0204,Cook Islands,04,3 years,99,Total - age,99,Total - gender,186,,,
DATAFLOW,STATSNZ:CEN23_ECI_005(1.0),"Birthplace, years since arrival in New Zealand, age, and gender for the overseas-born census usually resident population count, (RC, TALB, Health), 2013, 2018, and 2023 Censuses",I,2023,2023,9999,Total - New Zealand by regional council,B0601,Iraq,08,20 years or more,99,Total - age,99,Total - gender,3057,,,
DATAFLOW,STATSNZ:CEN23_ECI_005(1.0),"Birthplace, years since arrival in New Zealand, age, and gender for the overseas-born census usually resident population count, (RC, TALB, Health), 2013, 2018, and 2023 Censuses",I,2023,2023,9999,Total - New Zealand by regional council,B0206,Vanuatu,06,5-9 years,99,Total - age,99,Total - gender,66,,,
DATAFLOW,STATSNZ:CEN23_ECI_005(1.0),"Birthplace, years since arrival in New Zealand, age, and gender for the overseas-born census usually resident population count, (RC, TALB, Health), 2013, 2018, and 2023 Censuses",I,2023,2023,9999,Total - New Zealand by regional council,B0706,Indonesia,02,1 year,99,Total - age,99,Total - gender,102,,,
DATAFLOW,STATSNZ:CEN23_ECI_005(1.0),"Birthplace, years since arrival in New Zealand, age, and gender for the overseas-born census usually resident population count, (RC, TALB, Health), 2013, 2018, and 2023 Censuses",I,2023,2023,9999,Total - New Zealand by regional council,B0607,Israel,09,Not elsewhere included,99,Total - age,99,Total - gender,12,,,
DATAFLOW,STATSNZ:CEN23_ECI_005(1.0),"Birthplace, years since arrival in New Zealand, age, and gender for the overseas-born census usually resident population count, (RC, TALB, Health), 2013, 2018, and 2023 Censuses",I,2023,2023,9999,Total - New Zealand by regional council,B0212,Other,08,20 years or more,99,Total - age,99,Total - gender,960,,,
DATAFLOW,STATSNZ:CEN23_ECI_005(1.0),"Birthplace, years since arrival in New Zealand, age, and gender for the overseas-born census usually resident population count, (RC, TALB, Health), 2013, 2018, and 2023 Censuses",I,2023,2023,9999,Total - New Zealand by regional council,B0709,Other,08,20 years or more,99,Total - age,99,Total - gender,903,,,
DATAFLOW,STATSNZ:CEN23_ECI_005(1.0),"Birthplace, years since arrival in New Zealand, age, and gender for the overseas-born census usually resident population count, (RC, TALB, Health), 2013, 2018, and 2023 Censuses",I,2023,2023,9999,Total - New Zealand by regional council,B0707,Singapore,03,2 years,99,Total - age,99,Total - gender,135,,,
DATAFLOW,STATSNZ:CEN23_ECI_005(1.0),"Birthplace, years since arrival in New Zealand, age, and gender for the overseas-born census usually resident population count, (RC, TALB, Health), 2013, 2018, and 2023 Censuses",I,2023,2023,9999,Total - New Zealand by regional council,B07,South-East Asia,Mean,Average - years since arrival in New Zealand,99,Total - age,99,Total - gender,12.6,,,
DATAFLOW,STATSNZ:CEN23_ECI_005(1.0),"Birthplace, years since arrival in New Zealand, age, and gender for the overseas-born census usually resident population count, (RC, TALB, Health), 2013, 2018, and 2023 Censuses",I,2023,2023,9999,Total - New Zealand by regional council,B0804,Hong Kong (Special Administrative Region),07,10-19 years,99,Total - age,99,Total - gender,1470,,,
DATAFLOW,STATSNZ:CEN23_ECI_005(1.0),"Birthplace, years since arrival in New Zealand, age, and gender for the overseas-born census usually resident population count, (RC, TALB, Health), 2013, 2018, and 2023 Censuses",I,2023,2023,9999,Total - New Zealand by regional council,B0412,Denmark,Mean,Average - years since arrival in New Zealand,99,Total - age,99,Total - gender,29.1,,,
DATAFLOW,STATSNZ:CEN23_ECI_005(1.0),"Birthplace, years since arrival in New Zealand, age, and gender for the overseas-born census usually resident population count, (RC, TALB, Health), 2013, 2018, and 2023 Censuses",I,2023,2023,9999,Total - New Zealand by regional council,B0512,Other,04,3 years,99,Total - age,99,Total - gender,300,,,
DATAFLOW,STATSNZ:CEN23_ECI_005(1.0),"Birthplace, years since arrival in New Zealand, age, and gender for the overseas-born census usually resident population count, (RC, TALB, Health), 2013, 2018, and 2023 Censuses",I,2023,2023,9999,Total - New Zealand by regional council,B12,At sea,08,20 years or more,99,Total - age,99,Total - gender,0,,,
DATAFLOW,STATSNZ:CEN23_ECI_005(1.0),"Birthplace, years since arrival in New Zealand, age, and gender for the overseas-born census usually resident population count, (RC, TALB, Health), 2013, 2018, and 2023 Censuses",I,2023,2023,9999,Total - New Zealand by regional council,B,Overseas,04,3 years,99,Total - age,99,Total - gender,77301,,,
DATAFLOW,STATSNZ:CEN23_ECI_005(1.0),"Birthplace, years since arrival in New Zealand, age, and gender for the overseas-born census usually resident population count, (RC, TALB, Health), 2013, 2018, and 2023 Censuses",I,2023,2023,9999,Total - New Zealand by regional council,B0702,Malaysia,999,Total - years since arrival in New Zealand,99,Total - age,99,Total - gender,22521,,,
DATAFLOW,STATSNZ:CEN23_ECI_005(1.0),"Birthplace, years since arrival in New Zealand, age, and gender for the overseas-born census usually resident population count, (RC, TALB, Health), 2013, 2018, and 2023 Censuses",I,2023,2023,9999,Total - New Zealand by regional council,B02,Pacific Islands,06,5-9 years,99,Total - age,99,Total - gender,23715,,,
DATAFLOW,STATSNZ:CEN23_ECI_005(1.0),"Birthplace, years since arrival in New Zealand, age, and gender for the overseas-born census usually resident population count, (RC, TALB, Health), 2013, 2018, and 2023 Censuses",I,2023,2023,9999,Total - New Zealand by regional council,B0905,Nepal,02,1 year,99,Total - age,99,Total - gender,66,,,
DATAFLOW,STATSNZ:CEN23_ECI_005(1.0),"Birthplace, years since arrival in New Zealand, age, and gender for the overseas-born census usually resident population count, (RC, TALB, Health), 2013, 2018, and 2023 Censuses",I,2023,2023,9999,Total - New Zealand by regional council,B0504,Poland,01,Less than one year,99,Total - age,99,Total - gender,126,,,
DATAFLOW,STATSNZ:CEN23_ECI_005(1.0),"Birthplace, years since arrival in New Zealand, age, and gender for the overseas-born census usually resident population count, (RC, TALB, Health), 2013, 2018, and 2023 Censuses",I,2023,2023,9999,Total - New Zealand by regional council,C,Not elsewhere included,Mean,Average - years since arrival in New Zealand,99,Total - age,99,Total - gender,,,c,Confidential
DATAFLOW,STATSNZ:CEN23_ECI_005(1.0),"Birthplace, years since arrival in New Zealand, age, and gender for the overseas-born census usually resident population count, (RC, TALB, Health), 2013, 2018, and 2023 Censuses",I,2023,2023,9999,Total - New Zealand by regional council,B0606,Syria,09,Not elsewhere included,99,Total - age,99,Total - gender,15,,,
DATAFLOW,STATSNZ:CEN23_ECI_005(1.0),"Birthplace, years since arrival in New Zealand, age, and gender for the overseas-born census usually resident population count, (RC, TALB, Health), 2013, 2018, and 2023 Censuses",I,2023,2023,9999,Total - New Zealand by regional council,B0904,Afghanistan,999,Total - years since arrival in New Zealand,99,Total - age,99,Total - gender,6087,,,
DATAFLOW,STATSNZ:CEN23_ECI_005(1.0),"Birthplace, years since arrival in New Zealand, age, and gender for the overseas-born census usually resident population count, (RC, TALB, Health), 2013, 2018, and 2023 Censuses",I,2023,2023,9999,Total - New Zealand by regional council,B0211,Solomon Islands,09,Not elsewhere included,99,Total - age,99,Total - gender,6,,,
DATAFLOW,STATSNZ:CEN23_ECI_005(1.0),"Birthplace, years since arrival in New Zealand, age, and gender for the overseas-born census usually resident population count, (RC, TALB, Health), 2013, 2018, and 2023 Censuses",I,2023,2023,9999,Total - New Zealand by regional council,B02,Pacific Islands,09,Not elsewhere included,99,Total - age,99,Total - gender,4443,,,
DATAFLOW,STATSNZ:CEN23_ECI_005(1.0),"Birthplace, years since arrival in New Zealand, age, and gender for the overseas-born census usually resident population count, (RC, TALB, Health), 2013, 2018, and 2023 Censuses",I,2023,2023,9999,Total - New Zealand by regional council,B1102,Zimbabwe,04,3 years,99,Total - age,99,Total - gender,357,,,
DATAFLOW,STATSNZ:CEN23_ECI_005(1.0),"Birthplace, years since arrival in New Zealand, age, and gender for the overseas-born census usually resident population count, (RC, TALB, Health), 2013, 2018, and 2023 Censuses",I,2023,2023,9999,Total - New Zealand by regional council,B1106,Somalia,04,3 years,99,Total - age,99,Total - gender,54,,,
DATAFLOW,STATSNZ:CEN23_ECI_005(1.0),"Birthplace, years since arrival in New Zealand, age, and gender for the overseas-born census usually resident population count, (RC, TALB, Health), 2013, 2018, and 2023 Censuses",I,2023,2023,9999,Total - New Zealand by regional council,B0505,Romania,04,3 years,99,Total - age,99,Total - gender,66,,,
DATAFLOW,STATSNZ:CEN23_ECI_005(1.0),"Birthplace, years since arrival in New Zealand, age, and gender for the overseas-born census usually resident population count, (RC, TALB, Health), 2013, 2018, and 2023 Censuses",I,2023,2023,9999,Total - New Zealand by regional council,B0205,Niue,06,5-9 years,99,Total - age,99,Total - gender,78,,,
DATAFLOW,STATSNZ:CEN23_ECI_005(1.0),"Birthplace, years since arrival in New Zealand, age, and gender for the overseas-born census usually resident population count, (RC, TALB, Health), 2013, 2018, and 2023 Censuses",I,2023,2023,9999,Total - New Zealand by regional council,B0405,United Kingdom (not further defined),09,Not elsewhere included,99,Total - age,99,Total - gender,675,,,
DATAFLOW,STATSNZ:CEN23_ECI_005(1.0),"Birthplace, years since arrival in New Zealand, age, and gender for the overseas-born census usually resident population count, (RC, TALB, Health), 2013, 2018, and 2023 Censuses",I,2023,2023,9999,Total - New Zealand by regional council,B1104,Zambia,777,Total stated - years since arrival in New Zealand,99,Total - age,99,Total - gender,1554,,,
DATAFLOW,STATSNZ:CEN23_ECI_005(1.0),"Birthplace, years since arrival in New Zealand, age, and gender for the overseas-born census usually resident population count, (RC, TALB, Health), 2013, 2018, and 2023 Censuses",I,2023,2023,9999,Total - New Zealand by regional council,B0206,Vanuatu,08,20 years or more,99,Total - age,99,Total - gender,189,,,
DATAFLOW,STATSNZ:CEN23_ECI_005(1.0),"Birthplace, years since arrival in New Zealand, age, and gender for the overseas-born census usually resident population count, (RC, TALB, Health), 2013, 2018, and 2023 Censuses",I,2023,2023,9999,Total - New Zealand by regional council,B0806,Other,03,2 years,99,Total - age,99,Total - gender,9,,,
DATAFLOW,STATSNZ:CEN23_ECI_005(1.0),"Birthplace, years since arrival in New Zealand, age, and gender for the overseas-born census usually resident population count, (RC, TALB, Health), 2013, 2018, and 2023 Censuses",I,2023,2023,9999,Total - New Zealand by regional council,B0605,United Arab Emirates,09,Not elsewhere included,99,Total - age,99,Total - gender,9,,,
DATAFLOW,STATSNZ:CEN23_ECI_005(1.0),"Birthplace, years since arrival in New Zealand, age, and gender for the overseas-born census usually resident population count, (RC, TALB, Health), 2013, 2018, and 2023 Censuses",I,2023,2023,9999,Total - New Zealand by regional council,B0701,Philippines,09,Not elsewhere included,99,Total - age,99,Total - gender,273,,,
DATAFLOW,STATSNZ:CEN23_ECI_005(1.0),"Birthplace, years since arrival in New Zealand, age, and gender for the overseas-born census usually resident population count, (RC, TALB, Health), 2013, 2018, and 2023 Censuses",I,2023,2023,9999,Total - New Zealand by regional council,B0415,Channel Islands,777,Total stated - years since arrival in New Zealand,99,Total - age,99,Total - gender,1026,,,
DATAFLOW,STATSNZ:CEN23_ECI_005(1.0),"Birthplace, years since arrival in New Zealand, age, and gender for the overseas-born census usually resident population count, (RC, TALB, Health), 2013, 2018, and 2023 Censuses",I,2023,2023,9999,Total - New Zealand by regional council,B0402,Scotland,07,10-19 years,99,Total - age,99,Total - gender,5325,,,
DATAFLOW,STATSNZ:CEN23_ECI_005(1.0),"Birthplace, years since arrival in New Zealand, age, and gender for the overseas-born census usually resident population count, (RC, TALB, Health), 2013, 2018, and 2023 Censuses",I,2023,2023,9999,Total - New Zealand by regional council,B0408,Wales,999,Total - years since arrival in New Zealand,99,Total - age,99,Total - gender,7905,,,
DATAFLOW,STATSNZ:CEN23_ECI_005(1.0),"Birthplace, years since arrival in New Zealand, age, and gender for the overseas-born census usually resident population count, (RC, TALB, Health), 2013, 2018, and 2023 Censuses",I,2023,2023,9999,Total - New Zealand by regional council,B0210,Tokelau,04,3 years,99,Total - age,99,Total - gender,18,,,
DATAFLOW,STATSNZ:CEN23_ECI_005(1.0),"Birthplace, years since arrival in New Zealand, age, and gender for the overseas-born census usually resident population count, (RC, TALB, Health), 2013, 2018, and 2023 Censuses",I,2023,2023,9999,Total - New Zealand by regional council,B0413,Austria,999,Total - years since arrival in New Zealand,99,Total - age,99,Total - gender,1461,,,
DATAFLOW,STATSNZ:CEN23_ECI_005(1.0),"Birthplace, years since arrival in New Zealand, age, and gender for the overseas-born census usually resident population count, (RC, TALB, Health), 2013, 2018, and 2023 Censuses",I,2023,2023,9999,Total - New Zealand by regional council,B0601,Iraq,Mean,Average - years since arrival in New Zealand,99,Total - age,99,Total - gender,19.3,,,
DATAFLOW,STATSNZ:CEN23_ECI_005(1.0),"Birthplace, years since arrival in New Zealand, age, and gender for the overseas-born census usually resident population count, (RC, TALB, Health), 2013, 2018, and 2023 Censuses",I,2023,2023,9999,Total - New Zealand by regional council,B1002,Canada,05,4 years,99,Total - age,99,Total - gender,612,,,
DATAFLOW,STATSNZ:CEN23_ECI_005(1.0),"Birthplace, years since arrival in New Zealand, age, and gender for the overseas-born census usually resident population count, (RC, TALB, Health), 2013, 2018, and 2023 Censuses",I,2023,2023,9999,Total - New Zealand by regional council,B0209,Papua New Guinea,01,Less than one year,99,Total - age,99,Total - gender,84,,,
DATAFLOW,STATSNZ:CEN23_ECI_005(1.0),"Birthplace, years since arrival in New Zealand, age, and gender for the overseas-born census usually resident population count, (RC, TALB, Health), 2013, 2018, and 2023 Censuses",I,2023,2023,9999,Total - New Zealand by regional council,B1006,Colombia,05,4 years,99,Total - age,99,Total - gender,435,,,
DATAFLOW,STATSNZ:CEN23_ECI_005(1.0),"Birthplace, years since arrival in New Zealand, age, and gender for the overseas-born census usually resident population count, (RC, TALB, Health), 2013, 2018, and 2023 Censuses",I,2023,2023,9999,Total - New Zealand by regional council,B0408,Wales,03,2 years,99,Total - age,99,Total - gender,45,,,
DATAFLOW,STATSNZ:CEN23_ECI_005(1.0),"Birthplace, years since arrival in New Zealand, age, and gender for the overseas-born census usually resident population count, (RC, TALB, Health), 2013, 2018, and 2023 Censuses",I,2023,2023,9999,Total - New Zealand by regional council,B0509,Hungary,777,Total stated - years since arrival in New Zealand,99,Total - age,99,Total - gender,1581,,,
DATAFLOW,STATSNZ:CEN23_ECI_005(1.0),"Birthplace, years since arrival in New Zealand, age, and gender for the overseas-born census usually resident population count, (RC, TALB, Health), 2013, 2018, and 2023 Censuses",I,2023,2023,9999,Total - New Zealand by regional council,B0212,Other,Mean,Average - years since arrival in New Zealand,99,Total - age,99,Total - gender,19.9,,,
DATAFLOW,STATSNZ:CEN23_ECI_005(1.0),"Birthplace, years since arrival in New Zealand, age, and gender for the overseas-born census usually resident population count, (RC, TALB, Health), 2013, 2018, and 2023 Censuses",I,2023,2023,9999,Total - New Zealand by regional council,B1008,Other Americas,09,Not elsewhere included,99,Total - age,99,Total - gender,39,,,
DATAFLOW,STATSNZ:CEN23_ECI_005(1.0),"Birthplace, years since arrival in New Zealand, age, and gender for the overseas-born census usually resident population count, (RC, TALB, Health), 2013, 2018, and 2023 Censuses",I,2023,2023,9999,Total - New Zealand by regional council,B10,The Americas,999,Total - years since arrival in New Zealand,99,Total - age,99,Total - gender,77823,,,
DATAFLOW,STATSNZ:CEN23_ECI_005(1.0),"Birthplace, years since arrival in New Zealand, age, and gender for the overseas-born census usually resident population count, (RC, TALB, Health), 2013, 2018, and 2023 Censuses",I,2023,2023,9999,Total - New Zealand by regional council,B0601,Iraq,01,Less than one year,99,Total - age,99,Total - gender,102,,,
DATAFLOW,STATSNZ:CEN23_ECI_005(1.0),"Birthplace, years since arrival in New Zealand, age, and gender for the overseas-born census usually resident population count, (RC, TALB, Health), 2013, 2018, and 2023 Censuses",I,2023,2023,9999,Total - New Zealand by regional council,B0708,Myanmar,777,Total stated - years since arrival in New Zealand,99,Total - age,99,Total - gender,3627,,,
DATAFLOW,STATSNZ:CEN23_ECI_005(1.0),"Birthplace, years since arrival in New Zealand, age, and gender for the overseas-born census usually resident population count, (RC, TALB, Health), 2013, 2018, and 2023 Censuses",I,2023,2023,9999,Total - New Zealand by regional council,B0412,Denmark,01,Less than one year,99,Total - age,99,Total - gender,135,,,
DATAFLOW,STATSNZ:CEN23_ECI_005(1.0),"Birthplace, years since arrival in New Zealand, age, and gender for the overseas-born census usually resident population count, (RC, TALB, Health), 2013, 2018, and 2023 Censuses",I,2023,2023,9999,Total - New Zealand by regional council,C,Not elsewhere included,03,2 years,99,Total - age,99,Total - gender,0,,,
DATAFLOW,STATSNZ:CEN23_ECI_005(1.0),"Birthplace, years since arrival in New Zealand, age, and gender for the overseas-born census usually resident population count, (RC, TALB, Health), 2013, 2018, and 2023 Censuses",I,2023,2023,9999,Total - New Zealand by regional council,B1101,South Africa,04,3 years,99,Total - age,99,Total - gender,11739,,,
DATAFLOW,STATSNZ:CEN23_ECI_005(1.0),"Birthplace, years since arrival in New Zealand, age, and gender for the overseas-born census usually resident population count, (RC, TALB, Health), 2013, 2018, and 2023 Censuses",I,2023,2023,9999,Total - New Zealand by regional council,B09,Southern and Central Asia,07,10-19 years,99,Total - age,99,Total - gender,46011,,,
DATAFLOW,STATSNZ:CEN23_ECI_005(1.0),"Birthplace, years since arrival in New Zealand, age, and gender for the overseas-born census usually resident population count, (RC, TALB, Health), 2013, 2018, and 2023 Censuses",I,2023,2023,9999,Total - New Zealand by regional council,B1001,United States of America,05,4 years,99,Total - age,99,Total - gender,1554,,,
DATAFLOW,STATSNZ:CEN23_ECI_005(1.0),"Birthplace, years since arrival in New Zealand, age, and gender for the overseas-born census usually resident population count, (RC, TALB, Health), 2013, 2018, and 2023 Censuses",I,2023,2023,9999,Total - New Zealand by regional council,777777,Total stated - birthplace,03,2 years,99,Total - age,99,Total - gender,16461,,,
DATAFLOW,STATSNZ:CEN23_ECI_005(1.0),"Birthplace, years since arrival in New Zealand, age, and gender for the overseas-born census usually resident population count, (RC, TALB, Health), 2013, 2018, and 2023 Censuses",I,2023,2023,9999,Total - New Zealand by regional council,B0705,Cambodia,09,Not elsewhere included,99,Total - age,99,Total - gender,99,,,
DATAFLOW,STATSNZ:CEN23_ECI_005(1.0),"Birthplace, years since arrival in New Zealand, age, and gender for the overseas-born census usually resident population count, (RC, TALB, Health), 2013, 2018, and 2023 Censuses",I,2023,2023,9999,Total - New Zealand by regional council,B0407,France,999,Total - years since arrival in New Zealand,99,Total - age,99,Total - gender,7476,,,
DATAFLOW,STATSNZ:CEN23_ECI_005(1.0),"Birthplace, years since arrival in New Zealand, age, and gender for the overseas-born census usually resident population count, (RC, TALB, Health), 2013, 2018, and 2023 Censuses",I,2023,2023,9999,Total - New Zealand by regional council,B0204,Cook Islands,05,4 years,99,Total - age,99,Total - gender,147,,,
DATAFLOW,STATSNZ:CEN23_ECI_005(1.0),"Birthplace, years since arrival in New Zealand, age, and gender for the overseas-born census usually resident population count, (RC, TALB, Health), 2013, 2018, and 2023 Censuses",I,2023,2023,9999,Total - New Zealand by regional council,B0906,Bangladesh,04,3 years,99,Total - age,99,Total - gender,213,,,
DATAFLOW,STATSNZ:CEN23_ECI_005(1.0),"Birthplace, years since arrival in New Zealand, age, and gender for the overseas-born census usually resident population count, (RC, TALB, Health), 2013, 2018, and 2023 Censuses",I,2023,2023,9999,Total - New Zealand by regional council,B09,Southern and Central Asia,04,3 years,99,Total - age,99,Total - gender,14442,,,
DATAFLOW,STATSNZ:CEN23_ECI_005(1.0),"Birthplace, years since arrival in New Zealand, age, and gender for the overseas-born census usually resident population count, (RC, TALB, Health), 2013, 2018, and 2023 Censuses",I,2023,2023,9999,Total - New Zealand by regional council,B0406,Ireland,02,1 year,99,Total - age,99,Total - gender,207,,,
DATAFLOW,STATSNZ:CEN23_ECI_005(1.0),"Birthplace, years since arrival in New Zealand, age, and gender for the overseas-born census usually resident population count, (RC, TALB, Health), 2013, 2018, and 2023 Censuses",I,2023,2023,9999,Total - New Zealand by regional council,B0404,Netherlands,07,10-19 years,99,Total - age,99,Total - gender,2139,,,
DATAFLOW,STATSNZ:CEN23_ECI_005(1.0),"Birthplace, years since arrival in New Zealand, age, and gender for the overseas-born census usually resident population count, (RC, TALB, Health), 2013, 2018, and 2023 Censuses",I,2023,2023,9999,Total - New Zealand by regional council,B0411,Sweden,999,Total - years since arrival in New Zealand,99,Total - age,99,Total - gender,1821,,,
DATAFLOW,STATSNZ:CEN23_ECI_005(1.0),"Birthplace, years since arrival in New Zealand, age, and gender for the overseas-born census usually resident population count, (RC, TALB, Health), 2013, 2018, and 2023 Censuses",I,2023,2023,9999,Total - New Zealand by regional council,B0407,France,06,5-9 years,99,Total - age,99,Total - gender,1914,,,
DATAFLOW,STATSNZ:CEN23_ECI_005(1.0),"Birthplace, years since arrival in New Zealand, age, and gender for the overseas-born census usually resident population count, (RC, TALB, Health), 2013, 2018, and 2023 Censuses",I,2023,2023,9999,Total - New Zealand by regional council,B0902,Sri Lanka,Mean,Average - years since arrival in New Zealand,99,Total - age,99,Total - gender,12,,,
DATAFLOW,STATSNZ:CEN23_ECI_005(1.0),"Birthplace, years since arrival in New Zealand, age, and gender for the overseas-born census usually resident population count, (RC, TALB, Health), 2013, 2018, and 2023 Censuses",I,2023,2023,9999,Total - New Zealand by regional council,B0508,Spain,02,1 year,99,Total - age,99,Total - gender,54,,,
DATAFLOW,STATSNZ:CEN23_ECI_005(1.0),"Birthplace, years since arrival in New Zealand, age, and gender for the overseas-born census usually resident population count, (RC, TALB, Health), 2013, 2018, and 2023 Censuses",I,2023,2023,9999,Total - New Zealand by regional council,B06,North Africa and the Middle East,999,Total - years since arrival in New Zealand,99,Total - age,99,Total - gender,27483,,,
DATAFLOW,STATSNZ:CEN23_ECI_005(1.0),"Birthplace, years since arrival in New Zealand, age, and gender for the overseas-born census usually resident population count, (RC, TALB, Health), 2013, 2018, and 2023 Censuses",I,2023,2023,9999,Total - New Zealand by regional council,B0204,Cook Islands,777,Total stated - years since arrival in New Zealand,99,Total - age,99,Total - gender,11850,,,
DATAFLOW,STATSNZ:CEN23_ECI_005(1.0),"Birthplace, years since arrival in New Zealand, age, and gender for the overseas-born census usually resident population count, (RC, TALB, Health), 2013, 2018, and 2023 Censuses",I,2023,2023,9999,Total - New Zealand by regional council,B0212,Other,999,Total - years since arrival in New Zealand,99,Total - age,99,Total - gender,2451,,,
DATAFLOW,STATSNZ:CEN23_ECI_005(1.0),"Birthplace, years since arrival in New Zealand, age, and gender for the overseas-born census usually resident population count, (RC, TALB, Health), 2013, 2018, and 2023 Censuses",I,2023,2023,9999,Total - New Zealand by regional council,B0415,Channel Islands,08,20 years or more,99,Total - age,99,Total - gender,597,,,
DATAFLOW,STATSNZ:CEN23_ECI_005(1.0),"Birthplace, years since arrival in New Zealand, age, and gender for the overseas-born census usually resident population count, (RC, TALB, Health), 2013, 2018, and 2023 Censuses",I,2023,2023,9999,Total - New Zealand by regional council,B0501,Russia,06,5-9 years,99,Total - age,99,Total - gender,2109,,,
DATAFLOW,STATSNZ:CEN23_ECI_005(1.0),"Birthplace, years since arrival in New Zealand, age, and gender for the overseas-born census usually resident population count, (RC, TALB, Health), 2013, 2018, and 2023 Censuses",I,2023,2023,9999,Total - New Zealand by regional council,B0405,United Kingdom (not further defined),01,Less than one year,99,Total - age,99,Total - gender,1023,,,
DATAFLOW,STATSNZ:CEN23_ECI_005(1.0),"Birthplace, years since arrival in New Zealand, age, and gender for the overseas-born census usually resident population count, (RC, TALB, Health), 2013, 2018, and 2023 Censuses",I,2023,2023,9999,Total - New Zealand by regional council,B1006,Colombia,01,Less than one year,99,Total - age,99,Total - gender,435,,,
DATAFLOW,STATSNZ:CEN23_ECI_005(1.0),"Birthplace, years since arrival in New Zealand, age, and gender for the overseas-born census usually resident population count, (RC, TALB, Health), 2013, 2018, and 2023 Censuses",I,2023,2023,9999,Total - New Zealand by regional council,B0207,Kiribati,01,Less than one year,99,Total - age,99,Total - gender,288,,,
DATAFLOW,STATSNZ:CEN23_ECI_005(1.0),"Birthplace, years since arrival in New Zealand, age, and gender for the overseas-born census usually resident population count, (RC, TALB, Health), 2013, 2018, and 2023 Censuses",I,2023,2023,9999,Total - New Zealand by regional council,B0505,Romania,777,Total stated - years since arrival in New Zealand,99,Total - age,99,Total - gender,2241,,,
DATAFLOW,STATSNZ:CEN23_ECI_005(1.0),"Birthplace, years since arrival in New Zealand, age, and gender for the overseas-born census usually resident population count, (RC, TALB, Health), 2013, 2018, and 2023 Censuses",I,2023,2023,9999,Total - New Zealand by regional council,B0402,Scotland,Mean,Average - years since arrival in New Zealand,99,Total - age,99,Total - gender,34.9,,,
DATAFLOW,STATSNZ:CEN23_ECI_005(1.0),"Birthplace, years since arrival in New Zealand, age, and gender for the overseas-born census usually resident population count, (RC, TALB, Health), 2013, 2018, and 2023 Censuses",I,2023,2023,9999,Total - New Zealand by regional council,B0414,Belgium,07,10-19 years,99,Total - age,99,Total - gender,336,,,
DATAFLOW,STATSNZ:CEN23_ECI_005(1.0),"Birthplace, years since arrival in New Zealand, age, and gender for the overseas-born census usually resident population count, (RC, TALB, Health), 2013, 2018, and 2023 Censuses",I,2023,2023,9999,Total - New Zealand by regional council,B0510,Serbia,999,Total - years since arrival in New Zealand,99,Total - age,99,Total - gender,1428,,,
DATAFLOW,STATSNZ:CEN23_ECI_005(1.0),"Birthplace, years since arrival in New Zealand, age, and gender for the overseas-born census usually resident population count, (RC, TALB, Health), 2013, 2018, and 2023 Censuses",I,2023,2023,9999,Total - New Zealand by regional council,B1001,United States of America,04,3 years,99,Total - age,99,Total - gender,1872,,,
DATAFLOW,STATSNZ:CEN23_ECI_005(1.0),"Birthplace, years since arrival in New Zealand, age, and gender for the overseas-born census usually resident population count, (RC, TALB, Health), 2013, 2018, and 2023 Censuses",I,2023,2023,9999,Total - New Zealand by regional council,B06,North Africa and the Middle East,06,5-9 years,99,Total - age,99,Total - gender,6429,,,
DATAFLOW,STATSNZ:CEN23_ECI_005(1.0),"Birthplace, years since arrival in New Zealand, age, and gender for the overseas-born census usually resident population count, (RC, TALB, Health), 2013, 2018, and 2023 Censuses",I,2023,2023,9999,Total - New Zealand by regional council,B0602,Iran,01,Less than one year,99,Total - age,99,Total - gender,387,,,
DATAFLOW,STATSNZ:CEN23_ECI_005(1.0),"Birthplace, years since arrival in New Zealand, age, and gender for the overseas-born census usually resident population count, (RC, TALB, Health), 2013, 2018, and 2023 Censuses",I,2023,2023,9999,Total - New Zealand by regional council,B1105,Ethiopia,01,Less than one year,99,Total - age,99,Total - gender,81,,,
DATAFLOW,STATSNZ:CEN23_ECI_005(1.0),"Birthplace, years since arrival in New Zealand, age, and gender for the overseas-born census usually resident population count, (RC, TALB, Health), 2013, 2018, and 2023 Censuses",I,2023,2023,9999,Total - New Zealand by regional council,C,Not elsewhere included,777,Total stated - years since arrival in New Zealand,99,Total - age,99,Total - gender,0,,,
DATAFLOW,STATSNZ:CEN23_ECI_005(1.0),"Birthplace, years since arrival in New Zealand, age, and gender for the overseas-born census usually resident population count, (RC, TALB, Health), 2013, 2018, and 2023 Censuses",I,2023,2023,9999,Total - New Zealand by regional council,B0606,Syria,06,5-9 years,99,Total - age,99,Total - gender,942,,,
DATAFLOW,STATSNZ:CEN23_ECI_005(1.0),"Birthplace, years since arrival in New Zealand, age, and gender for the overseas-born census usually resident population count, (RC, TALB, Health), 2013, 2018, and 2023 Censuses",I,2023,2023,9999,Total - New Zealand by regional council,999999,Total - birthplace,03,2 years,99,Total - age,99,Total - gender,16461,,,
DATAFLOW,STATSNZ:CEN23_ECI_005(1.0),"Birthplace, years since arrival in New Zealand, age, and gender for the overseas-born census usually resident population count, (RC, TALB, Health), 2013, 2018, and 2023 Censuses",I,2023,2023,9999,Total - New Zealand by regional council,C,Not elsewhere included,04,3 years,99,Total - age,99,Total - gender,0,,,
DATAFLOW,STATSNZ:CEN23_ECI_005(1.0),"Birthplace, years since arrival in New Zealand, age, and gender for the overseas-born census usually resident population count, (RC, TALB, Health), 2013, 2018, and 2023 Censuses",I,2023,2023,9999,Total - New Zealand by regional council,B1104,Zambia,07,10-19 years,99,Total - age,99,Total - gender,429,,,
DATAFLOW,STATSNZ:CEN23_ECI_005(1.0),"Birthplace, years since arrival in New Zealand, age, and gender for the overseas-born census usually resident population count, (RC, TALB, Health), 2013, 2018, and 2023 Censuses",I,2023,2023,9999,Total - New Zealand by regional council,B0406,Ireland,07,10-19 years,99,Total - age,99,Total - gender,3249,,,
DATAFLOW,STATSNZ:CEN23_ECI_005(1.0),"Birthplace, years since arrival in New Zealand, age, and gender for the overseas-born census usually resident population count, (RC, TALB, Health), 2013, 2018, and 2023 Censuses",I,2023,2023,9999,Total - New Zealand by regional council,B0201,Fiji,07,10-19 years,99,Total - age,99,Total - gender,25488,,,
DATAFLOW,STATSNZ:CEN23_ECI_005(1.0),"Birthplace, years since arrival in New Zealand, age, and gender for the overseas-born census usually resident population count, (RC, TALB, Health), 2013, 2018, and 2023 Censuses",I,2023,2023,9999,Total - New Zealand by regional council,B03,Other Oceania and Antarctica,Mean,Average - years since arrival in New Zealand,99,Total - age,99,Total - gender,,,c,Confidential
DATAFLOW,STATSNZ:CEN23_ECI_005(1.0),"Birthplace, years since arrival in New Zealand, age, and gender for the overseas-born census usually resident population count, (RC, TALB, Health), 2013, 2018, and 2023 Censuses",I,2023,2023,9999,Total - New Zealand by regional council,B0403,Germany,04,3 years,99,Total - age,99,Total - gender,690,,,
DATAFLOW,STATSNZ:CEN23_ECI_005(1.0),"Birthplace, years since arrival in New Zealand, age, and gender for the overseas-born census usually resident population count, (RC, TALB, Health), 2013, 2018, and 2023 Censuses",I,2023,2023,9999,Total - New Zealand by regional council,B0704,Viet Nam,09,Not elsewhere included,99,Total - age,99,Total - gender,153,,,
DATAFLOW,STATSNZ:CEN23_ECI_005(1.0),"Birthplace, years since arrival in New Zealand, age, and gender for the overseas-born census usually resident population count, (RC, TALB, Health), 2013, 2018, and 2023 Censuses",I,2023,2023,9999,Total - New Zealand by regional council,B0606,Syria,04,3 years,99,Total - age,99,Total - gender,135,,,
DATAFLOW,STATSNZ:CEN23_ECI_005(1.0),"Birthplace, years since arrival in New Zealand, age, and gender for the overseas-born census usually resident population count, (RC, TALB, Health), 2013, 2018, and 2023 Censuses",I,2023,2023,9999,Total - New Zealand by regional council,B0904,Afghanistan,08,20 years or more,99,Total - age,99,Total - gender,975,,,
DATAFLOW,STATSNZ:CEN23_ECI_005(1.0),"Birthplace, years since arrival in New Zealand, age, and gender for the overseas-born census usually resident population count, (RC, TALB, Health), 2013, 2018, and 2023 Censuses",I,2023,2023,9999,Total - New Zealand by regional council,B01,Australia,09,Not elsewhere included,99,Total - age,99,Total - gender,1122,,,
DATAFLOW,STATSNZ:CEN23_ECI_005(1.0),"Birthplace, years since arrival in New Zealand, age, and gender for the overseas-born census usually resident population count, (RC, TALB, Health), 2013, 2018, and 2023 Censuses",I,2023,2023,9999,Total - New Zealand by regional council,B0209,Papua New Guinea,999,Total - years since arrival in New Zealand,99,Total - age,99,Total - gender,1509,,,
DATAFLOW,STATSNZ:CEN23_ECI_005(1.0),"Birthplace, years since arrival in New Zealand, age, and gender for the overseas-born census usually resident population count, (RC, TALB, Health), 2013, 2018, and 2023 Censuses",I,2023,2023,9999,Total - New Zealand by regional council,B0609,Other,03,2 years,99,Total - age,99,Total - gender,111,,,
DATAFLOW,STATSNZ:CEN23_ECI_005(1.0),"Birthplace, years since arrival in New Zealand, age, and gender for the overseas-born census usually resident population count, (RC, TALB, Health), 2013, 2018, and 2023 Censuses",I,2023,2023,9999,Total - New Zealand by regional council,B0207,Kiribati,05,4 years,99,Total - age,99,Total - gender,144,,,
DATAFLOW,STATSNZ:CEN23_ECI_005(1.0),"Birthplace, years since arrival in New Zealand, age, and gender for the overseas-born census usually resident population count, (RC, TALB, Health), 2013, 2018, and 2023 Censuses",I,2023,2023,9999,Total - New Zealand by regional council,B0707,Singapore,04,3 years,99,Total - age,99,Total - gender,285,,,
DATAFLOW,STATSNZ:CEN23_ECI_005(1.0),"Birthplace, years since arrival in New Zealand, age, and gender for the overseas-born census usually resident population count, (RC, TALB, Health), 2013, 2018, and 2023 Censuses",I,2023,2023,9999,Total - New Zealand by regional council,B0505,Romania,01,Less than one year,99,Total - age,99,Total - gender,54,,,
DATAFLOW,STATSNZ:CEN23_ECI_005(1.0),"Birthplace, years since arrival in New Zealand, age, and gender for the overseas-born census usually resident population count, (RC, TALB, Health), 2013, 2018, and 2023 Censuses",I,2023,2023,9999,Total - New Zealand by regional council,B0412,Denmark,03,2 years,99,Total - age,99,Total - gender,24,,,
DATAFLOW,STATSNZ:CEN23_ECI_005(1.0),"Birthplace, years since arrival in New Zealand, age, and gender for the overseas-born census usually resident population count, (RC, TALB, Health), 2013, 2018, and 2023 Censuses",I,2023,2023,9999,Total - New Zealand by regional council,B0406,Ireland,03,2 years,99,Total - age,99,Total - gender,135,,,
DATAFLOW,STATSNZ:CEN23_ECI_005(1.0),"Birthplace, years since arrival in New Zealand, age, and gender for the overseas-born census usually resident population count, (RC, TALB, Health), 2013, 2018, and 2023 Censuses",I,2023,2023,9999,Total - New Zealand by regional council,B09,Southern and Central Asia,08,20 years or more,99,Total - age,99,Total - gender,29478,,,
DATAFLOW,STATSNZ:CEN23_ECI_005(1.0),"Birthplace, years since arrival in New Zealand, age, and gender for the overseas-born census usually resident population count, (RC, TALB, Health), 2013, 2018, and 2023 Censuses",I,2023,2023,9999,Total - New Zealand by regional council,B0602,Iran,999,Total - years since arrival in New Zealand,99,Total - age,99,Total - gender,5409,,,
DATAFLOW,STATSNZ:CEN23_ECI_005(1.0),"Birthplace, years since arrival in New Zealand, age, and gender for the overseas-born census usually resident population count, (RC, TALB, Health), 2013, 2018, and 2023 Censuses",I,2023,2023,9999,Total - New Zealand by regional council,B03,Other Oceania and Antarctica,03,2 years,99,Total - age,99,Total - gender,0,,,
DATAFLOW,STATSNZ:CEN23_ECI_005(1.0),"Birthplace, years since arrival in New Zealand, age, and gender for the overseas-born census usually resident population count, (RC, TALB, Health), 2013, 2018, and 2023 Censuses",I,2023,2023,9999,Total - New Zealand by regional council,B06,North Africa and the Middle East,01,Less than one year,99,Total - age,99,Total - gender,2121,,,
DATAFLOW,STATSNZ:CEN23_ECI_005(1.0),"Birthplace, years since arrival in New Zealand, age, and gender for the overseas-born census usually resident population count, (RC, TALB, Health), 2013, 2018, and 2023 Censuses",I,2023,2023,9999,Total - New Zealand by regional council,777777,Total stated - birthplace,05,4 years,99,Total - age,99,Total - gender,66156,,,
DATAFLOW,STATSNZ:CEN23_ECI_005(1.0),"Birthplace, years since arrival in New Zealand, age, and gender for the overseas-born census usually resident population count, (RC, TALB, Health), 2013, 2018, and 2023 Censuses",I,2023,2023,9999,Total - New Zealand by regional council,B0501,Russia,02,1 year,99,Total - age,99,Total - gender,63,,,
DATAFLOW,STATSNZ:CEN23_ECI_005(1.0),"Birthplace, years since arrival in New Zealand, age, and gender for the overseas-born census usually resident population count, (RC, TALB, Health), 2013, 2018, and 2023 Censuses",I,2023,2023,9999,Total - New Zealand by regional council,B0806,Other,04,3 years,99,Total - age,99,Total - gender,48,,,
DATAFLOW,STATSNZ:CEN23_ECI_005(1.0),"Birthplace, years since arrival in New Zealand, age, and gender for the overseas-born census usually resident population count, (RC, TALB, Health), 2013, 2018, and 2023 Censuses",I,2023,2023,9999,Total - New Zealand by regional council,B0901,India,02,1 year,99,Total - age,99,Total - gender,2748,,,
DATAFLOW,STATSNZ:CEN23_ECI_005(1.0),"Birthplace, years since arrival in New Zealand, age, and gender for the overseas-born census usually resident population count, (RC, TALB, Health), 2013, 2018, and 2023 Censuses",I,2023,2023,9999,Total - New Zealand by regional council,B1008,Other Americas,07,10-19 years,99,Total - age,99,Total - gender,1353,,,
DATAFLOW,STATSNZ:CEN23_ECI_005(1.0),"Birthplace, years since arrival in New Zealand, age, and gender for the overseas-born census usually resident population count, (RC, TALB, Health), 2013, 2018, and 2023 Censuses",I,2023,2023,9999,Total - New Zealand by regional council,B0405,United Kingdom (not further defined),04,3 years,99,Total - age,99,Total - gender,678,,,
DATAFLOW,STATSNZ:CEN23_ECI_005(1.0),"Birthplace, years since arrival in New Zealand, age, and gender for the overseas-born census usually resident population count, (RC, TALB, Health), 2013, 2018, and 2023 Censuses",I,2023,2023,9999,Total - New Zealand by regional council,999999,Total - birthplace,08,20 years or more,99,Total - age,99,Total - gender,500310,,,
DATAFLOW,STATSNZ:CEN23_ECI_005(1.0),"Birthplace, years since arrival in New Zealand, age, and gender for the overseas-born census usually resident population count, (RC, TALB, Health), 2013, 2018, and 2023 Censuses",I,2023,2023,9999,Total - New Zealand by regional council,B0806,Other,999,Total - years since arrival in New Zealand,99,Total - age,99,Total - gender,474,,,
DATAFLOW,STATSNZ:CEN23_ECI_005(1.0),"Birthplace, years since arrival in New Zealand, age, and gender for the overseas-born census usually resident population count, (RC, TALB, Health), 2013, 2018, and 2023 Censuses",I,2023,2023,9999,Total - New Zealand by regional council,B01,Australia,03,2 years,99,Total - age,99,Total - gender,2502,,,
DATAFLOW,STATSNZ:CEN23_ECI_005(1.0),"Birthplace, years since arrival in New Zealand, age, and gender for the overseas-born census usually resident population count, (RC, TALB, Health), 2013, 2018, and 2023 Censuses",I,2023,2023,9999,Total - New Zealand by regional council,B0411,Sweden,07,10-19 years,99,Total - age,99,Total - gender,429,,,
DATAFLOW,STATSNZ:CEN23_ECI_005(1.0),"Birthplace, years since arrival in New Zealand, age, and gender for the overseas-born census usually resident population count, (RC, TALB, Health), 2013, 2018, and 2023 Censuses",I,2023,2023,9999,Total - New Zealand by regional council,B12,At sea,Mean,Average - years since arrival in New Zealand,99,Total - age,99,Total - gender,,,c,Confidential
DATAFLOW,STATSNZ:CEN23_ECI_005(1.0),"Birthplace, years since arrival in New Zealand, age, and gender for the overseas-born census usually resident population count, (RC, TALB, Health), 2013, 2018, and 2023 Censuses",I,2023,2023,9999,Total - New Zealand by regional council,B1008,Other Americas,02,1 year,99,Total - age,99,Total - gender,72,,,
DATAFLOW,STATSNZ:CEN23_ECI_005(1.0),"Birthplace, years since arrival in New Zealand, age, and gender for the overseas-born census usually resident population count, (RC, TALB, Health), 2013, 2018, and 2023 Censuses",I,2023,2023,9999,Total - New Zealand by regional council,B0210,Tokelau,07,10-19 years,99,Total - age,99,Total - gender,174,,,
DATAFLOW,STATSNZ:CEN23_ECI_005(1.0),"Birthplace, years since arrival in New Zealand, age, and gender for the overseas-born census usually resident population count, (RC, TALB, Health), 2013, 2018, and 2023 Censuses",I,2023,2023,9999,Total - New Zealand by regional council,B0805,Taiwan,07,10-19 years,99,Total - age,99,Total - gender,1485,,,
DATAFLOW,STATSNZ:CEN23_ECI_005(1.0),"Birthplace, years since arrival in New Zealand, age, and gender for the overseas-born census usually resident population count, (RC, TALB, Health), 2013, 2018, and 2023 Censuses",I,2023,2023,9999,Total - New Zealand by regional council,B1002,Canada,01,Less than one year,99,Total - age,99,Total - gender,1077,,,
DATAFLOW,STATSNZ:CEN23_ECI_005(1.0),"Birthplace, years since arrival in New Zealand, age, and gender for the overseas-born census usually resident population count, (RC, TALB, Health), 2013, 2018, and 2023 Censuses",I,2023,2023,9999,Total - New Zealand by regional council,B0609,Other,04,3 years,99,Total - age,99,Total - gender,351,,,
DATAFLOW,STATSNZ:CEN23_ECI_005(1.0),"Birthplace, years since arrival in New Zealand, age, and gender for the overseas-born census usually resident population count, (RC, TALB, Health), 2013, 2018, and 2023 Censuses",I,2023,2023,9999,Total - New Zealand by regional council,B0603,Saudi Arabia,02,1 year,99,Total - age,99,Total - gender,78,,,
DATAFLOW,STATSNZ:CEN23_ECI_005(1.0),"Birthplace, years since arrival in New Zealand, age, and gender for the overseas-born census usually resident population count, (RC, TALB, Health), 2013, 2018, and 2023 Censuses",I,2023,2023,9999,Total - New Zealand by regional council,B0412,Denmark,05,4 years,99,Total - age,99,Total - gender,21,,,
DATAFLOW,STATSNZ:CEN23_ECI_005(1.0),"Birthplace, years since arrival in New Zealand, age, and gender for the overseas-born census usually resident population count, (RC, TALB, Health), 2013, 2018, and 2023 Censuses",I,2023,2023,9999,Total - New Zealand by regional council,B0504,Poland,Mean,Average - years since arrival in New Zealand,99,Total - age,99,Total - gender,20.6,,,
DATAFLOW,STATSNZ:CEN23_ECI_005(1.0),"Birthplace, years since arrival in New Zealand, age, and gender for the overseas-born census usually resident population count, (RC, TALB, Health), 2013, 2018, and 2023 Censuses",I,2023,2023,9999,Total - New Zealand by regional council,B0415,Channel Islands,07,10-19 years,99,Total - age,99,Total - gender,252,,,
DATAFLOW,STATSNZ:CEN23_ECI_005(1.0),"Birthplace, years since arrival in New Zealand, age, and gender for the overseas-born census usually resident population count, (RC, TALB, Health), 2013, 2018, and 2023 Censuses",I,2023,2023,9999,Total - New Zealand by regional council,B0901,India,04,3 years,99,Total - age,99,Total - gender,11049,,,
DATAFLOW,STATSNZ:CEN23_ECI_005(1.0),"Birthplace, years since arrival in New Zealand, age, and gender for the overseas-born census usually resident population count, (RC, TALB, Health), 2013, 2018, and 2023 Censuses",I,2023,2023,9999,Total - New Zealand by regional council,B0408,Wales,04,3 years,99,Total - age,99,Total - gender,192,,,
DATAFLOW,STATSNZ:CEN23_ECI_005(1.0),"Birthplace, years since arrival in New Zealand, age, and gender for the overseas-born census usually resident population count, (RC, TALB, Health), 2013, 2018, and 2023 Censuses",I,2023,2023,9999,Total - New Zealand by regional council,B11,Sub-Saharan Africa,06,5-9 years,99,Total - age,99,Total - gender,20757,,,
DATAFLOW,STATSNZ:CEN23_ECI_005(1.0),"Birthplace, years since arrival in New Zealand, age, and gender for the overseas-born census usually resident population count, (RC, TALB, Health), 2013, 2018, and 2023 Censuses",I,2023,2023,9999,Total - New Zealand by regional council,B0805,Taiwan,01,Less than one year,99,Total - age,99,Total - gender,648,,,
DATAFLOW,STATSNZ:CEN23_ECI_005(1.0),"Birthplace, years since arrival in New Zealand, age, and gender for the overseas-born census usually resident population count, (RC, TALB, Health), 2013, 2018, and 2023 Censuses",I,2023,2023,9999,Total - New Zealand by regional council,B0803,Japan,Mean,Average - years since arrival in New Zealand,99,Total - age,99,Total - gender,14.6,,,
DATAFLOW,STATSNZ:CEN23_ECI_005(1.0),"Birthplace, years since arrival in New Zealand, age, and gender for the overseas-born census usually resident population count, (RC, TALB, Health), 2013, 2018, and 2023 Censuses",I,2023,2023,9999,Total - New Zealand by regional council,B0401,England,777,Total stated - years since arrival in New Zealand,99,Total - age,99,Total - gender,207615,,,
DATAFLOW,STATSNZ:CEN23_ECI_005(1.0),"Birthplace, years since arrival in New Zealand, age, and gender for the overseas-born census usually resident population count, (RC, TALB, Health), 2013, 2018, and 2023 Censuses",I,2023,2023,9999,Total - New Zealand by regional council,B0408,Wales,05,4 years,99,Total - age,99,Total - gender,144,,,
DATAFLOW,STATSNZ:CEN23_ECI_005(1.0),"Birthplace, years since arrival in New Zealand, age, and gender for the overseas-born census usually resident population count, (RC, TALB, Health), 2013, 2018, and 2023 Censuses",I,2023,2023,9999,Total - New Zealand by regional council,B0201,Fiji,05,4 years,99,Total - age,99,Total - gender,1983,,,
DATAFLOW,STATSNZ:CEN23_ECI_005(1.0),"Birthplace, years since arrival in New Zealand, age, and gender for the overseas-born census usually resident population count, (RC, TALB, Health), 2013, 2018, and 2023 Censuses",I,2023,2023,9999,Total - New Zealand by regional council,B0609,Other,02,1 year,99,Total - age,99,Total - gender,195,,,
DATAFLOW,STATSNZ:CEN23_ECI_005(1.0),"Birthplace, years since arrival in New Zealand, age, and gender for the overseas-born census usually resident population count, (RC, TALB, Health), 2013, 2018, and 2023 Censuses",I,2023,2023,9999,Total - New Zealand by regional council,B0708,Myanmar,Mean,Average - years since arrival in New Zealand,99,Total - age,99,Total - gender,12.3,,,
DATAFLOW,STATSNZ:CEN23_ECI_005(1.0),"Birthplace, years since arrival in New Zealand, age, and gender for the overseas-born census usually resident population count, (RC, TALB, Health), 2013, 2018, and 2023 Censuses",I,2023,2023,9999,Total - New Zealand by regional council,B0601,Iraq,09,Not elsewhere included,99,Total - age,99,Total - gender,48,,,
DATAFLOW,STATSNZ:CEN23_ECI_005(1.0),"Birthplace, years since arrival in New Zealand, age, and gender for the overseas-born census usually resident population count, (RC, TALB, Health), 2013, 2018, and 2023 Censuses",I,2023,2023,9999,Total - New Zealand by regional council,B0204,Cook Islands,06,5-9 years,99,Total - age,99,Total - gender,600,,,
DATAFLOW,STATSNZ:CEN23_ECI_005(1.0),"Birthplace, years since arrival in New Zealand, age, and gender for the overseas-born census usually resident population count, (RC, TALB, Health), 2013, 2018, and 2023 Censuses",I,2023,2023,9999,Total - New Zealand by regional council,B0704,Viet Nam,01,Less than one year,99,Total - age,99,Total - gender,1287,,,
DATAFLOW,STATSNZ:CEN23_ECI_005(1.0),"Birthplace, years since arrival in New Zealand, age, and gender for the overseas-born census usually resident population count, (RC, TALB, Health), 2013, 2018, and 2023 Censuses",I,2023,2023,9999,Total - New Zealand by regional council,B1007,Mexico,05,4 years,99,Total - age,99,Total - gender,162,,,
DATAFLOW,STATSNZ:CEN23_ECI_005(1.0),"Birthplace, years since arrival in New Zealand, age, and gender for the overseas-born census usually resident population count, (RC, TALB, Health), 2013, 2018, and 2023 Censuses",I,2023,2023,9999,Total - New Zealand by regional council,B0414,Belgium,02,1 year,99,Total - age,99,Total - gender,36,,,
DATAFLOW,STATSNZ:CEN23_ECI_005(1.0),"Birthplace, years since arrival in New Zealand, age, and gender for the overseas-born census usually resident population count, (RC, TALB, Health), 2013, 2018, and 2023 Censuses",I,2023,2023,9999,Total - New Zealand by regional council,B12,At sea,06,5-9 years,99,Total - age,99,Total - gender,0,,,
DATAFLOW,STATSNZ:CEN23_ECI_005(1.0),"Birthplace, years since arrival in New Zealand, age, and gender for the overseas-born census usually resident population count, (RC, TALB, Health), 2013, 2018, and 2023 Censuses",I,2023,2023,9999,Total - New Zealand by regional council,B0411,Sweden,05,4 years,99,Total - age,99,Total - gender,78,,,
DATAFLOW,STATSNZ:CEN23_ECI_005(1.0),"Birthplace, years since arrival in New Zealand, age, and gender for the overseas-born census usually resident population count, (RC, TALB, Health), 2013, 2018, and 2023 Censuses",I,2023,2023,9999,Total - New Zealand by regional council,B0501,Russia,01,Less than one year,99,Total - age,99,Total - gender,414,,,
DATAFLOW,STATSNZ:CEN23_ECI_005(1.0),"Birthplace, years since arrival in New Zealand, age, and gender for the overseas-born census usually resident population count, (RC, TALB, Health), 2013, 2018, and 2023 Censuses",I,2023,2023,9999,Total - New Zealand by regional council,B0406,Ireland,777,Total stated - years since arrival in New Zealand,99,Total - age,99,Total - gender,10242,,,
DATAFLOW,STATSNZ:CEN23_ECI_005(1.0),"Birthplace, years since arrival in New Zealand, age, and gender for the overseas-born census usually resident population count, (RC, TALB, Health), 2013, 2018, and 2023 Censuses",I,2023,2023,9999,Total - New Zealand by regional council,B09,Southern and Central Asia,06,5-9 years,99,Total - age,99,Total - gender,57276,,,
DATAFLOW,STATSNZ:CEN23_ECI_005(1.0),"Birthplace, years since arrival in New Zealand, age, and gender for the overseas-born census usually resident population count, (RC, TALB, Health), 2013, 2018, and 2023 Censuses",I,2023,2023,9999,Total - New Zealand by regional council,B0415,Channel Islands,04,3 years,99,Total - age,99,Total - gender,24,,,
DATAFLOW,STATSNZ:CEN23_ECI_005(1.0),"Birthplace, years since arrival in New Zealand, age, and gender for the overseas-born census usually resident population count, (RC, TALB, Health), 2013, 2018, and 2023 Censuses",I,2023,2023,9999,Total - New Zealand by regional council,B0705,Cambodia,777,Total stated - years since arrival in New Zealand,99,Total - age,99,Total - gender,8016,,,
DATAFLOW,STATSNZ:CEN23_ECI_005(1.0),"Birthplace, years since arrival in New Zealand, age, and gender for the overseas-born census usually resident population count, (RC, TALB, Health), 2013, 2018, and 2023 Censuses",I,2023,2023,9999,Total - New Zealand by regional council,B11,Sub-Saharan Africa,07,10-19 years,99,Total - age,99,Total - gender,32592,,,
DATAFLOW,STATSNZ:CEN23_ECI_005(1.0),"Birthplace, years since arrival in New Zealand, age, and gender for the overseas-born census usually resident population count, (RC, TALB, Health), 2013, 2018, and 2023 Censuses",I,2023,2023,9999,Total - New Zealand by regional council,B0603,Saudi Arabia,03,2 years,99,Total - age,99,Total - gender,33,,,
DATAFLOW,STATSNZ:CEN23_ECI_005(1.0),"Birthplace, years since arrival in New Zealand, age, and gender for the overseas-born census usually resident population count, (RC, TALB, Health), 2013, 2018, and 2023 Censuses",I,2023,2023,9999,Total - New Zealand by regional council,B0503,Czech Republic,09,Not elsewhere included,99,Total - age,99,Total - gender,21,,,
DATAFLOW,STATSNZ:CEN23_ECI_005(1.0),"Birthplace, years since arrival in New Zealand, age, and gender for the overseas-born census usually resident population count, (RC, TALB, Health), 2013, 2018, and 2023 Censuses",I,2023,2023,9999,Total - New Zealand by regional council,777777,Total stated - birthplace,08,20 years or more,99,Total - age,99,Total - gender,500310,,,
DATAFLOW,STATSNZ:CEN23_ECI_005(1.0),"Birthplace, years since arrival in New Zealand, age, and gender for the overseas-born census usually resident population count, (RC, TALB, Health), 2013, 2018, and 2023 Censuses",I,2023,2023,9999,Total - New Zealand by regional council,B1006,Colombia,07,10-19 years,99,Total - age,99,Total - gender,783,,,
DATAFLOW,STATSNZ:CEN23_ECI_005(1.0),"Birthplace, years since arrival in New Zealand, age, and gender for the overseas-born census usually resident population count, (RC, TALB, Health), 2013, 2018, and 2023 Censuses",I,2023,2023,9999,Total - New Zealand by regional council,B0702,Malaysia,07,10-19 years,99,Total - age,99,Total - gender,5136,,,
DATAFLOW,STATSNZ:CEN23_ECI_005(1.0),"Birthplace, years since arrival in New Zealand, age, and gender for the overseas-born census usually resident population count, (RC, TALB, Health), 2013, 2018, and 2023 Censuses",I,2023,2023,9999,Total - New Zealand by regional council,B0904,Afghanistan,07,10-19 years,99,Total - age,99,Total - gender,1350,,,
DATAFLOW,STATSNZ:CEN23_ECI_005(1.0),"Birthplace, years since arrival in New Zealand, age, and gender for the overseas-born census usually resident population count, (RC, TALB, Health), 2013, 2018, and 2023 Censuses",I,2023,2023,9999,Total - New Zealand by regional council,B0504,Poland,03,2 years,99,Total - age,99,Total - gender,33,,,
DATAFLOW,STATSNZ:CEN23_ECI_005(1.0),"Birthplace, years since arrival in New Zealand, age, and gender for the overseas-born census usually resident population count, (RC, TALB, Health), 2013, 2018, and 2023 Censuses",I,2023,2023,9999,Total - New Zealand by regional council,B1104,Zambia,05,4 years,99,Total - age,99,Total - gender,24,,,
DATAFLOW,STATSNZ:CEN23_ECI_005(1.0),"Birthplace, years since arrival in New Zealand, age, and gender for the overseas-born census usually resident population count, (RC, TALB, Health), 2013, 2018, and 2023 Censuses",I,2023,2023,9999,Total - New Zealand by regional council,B0411,Sweden,Mean,Average - years since arrival in New Zealand,99,Total - age,99,Total - gender,17.2,,,
DATAFLOW,STATSNZ:CEN23_ECI_005(1.0),"Birthplace, years since arrival in New Zealand, age, and gender for the overseas-born census usually resident population count, (RC, TALB, Health), 2013, 2018, and 2023 Censuses",I,2023,2023,9999,Total - New Zealand by regional council,B0203,Tonga,09,Not elsewhere included,99,Total - age,99,Total - gender,1221,,,
DATAFLOW,STATSNZ:CEN23_ECI_005(1.0),"Birthplace, years since arrival in New Zealand, age, and gender for the overseas-born census usually resident population count, (RC, TALB, Health), 2013, 2018, and 2023 Censuses",I,2023,2023,9999,Total - New Zealand by regional council,B02,Pacific Islands,05,4 years,99,Total - age,99,Total - gender,5817,,,
DATAFLOW,STATSNZ:CEN23_ECI_005(1.0),"Birthplace, years since arrival in New Zealand, age, and gender for the overseas-born census usually resident population count, (RC, TALB, Health), 2013, 2018, and 2023 Censuses",I,2023,2023,9999,Total - New Zealand by regional council,B03,Other Oceania and Antarctica,777,Total stated - years since arrival in New Zealand,99,Total - age,99,Total - gender,3,,,
DATAFLOW,STATSNZ:CEN23_ECI_005(1.0),"Birthplace, years since arrival in New Zealand, age, and gender for the overseas-born census usually resident population count, (RC, TALB, Health), 2013, 2018, and 2023 Censuses",I,2023,2023,9999,Total - New Zealand by regional council,B0605,United Arab Emirates,02,1 year,99,Total - age,99,Total - gender,174,,,
DATAFLOW,STATSNZ:CEN23_ECI_005(1.0),"Birthplace, years since arrival in New Zealand, age, and gender for the overseas-born census usually resident population count, (RC, TALB, Health), 2013, 2018, and 2023 Censuses",I,2023,2023,9999,Total - New Zealand by regional council,B1003,Brazil,08,20 years or more,99,Total - age,99,Total - gender,438,,,
DATAFLOW,STATSNZ:CEN23_ECI_005(1.0),"Birthplace, years since arrival in New Zealand, age, and gender for the overseas-born census usually resident population count, (RC, TALB, Health), 2013, 2018, and 2023 Censuses",I,2023,2023,9999,Total - New Zealand by regional council,B0208,Tuvalu,999,Total - years since arrival in New Zealand,99,Total - age,99,Total - gender,2247,,,
DATAFLOW,STATSNZ:CEN23_ECI_005(1.0),"Birthplace, years since arrival in New Zealand, age, and gender for the overseas-born census usually resident population count, (RC, TALB, Health), 2013, 2018, and 2023 Censuses",I,2023,2023,9999,Total - New Zealand by regional council,B0413,Austria,Mean,Average - years since arrival in New Zealand,99,Total - age,99,Total - gender,27,,,
DATAFLOW,STATSNZ:CEN23_ECI_005(1.0),"Birthplace, years since arrival in New Zealand, age, and gender for the overseas-born census usually resident population count, (RC, TALB, Health), 2013, 2018, and 2023 Censuses",I,2023,2023,9999,Total - New Zealand by regional council,B0212,Other,777,Total stated - years since arrival in New Zealand,99,Total - age,99,Total - gender,2394,,,
DATAFLOW,STATSNZ:CEN23_ECI_005(1.0),"Birthplace, years since arrival in New Zealand, age, and gender for the overseas-born census usually resident population count, (RC, TALB, Health), 2013, 2018, and 2023 Censuses",I,2023,2023,9999,Total - New Zealand by regional council,B0702,Malaysia,03,2 years,99,Total - age,99,Total - gender,165,,,
DATAFLOW,STATSNZ:CEN23_ECI_005(1.0),"Birthplace, years since arrival in New Zealand, age, and gender for the overseas-born census usually resident population count, (RC, TALB, Health), 2013, 2018, and 2023 Censuses",I,2023,2023,9999,Total - New Zealand by regional council,B0401,England,Mean,Average - years since arrival in New Zealand,99,Total - age,99,Total - gender,30.7,,,
DATAFLOW,STATSNZ:CEN23_ECI_005(1.0),"Birthplace, years since arrival in New Zealand, age, and gender for the overseas-born census usually resident population count, (RC, TALB, Health), 2013, 2018, and 2023 Censuses",I,2023,2023,9999,Total - New Zealand by regional council,B0403,Germany,999,Total - years since arrival in New Zealand,99,Total - age,99,Total - gender,16263,,,
DATAFLOW,STATSNZ:CEN23_ECI_005(1.0),"Birthplace, years since arrival in New Zealand, age, and gender for the overseas-born census usually resident population count, (RC, TALB, Health), 2013, 2018, and 2023 Censuses",I,2023,2023,9999,Total - New Zealand by regional council,B0203,Tonga,999,Total - years since arrival in New Zealand,99,Total - age,99,Total - gender,29328,,,
DATAFLOW,STATSNZ:CEN23_ECI_005(1.0),"Birthplace, years since arrival in New Zealand, age, and gender for the overseas-born census usually resident population count, (RC, TALB, Health), 2013, 2018, and 2023 Censuses",I,2023,2023,9999,Total - New Zealand by regional council,B0202,Samoa,02,1 year,99,Total - age,99,Total - gender,1023,,,
DATAFLOW,STATSNZ:CEN23_ECI_005(1.0),"Birthplace, years since arrival in New Zealand, age, and gender for the overseas-born census usually resident population count, (RC, TALB, Health), 2013, 2018, and 2023 Censuses",I,2023,2023,9999,Total - New Zealand by regional council,B1101,South Africa,Mean,Average - years since arrival in New Zealand,99,Total - age,99,Total - gender,13,,,
DATAFLOW,STATSNZ:CEN23_ECI_005(1.0),"Birthplace, years since arrival in New Zealand, age, and gender for the overseas-born census usually resident population count, (RC, TALB, Health), 2013, 2018, and 2023 Censuses",I,2023,2023,9999,Total - New Zealand by regional council,B0605,United Arab Emirates,06,5-9 years,99,Total - age,99,Total - gender,723,,,
DATAFLOW,STATSNZ:CEN23_ECI_005(1.0),"Birthplace, years since arrival in New Zealand, age, and gender for the overseas-born census usually resident population count, (RC, TALB, Health), 2013, 2018, and 2023 Censuses",I,2023,2023,9999,Total - New Zealand by regional council,B0502,Italy,04,3 years,99,Total - age,99,Total - gender,264,,,
DATAFLOW,STATSNZ:CEN23_ECI_005(1.0),"Birthplace, years since arrival in New Zealand, age, and gender for the overseas-born census usually resident population count, (RC, TALB, Health), 2013, 2018, and 2023 Censuses",I,2023,2023,9999,Total - New Zealand by regional council,B1004,Chile,04,3 years,99,Total - age,99,Total - gender,588,,,
DATAFLOW,STATSNZ:CEN23_ECI_005(1.0),"Birthplace, years since arrival in New Zealand, age, and gender for the overseas-born census usually resident population count, (RC, TALB, Health), 2013, 2018, and 2023 Censuses",I,2023,2023,9999,Total - New Zealand by regional council,B0607,Israel,07,10-19 years,99,Total - age,99,Total - gender,321,,,
DATAFLOW,STATSNZ:CEN23_ECI_005(1.0),"Birthplace, years since arrival in New Zealand, age, and gender for the overseas-born census usually resident population count, (RC, TALB, Health), 2013, 2018, and 2023 Censuses",I,2023,2023,9999,Total - New Zealand by regional council,B0804,Hong Kong (Special Administrative Region),08,20 years or more,99,Total - age,99,Total - gender,7593,,,
DATAFLOW,STATSNZ:CEN23_ECI_005(1.0),"Birthplace, years since arrival in New Zealand, age, and gender for the overseas-born census usually resident population count, (RC, TALB, Health), 2013, 2018, and 2023 Censuses",I,2023,2023,9999,Total - New Zealand by regional council,B0905,Nepal,01,Less than one year,99,Total - age,99,Total - gender,1002,,,
DATAFLOW,STATSNZ:CEN23_ECI_005(1.0),"Birthplace, years since arrival in New Zealand, age, and gender for the overseas-born census usually resident population count, (RC, TALB, Health), 2013, 2018, and 2023 Censuses",I,2023,2023,9999,Total - New Zealand by regional council,B0508,Spain,09,Not elsewhere included,99,Total - age,99,Total - gender,15,,,
DATAFLOW,STATSNZ:CEN23_ECI_005(1.0),"Birthplace, years since arrival in New Zealand, age, and gender for the overseas-born census usually resident population count, (RC, TALB, Health), 2013, 2018, and 2023 Censuses",I,2023,2023,9999,Total - New Zealand by regional council,B0606,Syria,Mean,Average - years since arrival in New Zealand,99,Total - age,99,Total - gender,7.9,,,
DATAFLOW,STATSNZ:CEN23_ECI_005(1.0),"Birthplace, years since arrival in New Zealand, age, and gender for the overseas-born census usually resident population count, (RC, TALB, Health), 2013, 2018, and 2023 Censuses",I,2023,2023,9999,Total - New Zealand by regional council,B0907,Other,999,Total - years since arrival in New Zealand,99,Total - age,99,Total - gender,2487,,,
DATAFLOW,STATSNZ:CEN23_ECI_005(1.0),"Birthplace, years since arrival in New Zealand, age, and gender for the overseas-born census usually resident population count, (RC, TALB, Health), 2013, 2018, and 2023 Censuses",I,2023,2023,9999,Total - New Zealand by regional council,B03,Other Oceania and Antarctica,08,20 years or more,99,Total - age,99,Total - gender,0,,,
DATAFLOW,STATSNZ:CEN23_ECI_005(1.0),"Birthplace, years since arrival in New Zealand, age, and gender for the overseas-born census usually resident population count, (RC, TALB, Health), 2013, 2018, and 2023 Censuses",I,2023,2023,9999,Total - New Zealand by regional council,B0709,Other,04,3 years,99,Total - age,99,Total - gender,57,,,
DATAFLOW,STATSNZ:CEN23_ECI_005(1.0),"Birthplace, years since arrival in New Zealand, age, and gender for the overseas-born census usually resident population count, (RC, TALB, Health), 2013, 2018, and 2023 Censuses",I,2023,2023,9999,Total - New Zealand by regional council,B11,Sub-Saharan Africa,999,Total - years since arrival in New Zealand,99,Total - age,99,Total - gender,117708,,,
DATAFLOW,STATSNZ:CEN23_ECI_005(1.0),"Birthplace, years since arrival in New Zealand, age, and gender for the overseas-born census usually resident population count, (RC, TALB, Health), 2013, 2018, and 2023 Censuses",I,2023,2023,9999,Total - New Zealand by regional council,B0407,France,04,3 years,99,Total - age,99,Total - gender,681,,,
DATAFLOW,STATSNZ:CEN23_ECI_005(1.0),"Birthplace, years since arrival in New Zealand, age, and gender for the overseas-born census usually resident population count, (RC, TALB, Health), 2013, 2018, and 2023 Censuses",I,2023,2023,9999,Total - New Zealand by regional council,B0509,Hungary,07,10-19 years,99,Total - age,99,Total - gender,540,,,
DATAFLOW,STATSNZ:CEN23_ECI_005(1.0),"Birthplace, years since arrival in New Zealand, age, and gender for the overseas-born census usually resident population count, (RC, TALB, Health), 2013, 2018, and 2023 Censuses",I,2023,2023,9999,Total - New Zealand by regional council,B0803,Japan,01,Less than one year,99,Total - age,99,Total - gender,1725,,,
DATAFLOW,STATSNZ:CEN23_ECI_005(1.0),"Birthplace, years since arrival in New Zealand, age, and gender for the overseas-born census usually resident population count, (RC, TALB, Health), 2013, 2018, and 2023 Censuses",I,2023,2023,9999,Total - New Zealand by regional council,B0403,Germany,09,Not elsewhere included,99,Total - age,99,Total - gender,210,,,
DATAFLOW,STATSNZ:CEN23_ECI_005(1.0),"Birthplace, years since arrival in New Zealand, age, and gender for the overseas-born census usually resident population count, (RC, TALB, Health), 2013, 2018, and 2023 Censuses",I,2023,2023,9999,Total - New Zealand by regional council,B0806,Other,08,20 years or more,99,Total - age,99,Total - gender,189,,,
DATAFLOW,STATSNZ:CEN23_ECI_005(1.0),"Birthplace, years since arrival in New Zealand, age, and gender for the overseas-born census usually resident population count, (RC, TALB, Health), 2013, 2018, and 2023 Censuses",I,2023,2023,9999,Total - New Zealand by regional council,B0404,Netherlands,02,1 year,99,Total - age,99,Total - gender,138,,,
DATAFLOW,STATSNZ:CEN23_ECI_005(1.0),"Birthplace, years since arrival in New Zealand, age, and gender for the overseas-born census usually resident population count, (RC, TALB, Health), 2013, 2018, and 2023 Censuses",I,2023,2023,9999,Total - New Zealand by regional council,C,Not elsewhere included,05,4 years,99,Total - age,99,Total - gender,0,,,
DATAFLOW,STATSNZ:CEN23_ECI_005(1.0),"Birthplace, years since arrival in New Zealand, age, and gender for the overseas-born census usually resident population count, (RC, TALB, Health), 2013, 2018, and 2023 Censuses",I,2023,2023,9999,Total - New Zealand by regional council,B12,At sea,01,Less than one year,99,Total - age,99,Total - gender,0,,,
DATAFLOW,STATSNZ:CEN23_ECI_005(1.0),"Birthplace, years since arrival in New Zealand, age, and gender for the overseas-born census usually resident population count, (RC, TALB, Health), 2013, 2018, and 2023 Censuses",I,2023,2023,9999,Total - New Zealand by regional council,B1101,South Africa,999,Total - years since arrival in New Zealand,99,Total - age,99,Total - gender,95577,,,
DATAFLOW,STATSNZ:CEN23_ECI_005(1.0),"Birthplace, years since arrival in New Zealand, age, and gender for the overseas-born census usually resident population count, (RC, TALB, Health), 2013, 2018, and 2023 Censuses",I,2023,2023,9999,Total - New Zealand by regional council,B0806,Other,06,5-9 years,99,Total - age,99,Total - gender,90,,,
DATAFLOW,STATSNZ:CEN23_ECI_005(1.0),"Birthplace, years since arrival in New Zealand, age, and gender for the overseas-born census usually resident population count, (RC, TALB, Health), 2013, 2018, and 2023 Censuses",I,2023,2023,9999,Total - New Zealand by regional council,B0602,Iran,04,3 years,99,Total - age,99,Total - gender,300,,,
DATAFLOW,STATSNZ:CEN23_ECI_005(1.0),"Birthplace, years since arrival in New Zealand, age, and gender for the overseas-born census usually resident population count, (RC, TALB, Health), 2013, 2018, and 2023 Censuses",I,2023,2023,9999,Total - New Zealand by regional council,B0404,Netherlands,04,3 years,99,Total - age,99,Total - gender,276,,,
DATAFLOW,STATSNZ:CEN23_ECI_005(1.0),"Birthplace, years since arrival in New Zealand, age, and gender for the overseas-born census usually resident population count, (RC, TALB, Health), 2013, 2018, and 2023 Censuses",I,2023,2023,9999,Total - New Zealand by regional council,B0401,England,04,3 years,99,Total - age,99,Total - gender,3903,,,
DATAFLOW,STATSNZ:CEN23_ECI_005(1.0),"Birthplace, years since arrival in New Zealand, age, and gender for the overseas-born census usually resident population count, (RC, TALB, Health), 2013, 2018, and 2023 Censuses",I,2023,2023,9999,Total - New Zealand by regional council,B0802,"Korea, Republic of",02,1 year,99,Total - age,99,Total - gender,189,,,
DATAFLOW,STATSNZ:CEN23_ECI_005(1.0),"Birthplace, years since arrival in New Zealand, age, and gender for the overseas-born census usually resident population count, (RC, TALB, Health), 2013, 2018, and 2023 Censuses",I,2023,2023,9999,Total - New Zealand by regional council,B0704,Viet Nam,999,Total - years since arrival in New Zealand,99,Total - age,99,Total - gender,11964,,,
DATAFLOW,STATSNZ:CEN23_ECI_005(1.0),"Birthplace, years since arrival in New Zealand, age, and gender for the overseas-born census usually resident population count, (RC, TALB, Health), 2013, 2018, and 2023 Censuses",I,2023,2023,9999,Total - New Zealand by regional council,B0709,Other,999,Total - years since arrival in New Zealand,99,Total - age,99,Total - gender,1512,,,
DATAFLOW,STATSNZ:CEN23_ECI_005(1.0),"Birthplace, years since arrival in New Zealand, age, and gender for the overseas-born census usually resident population count, (RC, TALB, Health), 2013, 2018, and 2023 Censuses",I,2023,2023,9999,Total - New Zealand by regional council,B0907,Other,03,2 years,99,Total - age,99,Total - gender,21,,,
DATAFLOW,STATSNZ:CEN23_ECI_005(1.0),"Birthplace, years since arrival in New Zealand, age, and gender for the overseas-born census usually resident population count, (RC, TALB, Health), 2013, 2018, and 2023 Censuses",I,2023,2023,9999,Total - New Zealand by regional council,B0709,Other,07,10-19 years,99,Total - age,99,Total - gender,174,,,
DATAFLOW,STATSNZ:CEN23_ECI_005(1.0),"Birthplace, years since arrival in New Zealand, age, and gender for the overseas-born census usually resident population count, (RC, TALB, Health), 2013, 2018, and 2023 Censuses",I,2023,2023,9999,Total - New Zealand by regional council,B0413,Austria,09,Not elsewhere included,99,Total - age,99,Total - gender,24,,,
DATAFLOW,STATSNZ:CEN23_ECI_005(1.0),"Birthplace, years since arrival in New Zealand, age, and gender for the overseas-born census usually resident population count, (RC, TALB, Health), 2013, 2018, and 2023 Censuses",I,2023,2023,9999,Total - New Zealand by regional council,B0607,Israel,02,1 year,99,Total - age,99,Total - gender,33,,,
DATAFLOW,STATSNZ:CEN23_ECI_005(1.0),"Birthplace, years since arrival in New Zealand, age, and gender for the overseas-born census usually resident population count, (RC, TALB, Health), 2013, 2018, and 2023 Censuses",I,2023,2023,9999,Total - New Zealand by regional council,B0502,Italy,03,2 years,99,Total - age,99,Total - gender,75,,,
DATAFLOW,STATSNZ:CEN23_ECI_005(1.0),"Birthplace, years since arrival in New Zealand, age, and gender for the overseas-born census usually resident population count, (RC, TALB, Health), 2013, 2018, and 2023 Censuses",I,2023,2023,9999,Total - New Zealand by regional council,B01,Australia,07,10-19 years,99,Total - age,99,Total - gender,16332,,,
DATAFLOW,STATSNZ:CEN23_ECI_005(1.0),"Birthplace, years since arrival in New Zealand, age, and gender for the overseas-born census usually resident population count, (RC, TALB, Health), 2013, 2018, and 2023 Censuses",I,2023,2023,9999,Total - New Zealand by regional council,B0903,Pakistan,777,Total stated - years since arrival in New Zealand,99,Total - age,99,Total - gender,6663,,,
DATAFLOW,STATSNZ:CEN23_ECI_005(1.0),"Birthplace, years since arrival in New Zealand, age, and gender for the overseas-born census usually resident population count, (RC, TALB, Health), 2013, 2018, and 2023 Censuses",I,2023,2023,9999,Total - New Zealand by regional council,B0509,Hungary,03,2 years,99,Total - age,99,Total - gender,15,,,
DATAFLOW,STATSNZ:CEN23_ECI_005(1.0),"Birthplace, years since arrival in New Zealand, age, and gender for the overseas-born census usually resident population count, (RC, TALB, Health), 2013, 2018, and 2023 Censuses",I,2023,2023,9999,Total - New Zealand by regional council,B0511,Greece,04,3 years,99,Total - age,99,Total - gender,27,,,
DATAFLOW,STATSNZ:CEN23_ECI_005(1.0),"Birthplace, years since arrival in New Zealand, age, and gender for the overseas-born census usually resident population count, (RC, TALB, Health), 2013, 2018, and 2023 Censuses",I,2023,2023,9999,Total - New Zealand by regional council,B0410,Switzerland,777,Total stated - years since arrival in New Zealand,99,Total - age,99,Total - gender,3267,,,
DATAFLOW,STATSNZ:CEN23_ECI_005(1.0),"Birthplace, years since arrival in New Zealand, age, and gender for the overseas-born census usually resident population count, (RC, TALB, Health), 2013, 2018, and 2023 Censuses",I,2023,2023,9999,Total - New Zealand by regional council,777777,Total stated - birthplace,04,3 years,99,Total - age,99,Total - gender,77301,,,
DATAFLOW,STATSNZ:CEN23_ECI_005(1.0),"Birthplace, years since arrival in New Zealand, age, and gender for the overseas-born census usually resident population count, (RC, TALB, Health), 2013, 2018, and 2023 Censuses",I,2023,2023,9999,Total - New Zealand by regional council,B0201,Fiji,06,5-9 years,99,Total - age,99,Total - gender,9480,,,
DATAFLOW,STATSNZ:CEN23_ECI_005(1.0),"Birthplace, years since arrival in New Zealand, age, and gender for the overseas-born census usually resident population count, (RC, TALB, Health), 2013, 2018, and 2023 Censuses",I,2023,2023,9999,Total - New Zealand by regional council,B1005,Argentina,777,Total stated - years since arrival in New Zealand,99,Total - age,99,Total - gender,5340,,,
DATAFLOW,STATSNZ:CEN23_ECI_005(1.0),"Birthplace, years since arrival in New Zealand, age, and gender for the overseas-born census usually resident population count, (RC, TALB, Health), 2013, 2018, and 2023 Censuses",I,2023,2023,9999,Total - New Zealand by regional council,C,Not elsewhere included,02,1 year,99,Total - age,99,Total - gender,0,,,
DATAFLOW,STATSNZ:CEN23_ECI_005(1.0),"Birthplace, years since arrival in New Zealand, age, and gender for the overseas-born census usually resident population count, (RC, TALB, Health), 2013, 2018, and 2023 Censuses",I,2023,2023,9999,Total - New Zealand by regional council,B10,The Americas,01,Less than one year,99,Total - age,99,Total - gender,9495,,,
DATAFLOW,STATSNZ:CEN23_ECI_005(1.0),"Birthplace, years since arrival in New Zealand, age, and gender for the overseas-born census usually resident population count, (RC, TALB, Health), 2013, 2018, and 2023 Censuses",I,2023,2023,9999,Total - New Zealand by regional council,B1107,Other Sub-Saharan Africa,09,Not elsewhere included,99,Total - age,99,Total - gender,42,,,
DATAFLOW,STATSNZ:CEN23_ECI_005(1.0),"Birthplace, years since arrival in New Zealand, age, and gender for the overseas-born census usually resident population count, (RC, TALB, Health), 2013, 2018, and 2023 Censuses",I,2023,2023,9999,Total - New Zealand by regional council,B0601,Iraq,06,5-9 years,99,Total - age,99,Total - gender,669,,,
DATAFLOW,STATSNZ:CEN23_ECI_005(1.0),"Birthplace, years since arrival in New Zealand, age, and gender for the overseas-born census usually resident population count, (RC, TALB, Health), 2013, 2018, and 2023 Censuses",I,2023,2023,9999,Total - New Zealand by regional council,B1105,Ethiopia,09,Not elsewhere included,99,Total - age,99,Total - gender,18,,,
DATAFLOW,STATSNZ:CEN23_ECI_005(1.0),"Birthplace, years since arrival in New Zealand, age, and gender for the overseas-born census usually resident population count, (RC, TALB, Health), 2013, 2018, and 2023 Censuses",I,2023,2023,9999,Total - New Zealand by regional council,B0211,Solomon Islands,04,3 years,99,Total - age,99,Total - gender,33,,,
DATAFLOW,STATSNZ:CEN23_ECI_005(1.0),"Birthplace, years since arrival in New Zealand, age, and gender for the overseas-born census usually resident population count, (RC, TALB, Health), 2013, 2018, and 2023 Censuses",I,2023,2023,9999,Total - New Zealand by regional council,B0801,"China, People's Republic of",07,10-19 years,99,Total - age,99,Total - gender,37728,,,
DATAFLOW,STATSNZ:CEN23_ECI_005(1.0),"Birthplace, years since arrival in New Zealand, age, and gender for the overseas-born census usually resident population count, (RC, TALB, Health), 2013, 2018, and 2023 Censuses",I,2023,2023,9999,Total - New Zealand by regional council,B0201,Fiji,09,Not elsewhere included,99,Total - age,99,Total - gender,477,,,
DATAFLOW,STATSNZ:CEN23_ECI_005(1.0),"Birthplace, years since arrival in New Zealand, age, and gender for the overseas-born census usually resident population count, (RC, TALB, Health), 2013, 2018, and 2023 Censuses",I,2023,2023,9999,Total - New Zealand by regional council,B0510,Serbia,04,3 years,99,Total - age,99,Total - gender,66,,,
DATAFLOW,STATSNZ:CEN23_ECI_005(1.0),"Birthplace, years since arrival in New Zealand, age, and gender for the overseas-born census usually resident population count, (RC, TALB, Health), 2013, 2018, and 2023 Censuses",I,2023,2023,9999,Total - New Zealand by regional council,B12,At sea,999,Total - years since arrival in New Zealand,99,Total - age,99,Total - gender,3,,,
DATAFLOW,STATSNZ:CEN23_ECI_005(1.0),"Birthplace, years since arrival in New Zealand, age, and gender for the overseas-born census usually resident population count, (RC, TALB, Health), 2013, 2018, and 2023 Censuses",I,2023,2023,9999,Total - New Zealand by regional council,B0411,Sweden,03,2 years,99,Total - age,99,Total - gender,27,,,
DATAFLOW,STATSNZ:CEN23_ECI_005(1.0),"Birthplace, years since arrival in New Zealand, age, and gender for the overseas-born census usually resident population count, (RC, TALB, Health), 2013, 2018, and 2023 Censuses",I,2023,2023,9999,Total - New Zealand by regional council,B0803,Japan,03,2 years,99,Total - age,99,Total - gender,144,,,
DATAFLOW,STATSNZ:CEN23_ECI_005(1.0),"Birthplace, years since arrival in New Zealand, age, and gender for the overseas-born census usually resident population count, (RC, TALB, Health), 2013, 2018, and 2023 Censuses",I,2023,2023,9999,Total - New Zealand by regional council,B01,Australia,02,1 year,99,Total - age,99,Total - gender,2940,,,
DATAFLOW,STATSNZ:CEN23_ECI_005(1.0),"Birthplace, years since arrival in New Zealand, age, and gender for the overseas-born census usually resident population count, (RC, TALB, Health), 2013, 2018, and 2023 Censuses",I,2023,2023,9999,Total - New Zealand by regional council,B0803,Japan,02,1 year,99,Total - age,99,Total - gender,207,,,
DATAFLOW,STATSNZ:CEN23_ECI_005(1.0),"Birthplace, years since arrival in New Zealand, age, and gender for the overseas-born census usually resident population count, (RC, TALB, Health), 2013, 2018, and 2023 Censuses",I,2023,2023,9999,Total - New Zealand by regional council,B0208,Tuvalu,09,Not elsewhere included,99,Total - age,99,Total - gender,78,,,
DATAFLOW,STATSNZ:CEN23_ECI_005(1.0),"Birthplace, years since arrival in New Zealand, age, and gender for the overseas-born census usually resident population count, (RC, TALB, Health), 2013, 2018, and 2023 Censuses",I,2023,2023,9999,Total - New Zealand by regional council,B0207,Kiribati,09,Not elsewhere included,99,Total - age,99,Total - gender,45,,,
DATAFLOW,STATSNZ:CEN23_ECI_005(1.0),"Birthplace, years since arrival in New Zealand, age, and gender for the overseas-born census usually resident population count, (RC, TALB, Health), 2013, 2018, and 2023 Censuses",I,2023,2023,9999,Total - New Zealand by regional council,B1004,Chile,03,2 years,99,Total - age,99,Total - gender,69,,,
DATAFLOW,STATSNZ:CEN23_ECI_005(1.0),"Birthplace, years since arrival in New Zealand, age, and gender for the overseas-born census usually resident population count, (RC, TALB, Health), 2013, 2018, and 2023 Censuses",I,2023,2023,9999,Total - New Zealand by regional council,B0905,Nepal,Mean,Average - years since arrival in New Zealand,99,Total - age,99,Total - gender,7.2,,,
DATAFLOW,STATSNZ:CEN23_ECI_005(1.0),"Birthplace, years since arrival in New Zealand, age, and gender for the overseas-born census usually resident population count, (RC, TALB, Health), 2013, 2018, and 2023 Censuses",I,2023,2023,9999,Total - New Zealand by regional council,B0401,England,999,Total - years since arrival in New Zealand,99,Total - age,99,Total - gender,208428,,,
DATAFLOW,STATSNZ:CEN23_ECI_005(1.0),"Birthplace, years since arrival in New Zealand, age, and gender for the overseas-born census usually resident population count, (RC, TALB, Health), 2013, 2018, and 2023 Censuses",I,2023,2023,9999,Total - New Zealand by regional council,B0802,"Korea, Republic of",05,4 years,99,Total - age,99,Total - gender,1104,,,
DATAFLOW,STATSNZ:CEN23_ECI_005(1.0),"Birthplace, years since arrival in New Zealand, age, and gender for the overseas-born census usually resident population count, (RC, TALB, Health), 2013, 2018, and 2023 Censuses",I,2023,2023,9999,Total - New Zealand by regional council,B0411,Sweden,06,5-9 years,99,Total - age,99,Total - gender,330,,,
DATAFLOW,STATSNZ:CEN23_ECI_005(1.0),"Birthplace, years since arrival in New Zealand, age, and gender for the overseas-born census usually resident population count, (RC, TALB, Health), 2013, 2018, and 2023 Censuses",I,2023,2023,9999,Total - New Zealand by regional council,B05,Southern and Eastern Europe,03,2 years,99,Total - age,99,Total - gender,381,,,
DATAFLOW,STATSNZ:CEN23_ECI_005(1.0),"Birthplace, years since arrival in New Zealand, age, and gender for the overseas-born census usually resident population count, (RC, TALB, Health), 2013, 2018, and 2023 Censuses",I,2023,2023,9999,Total - New Zealand by regional council,B0703,Thailand,Mean,Average - years since arrival in New Zealand,99,Total - age,99,Total - gender,14.5,,,
DATAFLOW,STATSNZ:CEN23_ECI_005(1.0),"Birthplace, years since arrival in New Zealand, age, and gender for the overseas-born census usually resident population count, (RC, TALB, Health), 2013, 2018, and 2023 Censuses",I,2023,2023,9999,Total - New Zealand by regional council,B1104,Zambia,999,Total - years since arrival in New Zealand,99,Total - age,99,Total - gender,1557,,,
DATAFLOW,STATSNZ:CEN23_ECI_005(1.0),"Birthplace, years since arrival in New Zealand, age, and gender for the overseas-born census usually resident population count, (RC, TALB, Health), 2013, 2018, and 2023 Censuses",I,2023,2023,9999,Total - New Zealand by regional council,B0210,Tokelau,999,Total - years since arrival in New Zealand,99,Total - age,99,Total - gender,1347,,,
DATAFLOW,STATSNZ:CEN23_ECI_005(1.0),"Birthplace, years since arrival in New Zealand, age, and gender for the overseas-born census usually resident population count, (RC, TALB, Health), 2013, 2018, and 2023 Censuses",I,2023,2023,9999,Total - New Zealand by regional council,B0208,Tuvalu,777,Total stated - years since arrival in New Zealand,99,Total - age,99,Total - gender,2169,,,
DATAFLOW,STATSNZ:CEN23_ECI_005(1.0),"Birthplace, years since arrival in New Zealand, age, and gender for the overseas-born census usually resident population count, (RC, TALB, Health), 2013, 2018, and 2023 Censuses",I,2023,2023,9999,Total - New Zealand by regional council,B0605,United Arab Emirates,08,20 years or more,99,Total - age,99,Total - gender,339,,,
DATAFLOW,STATSNZ:CEN23_ECI_005(1.0),"Birthplace, years since arrival in New Zealand, age, and gender for the overseas-born census usually resident population count, (RC, TALB, Health), 2013, 2018, and 2023 Censuses",I,2023,2023,9999,Total - New Zealand by regional council,B0709,Other,03,2 years,99,Total - age,99,Total - gender,12,,,
DATAFLOW,STATSNZ:CEN23_ECI_005(1.0),"Birthplace, years since arrival in New Zealand, age, and gender for the overseas-born census usually resident population count, (RC, TALB, Health), 2013, 2018, and 2023 Censuses",I,2023,2023,9999,Total - New Zealand by regional council,B0410,Switzerland,02,1 year,99,Total - age,99,Total - gender,48,,,
DATAFLOW,STATSNZ:CEN23_ECI_005(1.0),"Birthplace, years since arrival in New Zealand, age, and gender for the overseas-born census usually resident population count, (RC, TALB, Health), 2013, 2018, and 2023 Censuses",I,2023,2023,9999,Total - New Zealand by regional council,B1001,United States of America,02,1 year,99,Total - age,99,Total - gender,1059,,,
DATAFLOW,STATSNZ:CEN23_ECI_005(1.0),"Birthplace, years since arrival in New Zealand, age, and gender for the overseas-born census usually resident population count, (RC, TALB, Health), 2013, 2018, and 2023 Censuses",I,2023,2023,9999,Total - New Zealand by regional council,B0806,Other,02,1 year,99,Total - age,99,Total - gender,9,,,
DATAFLOW,STATSNZ:CEN23_ECI_005(1.0),"Birthplace, years since arrival in New Zealand, age, and gender for the overseas-born census usually resident population count, (RC, TALB, Health), 2013, 2018, and 2023 Censuses",I,2023,2023,9999,Total - New Zealand by regional council,B0512,Other,03,2 years,99,Total - age,99,Total - gender,84,,,
DATAFLOW,STATSNZ:CEN23_ECI_005(1.0),"Birthplace, years since arrival in New Zealand, age, and gender for the overseas-born census usually resident population count, (RC, TALB, Health), 2013, 2018, and 2023 Censuses",I,2023,2023,9999,Total - New Zealand by regional council,B0901,India,03,2 years,99,Total - age,99,Total - gender,1833,,,
DATAFLOW,STATSNZ:CEN23_ECI_005(1.0),"Birthplace, years since arrival in New Zealand, age, and gender for the overseas-born census usually resident population count, (RC, TALB, Health), 2013, 2018, and 2023 Censuses",I,2023,2023,9999,Total - New Zealand by regional council,999999,Total - birthplace,07,10-19 years,99,Total - age,99,Total - gender,354315,,,
DATAFLOW,STATSNZ:CEN23_ECI_005(1.0),"Birthplace, years since arrival in New Zealand, age, and gender for the overseas-born census usually resident population count, (RC, TALB, Health), 2013, 2018, and 2023 Censuses",I,2023,2023,9999,Total - New Zealand by regional council,B0702,Malaysia,01,Less than one year,99,Total - age,99,Total - gender,2118,,,
DATAFLOW,STATSNZ:CEN23_ECI_005(1.0),"Birthplace, years since arrival in New Zealand, age, and gender for the overseas-born census usually resident population count, (RC, TALB, Health), 2013, 2018, and 2023 Censuses",I,2023,2023,9999,Total - New Zealand by regional council,B1103,Kenya,999,Total - years since arrival in New Zealand,99,Total - age,99,Total - gender,1962,,,
DATAFLOW,STATSNZ:CEN23_ECI_005(1.0),"Birthplace, years since arrival in New Zealand, age, and gender for the overseas-born census usually resident population count, (RC, TALB, Health), 2013, 2018, and 2023 Censuses",I,2023,2023,9999,Total - New Zealand by regional council,B1005,Argentina,05,4 years,99,Total - age,99,Total - gender,459,,,
DATAFLOW,STATSNZ:CEN23_ECI_005(1.0),"Birthplace, years since arrival in New Zealand, age, and gender for the overseas-born census usually resident population count, (RC, TALB, Health), 2013, 2018, and 2023 Censuses",I,2023,2023,9999,Total - New Zealand by regional council,B1104,Zambia,04,3 years,99,Total - age,99,Total - gender,30,,,
DATAFLOW,STATSNZ:CEN23_ECI_005(1.0),"Birthplace, years since arrival in New Zealand, age, and gender for the overseas-born census usually resident population count, (RC, TALB, Health), 2013, 2018, and 2023 Censuses",I,2023,2023,9999,Total - New Zealand by regional council,777777,Total stated - birthplace,999,Total - years since arrival in New Zealand,99,Total - age,99,Total - gender,1426983,,,
DATAFLOW,STATSNZ:CEN23_ECI_005(1.0),"Birthplace, years since arrival in New Zealand, age, and gender for the overseas-born census usually resident population count, (RC, TALB, Health), 2013, 2018, and 2023 Censuses",I,2023,2023,9999,Total - New Zealand by regional council,B07,South-East Asia,07,10-19 years,99,Total - age,99,Total - gender,42243,,,
DATAFLOW,STATSNZ:CEN23_ECI_005(1.0),"Birthplace, years since arrival in New Zealand, age, and gender for the overseas-born census usually resident population count, (RC, TALB, Health), 2013, 2018, and 2023 Censuses",I,2023,2023,9999,Total - New Zealand by regional council,B04,North-West Europe,09,Not elsewhere included,99,Total - age,99,Total - gender,2256,,,
DATAFLOW,STATSNZ:CEN23_ECI_005(1.0),"Birthplace, years since arrival in New Zealand, age, and gender for the overseas-born census usually resident population count, (RC, TALB, Health), 2013, 2018, and 2023 Censuses",I,2023,2023,9999,Total - New Zealand by regional council,B0509,Hungary,01,Less than one year,99,Total - age,99,Total - gender,138,,,
DATAFLOW,STATSNZ:CEN23_ECI_005(1.0),"Birthplace, years since arrival in New Zealand, age, and gender for the overseas-born census usually resident population count, (RC, TALB, Health), 2013, 2018, and 2023 Censuses",I,2023,2023,9999,Total - New Zealand by regional council,B1104,Zambia,06,5-9 years,99,Total - age,99,Total - gender,96,,,
DATAFLOW,STATSNZ:CEN23_ECI_005(1.0),"Birthplace, years since arrival in New Zealand, age, and gender for the overseas-born census usually resident population count, (RC, TALB, Health), 2013, 2018, and 2023 Censuses",I,2023,2023,9999,Total - New Zealand by regional council,B0708,Myanmar,03,2 years,99,Total - age,99,Total - gender,45,,,
DATAFLOW,STATSNZ:CEN23_ECI_005(1.0),"Birthplace, years since arrival in New Zealand, age, and gender for the overseas-born census usually resident population count, (RC, TALB, Health), 2013, 2018, and 2023 Censuses",I,2023,2023,9999,Total - New Zealand by regional council,B11,Sub-Saharan Africa,01,Less than one year,99,Total - age,99,Total - gender,8241,,,
DATAFLOW,STATSNZ:CEN23_ECI_005(1.0),"Birthplace, years since arrival in New Zealand, age, and gender for the overseas-born census usually resident population count, (RC, TALB, Health), 2013, 2018, and 2023 Censuses",I,2023,2023,9999,Total - New Zealand by regional council,B0506,Ukraine,06,5-9 years,99,Total - age,99,Total - gender,489,,,
DATAFLOW,STATSNZ:CEN23_ECI_005(1.0),"Birthplace, years since arrival in New Zealand, age, and gender for the overseas-born census usually resident population count, (RC, TALB, Health), 2013, 2018, and 2023 Censuses",I,2023,2023,9999,Total - New Zealand by regional council,B0608,Turkey,777,Total stated - years since arrival in New Zealand,99,Total - age,99,Total - gender,1350,,,
DATAFLOW,STATSNZ:CEN23_ECI_005(1.0),"Birthplace, years since arrival in New Zealand, age, and gender for the overseas-born census usually resident population count, (RC, TALB, Health), 2013, 2018, and 2023 Censuses",I,2023,2023,9999,Total - New Zealand by regional council,B0802,"Korea, Republic of",01,Less than one year,99,Total - age,99,Total - gender,1812,,,
DATAFLOW,STATSNZ:CEN23_ECI_005(1.0),"Birthplace, years since arrival in New Zealand, age, and gender for the overseas-born census usually resident population count, (RC, TALB, Health), 2013, 2018, and 2023 Censuses",I,2023,2023,9999,Total - New Zealand by regional council,B0902,Sri Lanka,06,5-9 years,99,Total - age,99,Total - gender,5001,,,
DATAFLOW,STATSNZ:CEN23_ECI_005(1.0),"Birthplace, years since arrival in New Zealand, age, and gender for the overseas-born census usually resident population count, (RC, TALB, Health), 2013, 2018, and 2023 Censuses",I,2023,2023,9999,Total - New Zealand by regional council,B0708,Myanmar,08,20 years or more,99,Total - age,99,Total - gender,504,,,
DATAFLOW,STATSNZ:CEN23_ECI_005(1.0),"Birthplace, years since arrival in New Zealand, age, and gender for the overseas-born census usually resident population count, (RC, TALB, Health), 2013, 2018, and 2023 Censuses",I,2023,2023,9999,Total - New Zealand by regional council,B1004,Chile,05,4 years,99,Total - age,99,Total - gender,453,,,
DATAFLOW,STATSNZ:CEN23_ECI_005(1.0),"Birthplace, years since arrival in New Zealand, age, and gender for the overseas-born census usually resident population count, (RC, TALB, Health), 2013, 2018, and 2023 Censuses",I,2023,2023,9999,Total - New Zealand by regional council,B0204,Cook Islands,01,Less than one year,99,Total - age,99,Total - gender,417,,,
DATAFLOW,STATSNZ:CEN23_ECI_005(1.0),"Birthplace, years since arrival in New Zealand, age, and gender for the overseas-born census usually resident population count, (RC, TALB, Health), 2013, 2018, and 2023 Censuses",I,2023,2023,9999,Total - New Zealand by regional council,B0205,Niue,03,2 years,99,Total - age,99,Total - gender,3,,,
DATAFLOW,STATSNZ:CEN23_ECI_005(1.0),"Birthplace, years since arrival in New Zealand, age, and gender for the overseas-born census usually resident population count, (RC, TALB, Health), 2013, 2018, and 2023 Censuses",I,2023,2023,9999,Total - New Zealand by regional council,B07,South-East Asia,01,Less than one year,99,Total - age,99,Total - gender,23418,,,
DATAFLOW,STATSNZ:CEN23_ECI_005(1.0),"Birthplace, years since arrival in New Zealand, age, and gender for the overseas-born census usually resident population count, (RC, TALB, Health), 2013, 2018, and 2023 Censuses",I,2023,2023,9999,Total - New Zealand by regional council,B0511,Greece,999,Total - years since arrival in New Zealand,99,Total - age,99,Total - gender,900,,,
DATAFLOW,STATSNZ:CEN23_ECI_005(1.0),"Birthplace, years since arrival in New Zealand, age, and gender for the overseas-born census usually resident population count, (RC, TALB, Health), 2013, 2018, and 2023 Censuses",I,2023,2023,9999,Total - New Zealand by regional council,B0601,Iraq,999,Total - years since arrival in New Zealand,99,Total - age,99,Total - gender,5493,,,
DATAFLOW,STATSNZ:CEN23_ECI_005(1.0),"Birthplace, years since arrival in New Zealand, age, and gender for the overseas-born census usually resident population count, (RC, TALB, Health), 2013, 2018, and 2023 Censuses",I,2023,2023,9999,Total - New Zealand by regional council,B04,North-West Europe,02,1 year,99,Total - age,99,Total - gender,3444,,,
DATAFLOW,STATSNZ:CEN23_ECI_005(1.0),"Birthplace, years since arrival in New Zealand, age, and gender for the overseas-born census usually resident population count, (RC, TALB, Health), 2013, 2018, and 2023 Censuses",I,2023,2023,9999,Total - New Zealand by regional council,B0802,"Korea, Republic of",999,Total - years since arrival in New Zealand,99,Total - age,99,Total - gender,31689,,,
DATAFLOW,STATSNZ:CEN23_ECI_005(1.0),"Birthplace, years since arrival in New Zealand, age, and gender for the overseas-born census usually resident population count, (RC, TALB, Health), 2013, 2018, and 2023 Censuses",I,2023,2023,9999,Total - New Zealand by regional council,B01,Australia,06,5-9 years,99,Total - age,99,Total - gender,15954,,,
DATAFLOW,STATSNZ:CEN23_ECI_005(1.0),"Birthplace, years since arrival in New Zealand, age, and gender for the overseas-born census usually resident population count, (RC, TALB, Health), 2013, 2018, and 2023 Censuses",I,2023,2023,9999,Total - New Zealand by regional council,B0413,Austria,01,Less than one year,99,Total - age,99,Total - gender,102,,,
DATAFLOW,STATSNZ:CEN23_ECI_005(1.0),"Birthplace, years since arrival in New Zealand, age, and gender for the overseas-born census usually resident population count, (RC, TALB, Health), 2013, 2018, and 2023 Censuses",I,2023,2023,9999,Total - New Zealand by regional council,B0509,Hungary,06,5-9 years,99,Total - age,99,Total - gender,273,,,
DATAFLOW,STATSNZ:CEN23_ECI_005(1.0),"Birthplace, years since arrival in New Zealand, age, and gender for the overseas-born census usually resident population count, (RC, TALB, Health), 2013, 2018, and 2023 Censuses",I,2023,2023,9999,Total - New Zealand by regional council,B0704,Viet Nam,06,5-9 years,99,Total - age,99,Total - gender,2736,,,
DATAFLOW,STATSNZ:CEN23_ECI_005(1.0),"Birthplace, years since arrival in New Zealand, age, and gender for the overseas-born census usually resident population count, (RC, TALB, Health), 2013, 2018, and 2023 Censuses",I,2023,2023,9999,Total - New Zealand by regional council,B0509,Hungary,04,3 years,99,Total - age,99,Total - gender,66,,,
DATAFLOW,STATSNZ:CEN23_ECI_005(1.0),"Birthplace, years since arrival in New Zealand, age, and gender for the overseas-born census usually resident population count, (RC, TALB, Health), 2013, 2018, and 2023 Censuses",I,2023,2023,9999,Total - New Zealand by regional council,B0405,United Kingdom (not further defined),999,Total - years since arrival in New Zealand,99,Total - age,99,Total - gender,8691,,,
DATAFLOW,STATSNZ:CEN23_ECI_005(1.0),"Birthplace, years since arrival in New Zealand, age, and gender for the overseas-born census usually resident population count, (RC, TALB, Health), 2013, 2018, and 2023 Censuses",I,2023,2023,9999,Total - New Zealand by regional council,B0210,Tokelau,01,Less than one year,99,Total - age,99,Total - gender,42,,,
DATAFLOW,STATSNZ:CEN23_ECI_005(1.0),"Birthplace, years since arrival in New Zealand, age, and gender for the overseas-born census usually resident population count, (RC, TALB, Health), 2013, 2018, and 2023 Censuses",I,2023,2023,9999,Total - New Zealand by regional council,B0904,Afghanistan,03,2 years,99,Total - age,99,Total - gender,84,,,
DATAFLOW,STATSNZ:CEN23_ECI_005(1.0),"Birthplace, years since arrival in New Zealand, age, and gender for the overseas-born census usually resident population count, (RC, TALB, Health), 2013, 2018, and 2023 Censuses",I,2023,2023,9999,Total - New Zealand by regional council,B0209,Papua New Guinea,06,5-9 years,99,Total - age,99,Total - gender,168,,,
DATAFLOW,STATSNZ:CEN23_ECI_005(1.0),"Birthplace, years since arrival in New Zealand, age, and gender for the overseas-born census usually resident population count, (RC, TALB, Health), 2013, 2018, and 2023 Censuses",I,2023,2023,9999,Total - New Zealand by regional council,B0205,Niue,02,1 year,99,Total - age,99,Total - gender,30,,,
DATAFLOW,STATSNZ:CEN23_ECI_005(1.0),"Birthplace, years since arrival in New Zealand, age, and gender for the overseas-born census usually resident population count, (RC, TALB, Health), 2013, 2018, and 2023 Censuses",I,2023,2023,9999,Total - New Zealand by regional council,B0608,Turkey,Mean,Average - years since arrival in New Zealand,99,Total - age,99,Total - gender,13,,,
DATAFLOW,STATSNZ:CEN23_ECI_005(1.0),"Birthplace, years since arrival in New Zealand, age, and gender for the overseas-born census usually resident population count, (RC, TALB, Health), 2013, 2018, and 2023 Censuses",I,2023,2023,9999,Total - New Zealand by regional council,B1101,South Africa,09,Not elsewhere included,99,Total - age,99,Total - gender,174,,,
DATAFLOW,STATSNZ:CEN23_ECI_005(1.0),"Birthplace, years since arrival in New Zealand, age, and gender for the overseas-born census usually resident population count, (RC, TALB, Health), 2013, 2018, and 2023 Censuses",I,2023,2023,9999,Total - New Zealand by regional council,B0507,Croatia,01,Less than one year,99,Total - age,99,Total - gender,21,,,
DATAFLOW,STATSNZ:CEN23_ECI_005(1.0),"Birthplace, years since arrival in New Zealand, age, and gender for the overseas-born census usually resident population count, (RC, TALB, Health), 2013, 2018, and 2023 Censuses",I,2023,2023,9999,Total - New Zealand by regional council,B0901,India,Mean,Average - years since arrival in New Zealand,99,Total - age,99,Total - gender,11.1,,,
DATAFLOW,STATSNZ:CEN23_ECI_005(1.0),"Birthplace, years since arrival in New Zealand, age, and gender for the overseas-born census usually resident population count, (RC, TALB, Health), 2013, 2018, and 2023 Censuses",I,2023,2023,9999,Total - New Zealand by regional council,B,Overseas,999,Total - years since arrival in New Zealand,99,Total - age,99,Total - gender,1426983,,,
DATAFLOW,STATSNZ:CEN23_ECI_005(1.0),"Birthplace, years since arrival in New Zealand, age, and gender for the overseas-born census usually resident population count, (RC, TALB, Health), 2013, 2018, and 2023 Censuses",I,2023,2023,9999,Total - New Zealand by regional council,B1004,Chile,777,Total stated - years since arrival in New Zealand,99,Total - age,99,Total - gender,5634,,,
DATAFLOW,STATSNZ:CEN23_ECI_005(1.0),"Birthplace, years since arrival in New Zealand, age, and gender for the overseas-born census usually resident population count, (RC, TALB, Health), 2013, 2018, and 2023 Censuses",I,2023,2023,9999,Total - New Zealand by regional council,B09,Southern and Central Asia,999,Total - years since arrival in New Zealand,99,Total - age,99,Total - gender,187134,,,
DATAFLOW,STATSNZ:CEN23_ECI_005(1.0),"Birthplace, years since arrival in New Zealand, age, and gender for the overseas-born census usually resident population count, (RC, TALB, Health), 2013, 2018, and 2023 Censuses",I,2023,2023,9999,Total - New Zealand by regional council,B0507,Croatia,06,5-9 years,99,Total - age,99,Total - gender,165,,,
DATAFLOW,STATSNZ:CEN23_ECI_005(1.0),"Birthplace, years since arrival in New Zealand, age, and gender for the overseas-born census usually resident population count, (RC, TALB, Health), 2013, 2018, and 2023 Censuses",I,2023,2023,9999,Total - New Zealand by regional council,B0202,Samoa,04,3 years,99,Total - age,99,Total - gender,2514,,,
DATAFLOW,STATSNZ:CEN23_ECI_005(1.0),"Birthplace, years since arrival in New Zealand, age, and gender for the overseas-born census usually resident population count, (RC, TALB, Health), 2013, 2018, and 2023 Censuses",I,2023,2023,9999,Total - New Zealand by regional council,B0801,"China, People's Republic of",01,Less than one year,99,Total - age,99,Total - gender,12864,,,
DATAFLOW,STATSNZ:CEN23_ECI_005(1.0),"Birthplace, years since arrival in New Zealand, age, and gender for the overseas-born census usually resident population count, (RC, TALB, Health), 2013, 2018, and 2023 Censuses",I,2023,2023,9999,Total - New Zealand by regional council,B0701,Philippines,03,2 years,99,Total - age,99,Total - gender,1083,,,
DATAFLOW,STATSNZ:CEN23_ECI_005(1.0),"Birthplace, years since arrival in New Zealand, age, and gender for the overseas-born census usually resident population count, (RC, TALB, Health), 2013, 2018, and 2023 Censuses",I,2023,2023,9999,Total - New Zealand by regional council,B06,North Africa and the Middle East,09,Not elsewhere included,99,Total - age,99,Total - gender,216,,,
DATAFLOW,STATSNZ:CEN23_ECI_005(1.0),"Birthplace, years since arrival in New Zealand, age, and gender for the overseas-born census usually resident population count, (RC, TALB, Health), 2013, 2018, and 2023 Censuses",I,2023,2023,9999,Total - New Zealand by regional council,B0804,Hong Kong (Special Administrative Region),03,2 years,99,Total - age,99,Total - gender,336,,,
DATAFLOW,STATSNZ:CEN23_ECI_005(1.0),"Birthplace, years since arrival in New Zealand, age, and gender for the overseas-born census usually resident population count, (RC, TALB, Health), 2013, 2018, and 2023 Censuses",I,2023,2023,9999,Total - New Zealand by regional council,B0401,England,06,5-9 years,99,Total - age,99,Total - gender,18714,,,
DATAFLOW,STATSNZ:CEN23_ECI_005(1.0),"Birthplace, years since arrival in New Zealand, age, and gender for the overseas-born census usually resident population count, (RC, TALB, Health), 2013, 2018, and 2023 Censuses",I,2023,2023,9999,Total - New Zealand by regional council,B0510,Serbia,07,10-19 years,99,Total - age,99,Total - gender,189,,,
DATAFLOW,STATSNZ:CEN23_ECI_005(1.0),"Birthplace, years since arrival in New Zealand, age, and gender for the overseas-born census usually resident population count, (RC, TALB, Health), 2013, 2018, and 2023 Censuses",I,2023,2023,9999,Total - New Zealand by regional council,B0507,Croatia,Mean,Average - years since arrival in New Zealand,99,Total - age,99,Total - gender,36.3,,,
DATAFLOW,STATSNZ:CEN23_ECI_005(1.0),"Birthplace, years since arrival in New Zealand, age, and gender for the overseas-born census usually resident population count, (RC, TALB, Health), 2013, 2018, and 2023 Censuses",I,2023,2023,9999,Total - New Zealand by regional council,B0904,Afghanistan,01,Less than one year,99,Total - age,99,Total - gender,768,,,
DATAFLOW,STATSNZ:CEN23_ECI_005(1.0),"Birthplace, years since arrival in New Zealand, age, and gender for the overseas-born census usually resident population count, (RC, TALB, Health), 2013, 2018, and 2023 Censuses",I,2023,2023,9999,Total - New Zealand by regional council,B1006,Colombia,777,Total stated - years since arrival in New Zealand,99,Total - age,99,Total - gender,3951,,,
DATAFLOW,STATSNZ:CEN23_ECI_005(1.0),"Birthplace, years since arrival in New Zealand, age, and gender for the overseas-born census usually resident population count, (RC, TALB, Health), 2013, 2018, and 2023 Censuses",I,2023,2023,9999,Total - New Zealand by regional council,B0806,Other,09,Not elsewhere included,99,Total - age,99,Total - gender,0,,,
DATAFLOW,STATSNZ:CEN23_ECI_005(1.0),"Birthplace, years since arrival in New Zealand, age, and gender for the overseas-born census usually resident population count, (RC, TALB, Health), 2013, 2018, and 2023 Censuses",I,2023,2023,9999,Total - New Zealand by regional council,B01,Australia,777,Total stated - years since arrival in New Zealand,99,Total - age,99,Total - gender,85305,,,
DATAFLOW,STATSNZ:CEN23_ECI_005(1.0),"Birthplace, years since arrival in New Zealand, age, and gender for the overseas-born census usually resident population count, (RC, TALB, Health), 2013, 2018, and 2023 Censuses",I,2023,2023,9999,Total - New Zealand by regional council,B0608,Turkey,07,10-19 years,99,Total - age,99,Total - gender,405,,,
DATAFLOW,STATSNZ:CEN23_ECI_005(1.0),"Birthplace, years since arrival in New Zealand, age, and gender for the overseas-born census usually resident population count, (RC, TALB, Health), 2013, 2018, and 2023 Censuses",I,2023,2023,9999,Total - New Zealand by regional council,B04,North-West Europe,999,Total - years since arrival in New Zealand,99,Total - age,99,Total - gender,317868,,,
DATAFLOW,STATSNZ:CEN23_ECI_005(1.0),"Birthplace, years since arrival in New Zealand, age, and gender for the overseas-born census usually resident population count, (RC, TALB, Health), 2013, 2018, and 2023 Censuses",I,2023,2023,9999,Total - New Zealand by regional council,B12,At sea,03,2 years,99,Total - age,99,Total - gender,0,,,
DATAFLOW,STATSNZ:CEN23_ECI_005(1.0),"Birthplace, years since arrival in New Zealand, age, and gender for the overseas-born census usually resident population count, (RC, TALB, Health), 2013, 2018, and 2023 Censuses",I,2023,2023,9999,Total - New Zealand by regional council,B0409,Northern Ireland,05,4 years,99,Total - age,99,Total - gender,66,,,
DATAFLOW,STATSNZ:CEN23_ECI_005(1.0),"Birthplace, years since arrival in New Zealand, age, and gender for the overseas-born census usually resident population count, (RC, TALB, Health), 2013, 2018, and 2023 Censuses",I,2023,2023,9999,Total - New Zealand by regional council,B0506,Ukraine,02,1 year,99,Total - age,99,Total - gender,21,,,
DATAFLOW,STATSNZ:CEN23_ECI_005(1.0),"Birthplace, years since arrival in New Zealand, age, and gender for the overseas-born census usually resident population count, (RC, TALB, Health), 2013, 2018, and 2023 Censuses",I,2023,2023,9999,Total - New Zealand by regional council,B0408,Wales,07,10-19 years,99,Total - age,99,Total - gender,2169,,,
DATAFLOW,STATSNZ:CEN23_ECI_005(1.0),"Birthplace, years since arrival in New Zealand, age, and gender for the overseas-born census usually resident population count, (RC, TALB, Health), 2013, 2018, and 2023 Censuses",I,2023,2023,9999,Total - New Zealand by regional council,B1106,Somalia,Mean,Average - years since arrival in New Zealand,99,Total - age,99,Total - gender,14.3,,,
DATAFLOW,STATSNZ:CEN23_ECI_005(1.0),"Birthplace, years since arrival in New Zealand, age, and gender for the overseas-born census usually resident population count, (RC, TALB, Health), 2013, 2018, and 2023 Censuses",I,2023,2023,9999,Total - New Zealand by regional council,B0510,Serbia,777,Total stated - years since arrival in New Zealand,99,Total - age,99,Total - gender,1425,,,
DATAFLOW,STATSNZ:CEN23_ECI_005(1.0),"Birthplace, years since arrival in New Zealand, age, and gender for the overseas-born census usually resident population count, (RC, TALB, Health), 2013, 2018, and 2023 Censuses",I,2023,2023,9999,Total - New Zealand by regional council,B0211,Solomon Islands,08,20 years or more,99,Total - age,99,Total - gender,330,,,
DATAFLOW,STATSNZ:CEN23_ECI_005(1.0),"Birthplace, years since arrival in New Zealand, age, and gender for the overseas-born census usually resident population count, (RC, TALB, Health), 2013, 2018, and 2023 Censuses",I,2023,2023,9999,Total - New Zealand by regional council,B0506,Ukraine,999,Total - years since arrival in New Zealand,99,Total - age,99,Total - gender,2460,,,
DATAFLOW,STATSNZ:CEN23_ECI_005(1.0),"Birthplace, years since arrival in New Zealand, age, and gender for the overseas-born census usually resident population count, (RC, TALB, Health), 2013, 2018, and 2023 Censuses",I,2023,2023,9999,Total - New Zealand by regional council,B0401,England,02,1 year,99,Total - age,99,Total - gender,1956,,,
DATAFLOW,STATSNZ:CEN23_ECI_005(1.0),"Birthplace, years since arrival in New Zealand, age, and gender for the overseas-born census usually resident population count, (RC, TALB, Health), 2013, 2018, and 2023 Censuses",I,2023,2023,9999,Total - New Zealand by regional council,B0401,England,01,Less than one year,99,Total - age,99,Total - gender,3762,,,
DATAFLOW,STATSNZ:CEN23_ECI_005(1.0),"Birthplace, years since arrival in New Zealand, age, and gender for the overseas-born census usually resident population count, (RC, TALB, Health), 2013, 2018, and 2023 Censuses",I,2023,2023,9999,Total - New Zealand by regional council,B0410,Switzerland,03,2 years,99,Total - age,99,Total - gender,45,,,
DATAFLOW,STATSNZ:CEN23_ECI_005(1.0),"Birthplace, years since arrival in New Zealand, age, and gender for the overseas-born census usually resident population count, (RC, TALB, Health), 2013, 2018, and 2023 Censuses",I,2023,2023,9999,Total - New Zealand by regional council,B10,The Americas,08,20 years or more,99,Total - age,99,Total - gender,17925,,,
DATAFLOW,STATSNZ:CEN23_ECI_005(1.0),"Birthplace, years since arrival in New Zealand, age, and gender for the overseas-born census usually resident population count, (RC, TALB, Health), 2013, 2018, and 2023 Censuses",I,2023,2023,9999,Total - New Zealand by regional council,B1003,Brazil,09,Not elsewhere included,99,Total - age,99,Total - gender,24,,,
DATAFLOW,STATSNZ:CEN23_ECI_005(1.0),"Birthplace, years since arrival in New Zealand, age, and gender for the overseas-born census usually resident population count, (RC, TALB, Health), 2013, 2018, and 2023 Censuses",I,2023,2023,9999,Total - New Zealand by regional council,B0604,Egypt,02,1 year,99,Total - age,99,Total - gender,30,,,
DATAFLOW,STATSNZ:CEN23_ECI_005(1.0),"Birthplace, years since arrival in New Zealand, age, and gender for the overseas-born census usually resident population count, (RC, TALB, Health), 2013, 2018, and 2023 Censuses",I,2023,2023,9999,Total - New Zealand by regional council,B08,North-East Asia,04,3 years,99,Total - age,99,Total - gender,10005,,,
DATAFLOW,STATSNZ:CEN23_ECI_005(1.0),"Birthplace, years since arrival in New Zealand, age, and gender for the overseas-born census usually resident population count, (RC, TALB, Health), 2013, 2018, and 2023 Censuses",I,2023,2023,9999,Total - New Zealand by regional council,B0708,Myanmar,07,10-19 years,99,Total - age,99,Total - gender,1428,,,
DATAFLOW,STATSNZ:CEN23_ECI_005(1.0),"Birthplace, years since arrival in New Zealand, age, and gender for the overseas-born census usually resident population count, (RC, TALB, Health), 2013, 2018, and 2023 Censuses",I,2023,2023,9999,Total - New Zealand by regional council,B0208,Tuvalu,08,20 years or more,99,Total - age,99,Total - gender,825,,,
DATAFLOW,STATSNZ:CEN23_ECI_005(1.0),"Birthplace, years since arrival in New Zealand, age, and gender for the overseas-born census usually resident population count, (RC, TALB, Health), 2013, 2018, and 2023 Censuses",I,2023,2023,9999,Total - New Zealand by regional council,B0504,Poland,07,10-19 years,99,Total - age,99,Total - gender,561,,,
DATAFLOW,STATSNZ:CEN23_ECI_005(1.0),"Birthplace, years since arrival in New Zealand, age, and gender for the overseas-born census usually resident population count, (RC, TALB, Health), 2013, 2018, and 2023 Censuses",I,2023,2023,9999,Total - New Zealand by regional council,B04,North-West Europe,01,Less than one year,99,Total - age,99,Total - gender,10374,,,
DATAFLOW,STATSNZ:CEN23_ECI_005(1.0),"Birthplace, years since arrival in New Zealand, age, and gender for the overseas-born census usually resident population count, (RC, TALB, Health), 2013, 2018, and 2023 Censuses",I,2023,2023,9999,Total - New Zealand by regional council,B0409,Northern Ireland,01,Less than one year,99,Total - age,99,Total - gender,120,,,
DATAFLOW,STATSNZ:CEN23_ECI_005(1.0),"Birthplace, years since arrival in New Zealand, age, and gender for the overseas-born census usually resident population count, (RC, TALB, Health), 2013, 2018, and 2023 Censuses",I,2023,2023,9999,Total - New Zealand by regional council,B0409,Northern Ireland,999,Total - years since arrival in New Zealand,99,Total - age,99,Total - gender,4560,,,
DATAFLOW,STATSNZ:CEN23_ECI_005(1.0),"Birthplace, years since arrival in New Zealand, age, and gender for the overseas-born census usually resident population count, (RC, TALB, Health), 2013, 2018, and 2023 Censuses",I,2023,2023,9999,Total - New Zealand by regional council,B0502,Italy,06,5-9 years,99,Total - age,99,Total - gender,867,,,
DATAFLOW,STATSNZ:CEN23_ECI_005(1.0),"Birthplace, years since arrival in New Zealand, age, and gender for the overseas-born census usually resident population count, (RC, TALB, Health), 2013, 2018, and 2023 Censuses",I,2023,2023,9999,Total - New Zealand by regional council,B,Overseas,06,5-9 years,99,Total - age,99,Total - gender,268680,,,
DATAFLOW,STATSNZ:CEN23_ECI_005(1.0),"Birthplace, years since arrival in New Zealand, age, and gender for the overseas-born census usually resident population count, (RC, TALB, Health), 2013, 2018, and 2023 Censuses",I,2023,2023,9999,Total - New Zealand by regional council,B0507,Croatia,07,10-19 years,99,Total - age,99,Total - gender,90,,,
DATAFLOW,STATSNZ:CEN23_ECI_005(1.0),"Birthplace, years since arrival in New Zealand, age, and gender for the overseas-born census usually resident population count, (RC, TALB, Health), 2013, 2018, and 2023 Censuses",I,2023,2023,9999,Total - New Zealand by regional council,B0402,Scotland,02,1 year,99,Total - age,99,Total - gender,180,,,
DATAFLOW,STATSNZ:CEN23_ECI_005(1.0),"Birthplace, years since arrival in New Zealand, age, and gender for the overseas-born census usually resident population count, (RC, TALB, Health), 2013, 2018, and 2023 Censuses",I,2023,2023,9999,Total - New Zealand by regional council,B0203,Tonga,07,10-19 years,99,Total - age,99,Total - gender,7719,,,
DATAFLOW,STATSNZ:CEN23_ECI_005(1.0),"Birthplace, years since arrival in New Zealand, age, and gender for the overseas-born census usually resident population count, (RC, TALB, Health), 2013, 2018, and 2023 Censuses",I,2023,2023,9999,Total - New Zealand by regional council,B07,South-East Asia,06,5-9 years,99,Total - age,99,Total - gender,43314,,,
DATAFLOW,STATSNZ:CEN23_ECI_005(1.0),"Birthplace, years since arrival in New Zealand, age, and gender for the overseas-born census usually resident population count, (RC, TALB, Health), 2013, 2018, and 2023 Censuses",I,2023,2023,9999,Total - New Zealand by regional council,B0709,Other,09,Not elsewhere included,99,Total - age,99,Total - gender,15,,,
DATAFLOW,STATSNZ:CEN23_ECI_005(1.0),"Birthplace, years since arrival in New Zealand, age, and gender for the overseas-born census usually resident population count, (RC, TALB, Health), 2013, 2018, and 2023 Censuses",I,2023,2023,9999,Total - New Zealand by regional council,B0205,Niue,999,Total - years since arrival in New Zealand,99,Total - age,99,Total - gender,3960,,,
DATAFLOW,STATSNZ:CEN23_ECI_005(1.0),"Birthplace, years since arrival in New Zealand, age, and gender for the overseas-born census usually resident population count, (RC, TALB, Health), 2013, 2018, and 2023 Censuses",I,2023,2023,9999,Total - New Zealand by regional council,B0801,"China, People's Republic of",03,2 years,99,Total - age,99,Total - gender,759,,,
DATAFLOW,STATSNZ:CEN23_ECI_005(1.0),"Birthplace, years since arrival in New Zealand, age, and gender for the overseas-born census usually resident population count, (RC, TALB, Health), 2013, 2018, and 2023 Censuses",I,2023,2023,9999,Total - New Zealand by regional council,B0408,Wales,01,Less than one year,99,Total - age,99,Total - gender,195,,,
DATAFLOW,STATSNZ:CEN23_ECI_005(1.0),"Birthplace, years since arrival in New Zealand, age, and gender for the overseas-born census usually resident population count, (RC, TALB, Health), 2013, 2018, and 2023 Censuses",I,2023,2023,9999,Total - New Zealand by regional council,B0206,Vanuatu,Mean,Average - years since arrival in New Zealand,99,Total - age,99,Total - gender,8.5,,,
DATAFLOW,STATSNZ:CEN23_ECI_005(1.0),"Birthplace, years since arrival in New Zealand, age, and gender for the overseas-born census usually resident population count, (RC, TALB, Health), 2013, 2018, and 2023 Censuses",I,2023,2023,9999,Total - New Zealand by regional council,B0509,Hungary,09,Not elsewhere included,99,Total - age,99,Total - gender,9,,,
DATAFLOW,STATSNZ:CEN23_ECI_005(1.0),"Birthplace, years since arrival in New Zealand, age, and gender for the overseas-born census usually resident population count, (RC, TALB, Health), 2013, 2018, and 2023 Censuses",I,2023,2023,9999,Total - New Zealand by regional council,B0609,Other,08,20 years or more,99,Total - age,99,Total - gender,1593,,,
DATAFLOW,STATSNZ:CEN23_ECI_005(1.0),"Birthplace, years since arrival in New Zealand, age, and gender for the overseas-born census usually resident population count, (RC, TALB, Health), 2013, 2018, and 2023 Censuses",I,2023,2023,9999,Total - New Zealand by regional council,B0907,Other,06,5-9 years,99,Total - age,99,Total - gender,732,,,
DATAFLOW,STATSNZ:CEN23_ECI_005(1.0),"Birthplace, years since arrival in New Zealand, age, and gender for the overseas-born census usually resident population count, (RC, TALB, Health), 2013, 2018, and 2023 Censuses",I,2023,2023,9999,Total - New Zealand by regional council,B0203,Tonga,04,3 years,99,Total - age,99,Total - gender,966,,,
DATAFLOW,STATSNZ:CEN23_ECI_005(1.0),"Birthplace, years since arrival in New Zealand, age, and gender for the overseas-born census usually resident population count, (RC, TALB, Health), 2013, 2018, and 2023 Censuses",I,2023,2023,9999,Total - New Zealand by regional council,B0904,Afghanistan,05,4 years,99,Total - age,99,Total - gender,231,,,
DATAFLOW,STATSNZ:CEN23_ECI_005(1.0),"Birthplace, years since arrival in New Zealand, age, and gender for the overseas-born census usually resident population count, (RC, TALB, Health), 2013, 2018, and 2023 Censuses",I,2023,2023,9999,Total - New Zealand by regional council,B0601,Iraq,05,4 years,99,Total - age,99,Total - gender,120,,,
DATAFLOW,STATSNZ:CEN23_ECI_005(1.0),"Birthplace, years since arrival in New Zealand, age, and gender for the overseas-born census usually resident population count, (RC, TALB, Health), 2013, 2018, and 2023 Censuses",I,2023,2023,9999,Total - New Zealand by regional council,B0411,Sweden,04,3 years,99,Total - age,99,Total - gender,108,,,
DATAFLOW,STATSNZ:CEN23_ECI_005(1.0),"Birthplace, years since arrival in New Zealand, age, and gender for the overseas-born census usually resident population count, (RC, TALB, Health), 2013, 2018, and 2023 Censuses",I,2023,2023,9999,Total - New Zealand by regional council,B0207,Kiribati,999,Total - years since arrival in New Zealand,99,Total - age,99,Total - gender,2844,,,
DATAFLOW,STATSNZ:CEN23_ECI_005(1.0),"Birthplace, years since arrival in New Zealand, age, and gender for the overseas-born census usually resident population count, (RC, TALB, Health), 2013, 2018, and 2023 Censuses",I,2023,2023,9999,Total - New Zealand by regional council,B0511,Greece,06,5-9 years,99,Total - age,99,Total - gender,96,,,
DATAFLOW,STATSNZ:CEN23_ECI_005(1.0),"Birthplace, years since arrival in New Zealand, age, and gender for the overseas-born census usually resident population count, (RC, TALB, Health), 2013, 2018, and 2023 Censuses",I,2023,2023,9999,Total - New Zealand by regional council,B0212,Other,09,Not elsewhere included,99,Total - age,99,Total - gender,57,,,
DATAFLOW,STATSNZ:CEN23_ECI_005(1.0),"Birthplace, years since arrival in New Zealand, age, and gender for the overseas-born census usually resident population count, (RC, TALB, Health), 2013, 2018, and 2023 Censuses",I,2023,2023,9999,Total - New Zealand by regional council,B1007,Mexico,06,5-9 years,99,Total - age,99,Total - gender,570,,,
DATAFLOW,STATSNZ:CEN23_ECI_005(1.0),"Birthplace, years since arrival in New Zealand, age, and gender for the overseas-born census usually resident population count, (RC, TALB, Health), 2013, 2018, and 2023 Censuses",I,2023,2023,9999,Total - New Zealand by regional council,B0502,Italy,07,10-19 years,99,Total - age,99,Total - gender,654,,,
DATAFLOW,STATSNZ:CEN23_ECI_005(1.0),"Birthplace, years since arrival in New Zealand, age, and gender for the overseas-born census usually resident population count, (RC, TALB, Health), 2013, 2018, and 2023 Censuses",I,2023,2023,9999,Total - New Zealand by regional council,B02,Pacific Islands,01,Less than one year,99,Total - age,99,Total - gender,10440,,,
DATAFLOW,STATSNZ:CEN23_ECI_005(1.0),"Birthplace, years since arrival in New Zealand, age, and gender for the overseas-born census usually resident population count, (RC, TALB, Health), 2013, 2018, and 2023 Censuses",I,2023,2023,9999,Total - New Zealand by regional council,B0407,France,01,Less than one year,99,Total - age,99,Total - gender,1386,,,
DATAFLOW,STATSNZ:CEN23_ECI_005(1.0),"Birthplace, years since arrival in New Zealand, age, and gender for the overseas-born census usually resident population count, (RC, TALB, Health), 2013, 2018, and 2023 Censuses",I,2023,2023,9999,Total - New Zealand by regional council,B0603,Saudi Arabia,999,Total - years since arrival in New Zealand,99,Total - age,99,Total - gender,1632,,,
DATAFLOW,STATSNZ:CEN23_ECI_005(1.0),"Birthplace, years since arrival in New Zealand, age, and gender for the overseas-born census usually resident population count, (RC, TALB, Health), 2013, 2018, and 2023 Censuses",I,2023,2023,9999,Total - New Zealand by regional council,B0507,Croatia,02,1 year,99,Total - age,99,Total - gender,6,,,
DATAFLOW,STATSNZ:CEN23_ECI_005(1.0),"Birthplace, years since arrival in New Zealand, age, and gender for the overseas-born census usually resident population count, (RC, TALB, Health), 2013, 2018, and 2023 Censuses",I,2023,2023,9999,Total - New Zealand by regional council,B0603,Saudi Arabia,09,Not elsewhere included,99,Total - age,99,Total - gender,18,,,
DATAFLOW,STATSNZ:CEN23_ECI_005(1.0),"Birthplace, years since arrival in New Zealand, age, and gender for the overseas-born census usually resident population count, (RC, TALB, Health), 2013, 2018, and 2023 Censuses",I,2023,2023,9999,Total - New Zealand by regional council,B1002,Canada,999,Total - years since arrival in New Zealand,99,Total - age,99,Total - gender,12894,,,
DATAFLOW,STATSNZ:CEN23_ECI_005(1.0),"Birthplace, years since arrival in New Zealand, age, and gender for the overseas-born census usually resident population count, (RC, TALB, Health), 2013, 2018, and 2023 Censuses",I,2023,2023,9999,Total - New Zealand by regional council,B0904,Afghanistan,Mean,Average - years since arrival in New Zealand,99,Total - age,99,Total - gender,9.6,,,
DATAFLOW,STATSNZ:CEN23_ECI_005(1.0),"Birthplace, years since arrival in New Zealand, age, and gender for the overseas-born census usually resident population count, (RC, TALB, Health), 2013, 2018, and 2023 Censuses",I,2023,2023,9999,Total - New Zealand by regional council,B0607,Israel,777,Total stated - years since arrival in New Zealand,99,Total - age,99,Total - gender,1254,,,
DATAFLOW,STATSNZ:CEN23_ECI_005(1.0),"Birthplace, years since arrival in New Zealand, age, and gender for the overseas-born census usually resident population count, (RC, TALB, Health), 2013, 2018, and 2023 Censuses",I,2023,2023,9999,Total - New Zealand by regional council,B0406,Ireland,01,Less than one year,99,Total - age,99,Total - gender,693,,,
DATAFLOW,STATSNZ:CEN23_ECI_005(1.0),"Birthplace, years since arrival in New Zealand, age, and gender for the overseas-born census usually resident population count, (RC, TALB, Health), 2013, 2018, and 2023 Censuses",I,2023,2023,9999,Total - New Zealand by regional council,B,Overseas,08,20 years or more,99,Total - age,99,Total - gender,500310,,,
DATAFLOW,STATSNZ:CEN23_ECI_005(1.0),"Birthplace, years since arrival in New Zealand, age, and gender for the overseas-born census usually resident population count, (RC, TALB, Health), 2013, 2018, and 2023 Censuses",I,2023,2023,9999,Total - New Zealand by regional council,B0608,Turkey,999,Total - years since arrival in New Zealand,99,Total - age,99,Total - gender,1365,,,
DATAFLOW,STATSNZ:CEN23_ECI_005(1.0),"Birthplace, years since arrival in New Zealand, age, and gender for the overseas-born census usually resident population count, (RC, TALB, Health), 2013, 2018, and 2023 Censuses",I,2023,2023,9999,Total - New Zealand by regional council,B0709,Other,06,5-9 years,99,Total - age,99,Total - gender,207,,,
DATAFLOW,STATSNZ:CEN23_ECI_005(1.0),"Birthplace, years since arrival in New Zealand, age, and gender for the overseas-born census usually resident population count, (RC, TALB, Health), 2013, 2018, and 2023 Censuses",I,2023,2023,9999,Total - New Zealand by regional council,B0906,Bangladesh,Mean,Average - years since arrival in New Zealand,99,Total - age,99,Total - gender,10.7,,,
DATAFLOW,STATSNZ:CEN23_ECI_005(1.0),"Birthplace, years since arrival in New Zealand, age, and gender for the overseas-born census usually resident population count, (RC, TALB, Health), 2013, 2018, and 2023 Censuses",I,2023,2023,9999,Total - New Zealand by regional council,B0601,Iraq,03,2 years,99,Total - age,99,Total - gender,27,,,
DATAFLOW,STATSNZ:CEN23_ECI_005(1.0),"Birthplace, years since arrival in New Zealand, age, and gender for the overseas-born census usually resident population count, (RC, TALB, Health), 2013, 2018, and 2023 Censuses",I,2023,2023,9999,Total - New Zealand by regional council,B0203,Tonga,777,Total stated - years since arrival in New Zealand,99,Total - age,99,Total - gender,28107,,,
DATAFLOW,STATSNZ:CEN23_ECI_005(1.0),"Birthplace, years since arrival in New Zealand, age, and gender for the overseas-born census usually resident population count, (RC, TALB, Health), 2013, 2018, and 2023 Censuses",I,2023,2023,9999,Total - New Zealand by regional council,B0212,Other,02,1 year,99,Total - age,99,Total - gender,21,,,
DATAFLOW,STATSNZ:CEN23_ECI_005(1.0),"Birthplace, years since arrival in New Zealand, age, and gender for the overseas-born census usually resident population count, (RC, TALB, Health), 2013, 2018, and 2023 Censuses",I,2023,2023,9999,Total - New Zealand by regional council,B0414,Belgium,05,4 years,99,Total - age,99,Total - gender,72,,,
DATAFLOW,STATSNZ:CEN23_ECI_005(1.0),"Birthplace, years since arrival in New Zealand, age, and gender for the overseas-born census usually resident population count, (RC, TALB, Health), 2013, 2018, and 2023 Censuses",I,2023,2023,9999,Total - New Zealand by regional council,B0405,United Kingdom (not further defined),03,2 years,99,Total - age,99,Total - gender,162,,,
DATAFLOW,STATSNZ:CEN23_ECI_005(1.0),"Birthplace, years since arrival in New Zealand, age, and gender for the overseas-born census usually resident population count, (RC, TALB, Health), 2013, 2018, and 2023 Censuses",I,2023,2023,9999,Total - New Zealand by regional council,B0208,Tuvalu,01,Less than one year,99,Total - age,99,Total - gender,144,,,
DATAFLOW,STATSNZ:CEN23_ECI_005(1.0),"Birthplace, years since arrival in New Zealand, age, and gender for the overseas-born census usually resident population count, (RC, TALB, Health), 2013, 2018, and 2023 Censuses",I,2023,2023,9999,Total - New Zealand by regional council,B07,South-East Asia,09,Not elsewhere included,99,Total - age,99,Total - gender,912,,,
DATAFLOW,STATSNZ:CEN23_ECI_005(1.0),"Birthplace, years since arrival in New Zealand, age, and gender for the overseas-born census usually resident population count, (RC, TALB, Health), 2013, 2018, and 2023 Censuses",I,2023,2023,9999,Total - New Zealand by regional council,B0201,Fiji,02,1 year,99,Total - age,99,Total - gender,342,,,
DATAFLOW,STATSNZ:CEN23_ECI_005(1.0),"Birthplace, years since arrival in New Zealand, age, and gender for the overseas-born census usually resident population count, (RC, TALB, Health), 2013, 2018, and 2023 Censuses",I,2023,2023,9999,Total - New Zealand by regional council,B04,North-West Europe,Mean,Average - years since arrival in New Zealand,99,Total - age,99,Total - gender,29.5,,,
DATAFLOW,STATSNZ:CEN23_ECI_005(1.0),"Birthplace, years since arrival in New Zealand, age, and gender for the overseas-born census usually resident population count, (RC, TALB, Health), 2013, 2018, and 2023 Censuses",I,2023,2023,9999,Total - New Zealand by regional council,B0704,Viet Nam,05,4 years,99,Total - age,99,Total - gender,882,,,
DATAFLOW,STATSNZ:CEN23_ECI_005(1.0),"Birthplace, years since arrival in New Zealand, age, and gender for the overseas-born census usually resident population count, (RC, TALB, Health), 2013, 2018, and 2023 Censuses",I,2023,2023,9999,Total - New Zealand by regional council,B0414,Belgium,01,Less than one year,99,Total - age,99,Total - gender,138,,,
DATAFLOW,STATSNZ:CEN23_ECI_005(1.0),"Birthplace, years since arrival in New Zealand, age, and gender for the overseas-born census usually resident population count, (RC, TALB, Health), 2013, 2018, and 2023 Censuses",I,2023,2023,9999,Total - New Zealand by regional council,B0206,Vanuatu,999,Total - years since arrival in New Zealand,99,Total - age,99,Total - gender,1239,,,
DATAFLOW,STATSNZ:CEN23_ECI_005(1.0),"Birthplace, years since arrival in New Zealand, age, and gender for the overseas-born census usually resident population count, (RC, TALB, Health), 2013, 2018, and 2023 Censuses",I,2023,2023,9999,Total - New Zealand by regional council,B0608,Turkey,05,4 years,99,Total - age,99,Total - gender,69,,,
DATAFLOW,STATSNZ:CEN23_ECI_005(1.0),"Birthplace, years since arrival in New Zealand, age, and gender for the overseas-born census usually resident population count, (RC, TALB, Health), 2013, 2018, and 2023 Censuses",I,2023,2023,9999,Total - New Zealand by regional council,B0415,Channel Islands,05,4 years,99,Total - age,99,Total - gender,24,,,
DATAFLOW,STATSNZ:CEN23_ECI_005(1.0),"Birthplace, years since arrival in New Zealand, age, and gender for the overseas-born census usually resident population count, (RC, TALB, Health), 2013, 2018, and 2023 Censuses",I,2023,2023,9999,Total - New Zealand by regional council,B01,Australia,08,20 years or more,99,Total - age,99,Total - gender,35133,,,
DATAFLOW,STATSNZ:CEN23_ECI_005(1.0),"Birthplace, years since arrival in New Zealand, age, and gender for the overseas-born census usually resident population count, (RC, TALB, Health), 2013, 2018, and 2023 Censuses",I,2023,2023,9999,Total - New Zealand by regional council,B0608,Turkey,06,5-9 years,99,Total - age,99,Total - gender,300,,,
DATAFLOW,STATSNZ:CEN23_ECI_005(1.0),"Birthplace, years since arrival in New Zealand, age, and gender for the overseas-born census usually resident population count, (RC, TALB, Health), 2013, 2018, and 2023 Censuses",I,2023,2023,9999,Total - New Zealand by regional council,B0903,Pakistan,Mean,Average - years since arrival in New Zealand,99,Total - age,99,Total - gender,10.7,,,
DATAFLOW,STATSNZ:CEN23_ECI_005(1.0),"Birthplace, years since arrival in New Zealand, age, and gender for the overseas-born census usually resident population count, (RC, TALB, Health), 2013, 2018, and 2023 Censuses",I,2023,2023,9999,Total - New Zealand by regional council,B0804,Hong Kong (Special Administrative Region),777,Total stated - years since arrival in New Zealand,99,Total - age,99,Total - gender,13242,,,
DATAFLOW,STATSNZ:CEN23_ECI_005(1.0),"Birthplace, years since arrival in New Zealand, age, and gender for the overseas-born census usually resident population count, (RC, TALB, Health), 2013, 2018, and 2023 Censuses",I,2023,2023,9999,Total - New Zealand by regional council,B0408,Wales,777,Total stated - years since arrival in New Zealand,99,Total - age,99,Total - gender,7872,,,
DATAFLOW,STATSNZ:CEN23_ECI_005(1.0),"Birthplace, years since arrival in New Zealand, age, and gender for the overseas-born census usually resident population count, (RC, TALB, Health), 2013, 2018, and 2023 Censuses",I,2023,2023,9999,Total - New Zealand by regional council,B0404,Netherlands,Mean,Average - years since arrival in New Zealand,99,Total - age,99,Total - gender,39.3,,,
DATAFLOW,STATSNZ:CEN23_ECI_005(1.0),"Birthplace, years since arrival in New Zealand, age, and gender for the overseas-born census usually resident population count, (RC, TALB, Health), 2013, 2018, and 2023 Censuses",I,2023,2023,9999,Total - New Zealand by regional council,B0805,Taiwan,02,1 year,99,Total - age,99,Total - gender,108,,,
DATAFLOW,STATSNZ:CEN23_ECI_005(1.0),"Birthplace, years since arrival in New Zealand, age, and gender for the overseas-born census usually resident population count, (RC, TALB, Health), 2013, 2018, and 2023 Censuses",I,2023,2023,9999,Total - New Zealand by regional council,B0402,Scotland,777,Total stated - years since arrival in New Zealand,99,Total - age,99,Total - gender,24528,,,
DATAFLOW,STATSNZ:CEN23_ECI_005(1.0),"Birthplace, years since arrival in New Zealand, age, and gender for the overseas-born census usually resident population count, (RC, TALB, Health), 2013, 2018, and 2023 Censuses",I,2023,2023,9999,Total - New Zealand by regional council,B0208,Tuvalu,02,1 year,99,Total - age,99,Total - gender,15,,,
DATAFLOW,STATSNZ:CEN23_ECI_005(1.0),"Birthplace, years since arrival in New Zealand, age, and gender for the overseas-born census usually resident population count, (RC, TALB, Health), 2013, 2018, and 2023 Censuses",I,2023,2023,9999,Total - New Zealand by regional council,B0410,Switzerland,04,3 years,99,Total - age,99,Total - gender,114,,,
DATAFLOW,STATSNZ:CEN23_ECI_005(1.0),"Birthplace, years since arrival in New Zealand, age, and gender for the overseas-born census usually resident population count, (RC, TALB, Health), 2013, 2018, and 2023 Censuses",I,2023,2023,9999,Total - New Zealand by regional council,B0704,Viet Nam,02,1 year,99,Total - age,99,Total - gender,102,,,
DATAFLOW,STATSNZ:CEN23_ECI_005(1.0),"Birthplace, years since arrival in New Zealand, age, and gender for the overseas-born census usually resident population count, (RC, TALB, Health), 2013, 2018, and 2023 Censuses",I,2023,2023,9999,Total - New Zealand by regional council,B0906,Bangladesh,06,5-9 years,99,Total - age,99,Total - gender,1077,,,
DATAFLOW,STATSNZ:CEN23_ECI_005(1.0),"Birthplace, years since arrival in New Zealand, age, and gender for the overseas-born census usually resident population count, (RC, TALB, Health), 2013, 2018, and 2023 Censuses",I,2023,2023,9999,Total - New Zealand by regional council,B1103,Kenya,Mean,Average - years since arrival in New Zealand,99,Total - age,99,Total - gender,27,,,
DATAFLOW,STATSNZ:CEN23_ECI_005(1.0),"Birthplace, years since arrival in New Zealand, age, and gender for the overseas-born census usually resident population count, (RC, TALB, Health), 2013, 2018, and 2023 Censuses",I,2023,2023,9999,Total - New Zealand by regional council,B0407,France,05,4 years,99,Total - age,99,Total - gender,474,,,
DATAFLOW,STATSNZ:CEN23_ECI_005(1.0),"Birthplace, years since arrival in New Zealand, age, and gender for the overseas-born census usually resident population count, (RC, TALB, Health), 2013, 2018, and 2023 Censuses",I,2023,2023,9999,Total - New Zealand by regional council,B0416,Other,06,5-9 years,99,Total - age,99,Total - gender,309,,,
DATAFLOW,STATSNZ:CEN23_ECI_005(1.0),"Birthplace, years since arrival in New Zealand, age, and gender for the overseas-born census usually resident population count, (RC, TALB, Health), 2013, 2018, and 2023 Censuses",I,2023,2023,9999,Total - New Zealand by regional council,B0503,Czech Republic,Mean,Average - years since arrival in New Zealand,99,Total - age,99,Total - gender,11.8,,,
DATAFLOW,STATSNZ:CEN23_ECI_005(1.0),"Birthplace, years since arrival in New Zealand, age, and gender for the overseas-born census usually resident population count, (RC, TALB, Health), 2013, 2018, and 2023 Censuses",I,2023,2023,9999,Total - New Zealand by regional council,B0608,Turkey,09,Not elsewhere included,99,Total - age,99,Total - gender,15,,,
DATAFLOW,STATSNZ:CEN23_ECI_005(1.0),"Birthplace, years since arrival in New Zealand, age, and gender for the overseas-born census usually resident population count, (RC, TALB, Health), 2013, 2018, and 2023 Censuses",I,2023,2023,9999,Total - New Zealand by regional council,B0607,Israel,06,5-9 years,99,Total - age,99,Total - gender,243,,,
DATAFLOW,STATSNZ:CEN23_ECI_005(1.0),"Birthplace, years since arrival in New Zealand, age, and gender for the overseas-born census usually resident population count, (RC, TALB, Health), 2013, 2018, and 2023 Censuses",I,2023,2023,9999,Total - New Zealand by regional council,B0403,Germany,07,10-19 years,99,Total - age,99,Total - gender,4650,,,
DATAFLOW,STATSNZ:CEN23_ECI_005(1.0),"Birthplace, years since arrival in New Zealand, age, and gender for the overseas-born census usually resident population count, (RC, TALB, Health), 2013, 2018, and 2023 Censuses",I,2023,2023,9999,Total - New Zealand by regional council,B0201,Fiji,777,Total stated - years since arrival in New Zealand,99,Total - age,99,Total - gender,68349,,,
DATAFLOW,STATSNZ:CEN23_ECI_005(1.0),"Birthplace, years since arrival in New Zealand, age, and gender for the overseas-born census usually resident population count, (RC, TALB, Health), 2013, 2018, and 2023 Censuses",I,2023,2023,9999,Total - New Zealand by regional council,B0903,Pakistan,09,Not elsewhere included,99,Total - age,99,Total - gender,27,,,
DATAFLOW,STATSNZ:CEN23_ECI_005(1.0),"Birthplace, years since arrival in New Zealand, age, and gender for the overseas-born census usually resident population count, (RC, TALB, Health), 2013, 2018, and 2023 Censuses",I,2023,2023,9999,Total - New Zealand by regional council,B1102,Zimbabwe,09,Not elsewhere included,99,Total - age,99,Total - gender,24,,,
DATAFLOW,STATSNZ:CEN23_ECI_005(1.0),"Birthplace, years since arrival in New Zealand, age, and gender for the overseas-born census usually resident population count, (RC, TALB, Health), 2013, 2018, and 2023 Censuses",I,2023,2023,9999,Total - New Zealand by regional council,B0707,Singapore,01,Less than one year,99,Total - age,99,Total - gender,519,,,
DATAFLOW,STATSNZ:CEN23_ECI_005(1.0),"Birthplace, years since arrival in New Zealand, age, and gender for the overseas-born census usually resident population count, (RC, TALB, Health), 2013, 2018, and 2023 Censuses",I,2023,2023,9999,Total - New Zealand by regional council,B0405,United Kingdom (not further defined),02,1 year,99,Total - age,99,Total - gender,240,,,
DATAFLOW,STATSNZ:CEN23_ECI_005(1.0),"Birthplace, years since arrival in New Zealand, age, and gender for the overseas-born census usually resident population count, (RC, TALB, Health), 2013, 2018, and 2023 Censuses",I,2023,2023,9999,Total - New Zealand by regional council,B0607,Israel,Mean,Average - years since arrival in New Zealand,99,Total - age,99,Total - gender,14.7,,,
DATAFLOW,STATSNZ:CEN23_ECI_005(1.0),"Birthplace, years since arrival in New Zealand, age, and gender for the overseas-born census usually resident population count, (RC, TALB, Health), 2013, 2018, and 2023 Censuses",I,2023,2023,9999,Total - New Zealand by regional council,B0701,Philippines,07,10-19 years,99,Total - age,99,Total - gender,24714,,,
DATAFLOW,STATSNZ:CEN23_ECI_005(1.0),"Birthplace, years since arrival in New Zealand, age, and gender for the overseas-born census usually resident population count, (RC, TALB, Health), 2013, 2018, and 2023 Censuses",I,2023,2023,9999,Total - New Zealand by regional council,B04,North-West Europe,03,2 years,99,Total - age,99,Total - gender,2820,,,
DATAFLOW,STATSNZ:CEN23_ECI_005(1.0),"Birthplace, years since arrival in New Zealand, age, and gender for the overseas-born census usually resident population count, (RC, TALB, Health), 2013, 2018, and 2023 Censuses",I,2023,2023,9999,Total - New Zealand by regional council,B12,At sea,09,Not elsewhere included,99,Total - age,99,Total - gender,0,,,
DATAFLOW,STATSNZ:CEN23_ECI_005(1.0),"Birthplace, years since arrival in New Zealand, age, and gender for the overseas-born census usually resident population count, (RC, TALB, Health), 2013, 2018, and 2023 Censuses",I,2023,2023,9999,Total - New Zealand by regional council,B0704,Viet Nam,04,3 years,99,Total - age,99,Total - gender,1008,,,
DATAFLOW,STATSNZ:CEN23_ECI_005(1.0),"Birthplace, years since arrival in New Zealand, age, and gender for the overseas-born census usually resident population count, (RC, TALB, Health), 2013, 2018, and 2023 Censuses",I,2023,2023,9999,Total - New Zealand by regional council,B0414,Belgium,777,Total stated - years since arrival in New Zealand,99,Total - age,99,Total - gender,1314,,,
DATAFLOW,STATSNZ:CEN23_ECI_005(1.0),"Birthplace, years since arrival in New Zealand, age, and gender for the overseas-born census usually resident population count, (RC, TALB, Health), 2013, 2018, and 2023 Censuses",I,2023,2023,9999,Total - New Zealand by regional council,B0803,Japan,04,3 years,99,Total - age,99,Total - gender,603,,,
DATAFLOW,STATSNZ:CEN23_ECI_005(1.0),"Birthplace, years since arrival in New Zealand, age, and gender for the overseas-born census usually resident population count, (RC, TALB, Health), 2013, 2018, and 2023 Censuses",I,2023,2023,9999,Total - New Zealand by regional council,B0510,Serbia,08,20 years or more,99,Total - age,99,Total - gender,750,,,
DATAFLOW,STATSNZ:CEN23_ECI_005(1.0),"Birthplace, years since arrival in New Zealand, age, and gender for the overseas-born census usually resident population count, (RC, TALB, Health), 2013, 2018, and 2023 Censuses",I,2023,2023,9999,Total - New Zealand by regional council,B0603,Saudi Arabia,777,Total stated - years since arrival in New Zealand,99,Total - age,99,Total - gender,1617,,,
DATAFLOW,STATSNZ:CEN23_ECI_005(1.0),"Birthplace, years since arrival in New Zealand, age, and gender for the overseas-born census usually resident population count, (RC, TALB, Health), 2013, 2018, and 2023 Censuses",I,2023,2023,9999,Total - New Zealand by regional council,B0507,Croatia,999,Total - years since arrival in New Zealand,99,Total - age,99,Total - gender,1695,,,
DATAFLOW,STATSNZ:CEN23_ECI_005(1.0),"Birthplace, years since arrival in New Zealand, age, and gender for the overseas-born census usually resident population count, (RC, TALB, Health), 2013, 2018, and 2023 Censuses",I,2023,2023,9999,Total - New Zealand by regional council,B1001,United States of America,01,Less than one year,99,Total - age,99,Total - gender,3315,,,
DATAFLOW,STATSNZ:CEN23_ECI_005(1.0),"Birthplace, years since arrival in New Zealand, age, and gender for the overseas-born census usually resident population count, (RC, TALB, Health), 2013, 2018, and 2023 Censuses",I,2023,2023,9999,Total - New Zealand by regional council,B0803,Japan,07,10-19 years,99,Total - age,99,Total - gender,3504,,,
DATAFLOW,STATSNZ:CEN23_ECI_005(1.0),"Birthplace, years since arrival in New Zealand, age, and gender for the overseas-born census usually resident population count, (RC, TALB, Health), 2013, 2018, and 2023 Censuses",I,2023,2023,9999,Total - New Zealand by regional council,B1001,United States of America,777,Total stated - years since arrival in New Zealand,99,Total - age,99,Total - gender,31437,,,
DATAFLOW,STATSNZ:CEN23_ECI_005(1.0),"Birthplace, years since arrival in New Zealand, age, and gender for the overseas-born census usually resident population count, (RC, TALB, Health), 2013, 2018, and 2023 Censuses",I,2023,2023,9999,Total - New Zealand by regional council,B0802,"Korea, Republic of",06,5-9 years,99,Total - age,99,Total - gender,4884,,,
DATAFLOW,STATSNZ:CEN23_ECI_005(1.0),"Birthplace, years since arrival in New Zealand, age, and gender for the overseas-born census usually resident population count, (RC, TALB, Health), 2013, 2018, and 2023 Censuses",I,2023,2023,9999,Total - New Zealand by regional council,B0203,Tonga,02,1 year,99,Total - age,99,Total - gender,138,,,
DATAFLOW,STATSNZ:CEN23_ECI_005(1.0),"Birthplace, years since arrival in New Zealand, age, and gender for the overseas-born census usually resident population count, (RC, TALB, Health), 2013, 2018, and 2023 Censuses",I,2023,2023,9999,Total - New Zealand by regional council,B0208,Tuvalu,07,10-19 years,99,Total - age,99,Total - gender,585,,,
DATAFLOW,STATSNZ:CEN23_ECI_005(1.0),"Birthplace, years since arrival in New Zealand, age, and gender for the overseas-born census usually resident population count, (RC, TALB, Health), 2013, 2018, and 2023 Censuses",I,2023,2023,9999,Total - New Zealand by regional council,B0512,Other,06,5-9 years,99,Total - age,99,Total - gender,1254,,,
DATAFLOW,STATSNZ:CEN23_ECI_005(1.0),"Birthplace, years since arrival in New Zealand, age, and gender for the overseas-born census usually resident population count, (RC, TALB, Health), 2013, 2018, and 2023 Censuses",I,2023,2023,9999,Total - New Zealand by regional council,B0209,Papua New Guinea,Mean,Average - years since arrival in New Zealand,99,Total - age,99,Total - gender,25.8,,,
DATAFLOW,STATSNZ:CEN23_ECI_005(1.0),"Birthplace, years since arrival in New Zealand, age, and gender for the overseas-born census usually resident population count, (RC, TALB, Health), 2013, 2018, and 2023 Censuses",I,2023,2023,9999,Total - New Zealand by regional council,B0505,Romania,08,20 years or more,99,Total - age,99,Total - gender,858,,,
DATAFLOW,STATSNZ:CEN23_ECI_005(1.0),"Birthplace, years since arrival in New Zealand, age, and gender for the overseas-born census usually resident population count, (RC, TALB, Health), 2013, 2018, and 2023 Censuses",I,2023,2023,9999,Total - New Zealand by regional council,B01,Australia,Mean,Average - years since arrival in New Zealand,99,Total - age,99,Total - gender,21.1,,,
DATAFLOW,STATSNZ:CEN23_ECI_005(1.0),"Birthplace, years since arrival in New Zealand, age, and gender for the overseas-born census usually resident population count, (RC, TALB, Health), 2013, 2018, and 2023 Censuses",I,2023,2023,9999,Total - New Zealand by regional council,B01,Australia,01,Less than one year,99,Total - age,99,Total - gender,4911,,,
DATAFLOW,STATSNZ:CEN23_ECI_005(1.0),"Birthplace, years since arrival in New Zealand, age, and gender for the overseas-born census usually resident population count, (RC, TALB, Health), 2013, 2018, and 2023 Censuses",I,2023,2023,9999,Total - New Zealand by regional council,B1104,Zambia,01,Less than one year,99,Total - age,99,Total - gender,39,,,
DATAFLOW,STATSNZ:CEN23_ECI_005(1.0),"Birthplace, years since arrival in New Zealand, age, and gender for the overseas-born census usually resident population count, (RC, TALB, Health), 2013, 2018, and 2023 Censuses",I,2023,2023,9999,Total - New Zealand by regional council,B0205,Niue,04,3 years,99,Total - age,99,Total - gender,18,,,
DATAFLOW,STATSNZ:CEN23_ECI_005(1.0),"Birthplace, years since arrival in New Zealand, age, and gender for the overseas-born census usually resident population count, (RC, TALB, Health), 2013, 2018, and 2023 Censuses",I,2023,2023,9999,Total - New Zealand by regional council,B1007,Mexico,08,20 years or more,99,Total - age,99,Total - gender,156,,,
DATAFLOW,STATSNZ:CEN23_ECI_005(1.0),"Birthplace, years since arrival in New Zealand, age, and gender for the overseas-born census usually resident population count, (RC, TALB, Health), 2013, 2018, and 2023 Censuses",I,2023,2023,9999,Total - New Zealand by regional council,B0211,Solomon Islands,07,10-19 years,99,Total - age,99,Total - gender,153,,,
DATAFLOW,STATSNZ:CEN23_ECI_005(1.0),"Birthplace, years since arrival in New Zealand, age, and gender for the overseas-born census usually resident population count, (RC, TALB, Health), 2013, 2018, and 2023 Censuses",I,2023,2023,9999,Total - New Zealand by regional council,B07,South-East Asia,04,3 years,99,Total - age,99,Total - gender,12252,,,
DATAFLOW,STATSNZ:CEN23_ECI_005(1.0),"Birthplace, years since arrival in New Zealand, age, and gender for the overseas-born census usually resident population count, (RC, TALB, Health), 2013, 2018, and 2023 Censuses",I,2023,2023,9999,Total - New Zealand by regional council,B0708,Myanmar,999,Total - years since arrival in New Zealand,99,Total - age,99,Total - gender,3648,,,
DATAFLOW,STATSNZ:CEN23_ECI_005(1.0),"Birthplace, years since arrival in New Zealand, age, and gender for the overseas-born census usually resident population count, (RC, TALB, Health), 2013, 2018, and 2023 Censuses",I,2023,2023,9999,Total - New Zealand by regional council,B0607,Israel,01,Less than one year,99,Total - age,99,Total - gender,108,,,
DATAFLOW,STATSNZ:CEN23_ECI_005(1.0),"Birthplace, years since arrival in New Zealand, age, and gender for the overseas-born census usually resident population count, (RC, TALB, Health), 2013, 2018, and 2023 Censuses",I,2023,2023,9999,Total - New Zealand by regional council,B,Overseas,09,Not elsewhere included,99,Total - age,99,Total - gender,12171,,,
DATAFLOW,STATSNZ:CEN23_ECI_005(1.0),"Birthplace, years since arrival in New Zealand, age, and gender for the overseas-born census usually resident population count, (RC, TALB, Health), 2013, 2018, and 2023 Censuses",I,2023,2023,9999,Total - New Zealand by regional council,B0801,"China, People's Republic of",777,Total stated - years since arrival in New Zealand,99,Total - age,99,Total - gender,144630,,,
DATAFLOW,STATSNZ:CEN23_ECI_005(1.0),"Birthplace, years since arrival in New Zealand, age, and gender for the overseas-born census usually resident population count, (RC, TALB, Health), 2013, 2018, and 2023 Censuses",I,2023,2023,9999,Total - New Zealand by regional council,B0414,Belgium,04,3 years,99,Total - age,99,Total - gender,87,,,
DATAFLOW,STATSNZ:CEN23_ECI_005(1.0),"Birthplace, years since arrival in New Zealand, age, and gender for the overseas-born census usually resident population count, (RC, TALB, Health), 2013, 2018, and 2023 Censuses",I,2023,2023,9999,Total - New Zealand by regional council,B0603,Saudi Arabia,04,3 years,99,Total - age,99,Total - gender,156,,,
DATAFLOW,STATSNZ:CEN23_ECI_005(1.0),"Birthplace, years since arrival in New Zealand, age, and gender for the overseas-born census usually resident population count, (RC, TALB, Health), 2013, 2018, and 2023 Censuses",I,2023,2023,9999,Total - New Zealand by regional council,B0709,Other,02,1 year,99,Total - age,99,Total - gender,9,,,
DATAFLOW,STATSNZ:CEN23_ECI_005(1.0),"Birthplace, years since arrival in New Zealand, age, and gender for the overseas-born census usually resident population count, (RC, TALB, Health), 2013, 2018, and 2023 Censuses",I,2023,2023,9999,Total - New Zealand by regional council,B0705,Cambodia,04,3 years,99,Total - age,99,Total - gender,183,,,
DATAFLOW,STATSNZ:CEN23_ECI_005(1.0),"Birthplace, years since arrival in New Zealand, age, and gender for the overseas-born census usually resident population count, (RC, TALB, Health), 2013, 2018, and 2023 Censuses",I,2023,2023,9999,Total - New Zealand by regional council,B0605,United Arab Emirates,04,3 years,99,Total - age,99,Total - gender,234,,,
DATAFLOW,STATSNZ:CEN23_ECI_005(1.0),"Birthplace, years since arrival in New Zealand, age, and gender for the overseas-born census usually resident population count, (RC, TALB, Health), 2013, 2018, and 2023 Censuses",I,2023,2023,9999,Total - New Zealand by regional council,B06,North Africa and the Middle East,03,2 years,99,Total - age,99,Total - gender,483,,,
DATAFLOW,STATSNZ:CEN23_ECI_005(1.0),"Birthplace, years since arrival in New Zealand, age, and gender for the overseas-born census usually resident population count, (RC, TALB, Health), 2013, 2018, and 2023 Censuses",I,2023,2023,9999,Total - New Zealand by regional council,B09,Southern and Central Asia,03,2 years,99,Total - age,99,Total - gender,2283,,,
DATAFLOW,STATSNZ:CEN23_ECI_005(1.0),"Birthplace, years since arrival in New Zealand, age, and gender for the overseas-born census usually resident population count, (RC, TALB, Health), 2013, 2018, and 2023 Censuses",I,2023,2023,9999,Total - New Zealand by regional council,B1103,Kenya,09,Not elsewhere included,99,Total - age,99,Total - gender,12,,,
DATAFLOW,STATSNZ:CEN23_ECI_005(1.0),"Birthplace, years since arrival in New Zealand, age, and gender for the overseas-born census usually resident population count, (RC, TALB, Health), 2013, 2018, and 2023 Censuses",I,2023,2023,9999,Total - New Zealand by regional council,B0506,Ukraine,03,2 years,99,Total - age,99,Total - gender,21,,,
DATAFLOW,STATSNZ:CEN23_ECI_005(1.0),"Birthplace, years since arrival in New Zealand, age, and gender for the overseas-born census usually resident population count, (RC, TALB, Health), 2013, 2018, and 2023 Censuses",I,2023,2023,9999,Total - New Zealand by regional council,B0210,Tokelau,05,4 years,99,Total - age,99,Total - gender,15,,,
DATAFLOW,STATSNZ:CEN23_ECI_005(1.0),"Birthplace, years since arrival in New Zealand, age, and gender for the overseas-born census usually resident population count, (RC, TALB, Health), 2013, 2018, and 2023 Censuses",I,2023,2023,9999,Total - New Zealand by regional council,B0902,Sri Lanka,01,Less than one year,99,Total - age,99,Total - gender,2685,,,
DATAFLOW,STATSNZ:CEN23_ECI_005(1.0),"Birthplace, years since arrival in New Zealand, age, and gender for the overseas-born census usually resident population count, (RC, TALB, Health), 2013, 2018, and 2023 Censuses",I,2023,2023,9999,Total - New Zealand by regional council,B0508,Spain,03,2 years,99,Total - age,99,Total - gender,45,,,
DATAFLOW,STATSNZ:CEN23_ECI_005(1.0),"Birthplace, years since arrival in New Zealand, age, and gender for the overseas-born census usually resident population count, (RC, TALB, Health), 2013, 2018, and 2023 Censuses",I,2023,2023,9999,Total - New Zealand by regional council,B0508,Spain,999,Total - years since arrival in New Zealand,99,Total - age,99,Total - gender,1608,,,
DATAFLOW,STATSNZ:CEN23_ECI_005(1.0),"Birthplace, years since arrival in New Zealand, age, and gender for the overseas-born census usually resident population count, (RC, TALB, Health), 2013, 2018, and 2023 Censuses",I,2023,2023,9999,Total - New Zealand by regional council,B0701,Philippines,02,1 year,99,Total - age,99,Total - gender,1965,,,
DATAFLOW,STATSNZ:CEN23_ECI_005(1.0),"Birthplace, years since arrival in New Zealand, age, and gender for the overseas-born census usually resident population count, (RC, TALB, Health), 2013, 2018, and 2023 Censuses",I,2023,2023,9999,Total - New Zealand by regional council,B0209,Papua New Guinea,03,2 years,99,Total - age,99,Total - gender,12,,,
DATAFLOW,STATSNZ:CEN23_ECI_005(1.0),"Birthplace, years since arrival in New Zealand, age, and gender for the overseas-born census usually resident population count, (RC, TALB, Health), 2013, 2018, and 2023 Censuses",I,2023,2023,9999,Total - New Zealand by regional council,B0201,Fiji,03,2 years,99,Total - age,99,Total - gender,279,,,
DATAFLOW,STATSNZ:CEN23_ECI_005(1.0),"Birthplace, years since arrival in New Zealand, age, and gender for the overseas-born census usually resident population count, (RC, TALB, Health), 2013, 2018, and 2023 Censuses",I,2023,2023,9999,Total - New Zealand by regional council,B10,The Americas,02,1 year,99,Total - age,99,Total - gender,1833,,,
DATAFLOW,STATSNZ:CEN23_ECI_005(1.0),"Birthplace, years since arrival in New Zealand, age, and gender for the overseas-born census usually resident population count, (RC, TALB, Health), 2013, 2018, and 2023 Censuses",I,2023,2023,9999,Total - New Zealand by regional council,B0413,Austria,05,4 years,99,Total - age,99,Total - gender,54,,,
DATAFLOW,STATSNZ:CEN23_ECI_005(1.0),"Birthplace, years since arrival in New Zealand, age, and gender for the overseas-born census usually resident population count, (RC, TALB, Health), 2013, 2018, and 2023 Censuses",I,2023,2023,9999,Total - New Zealand by regional council,B0404,Netherlands,777,Total stated - years since arrival in New Zealand,99,Total - age,99,Total - gender,17301,,,
DATAFLOW,STATSNZ:CEN23_ECI_005(1.0),"Birthplace, years since arrival in New Zealand, age, and gender for the overseas-born census usually resident population count, (RC, TALB, Health), 2013, 2018, and 2023 Censuses",I,2023,2023,9999,Total - New Zealand by regional council,B0412,Denmark,999,Total - years since arrival in New Zealand,99,Total - age,99,Total - gender,1428,,,
DATAFLOW,STATSNZ:CEN23_ECI_005(1.0),"Birthplace, years since arrival in New Zealand, age, and gender for the overseas-born census usually resident population count, (RC, TALB, Health), 2013, 2018, and 2023 Censuses",I,2023,2023,9999,Total - New Zealand by regional council,B0905,Nepal,999,Total - years since arrival in New Zealand,99,Total - age,99,Total - gender,6174,,,
DATAFLOW,STATSNZ:CEN23_ECI_005(1.0),"Birthplace, years since arrival in New Zealand, age, and gender for the overseas-born census usually resident population count, (RC, TALB, Health), 2013, 2018, and 2023 Censuses",I,2023,2023,9999,Total - New Zealand by regional council,B0802,"Korea, Republic of",03,2 years,99,Total - age,99,Total - gender,174,,,
DATAFLOW,STATSNZ:CEN23_ECI_005(1.0),"Birthplace, years since arrival in New Zealand, age, and gender for the overseas-born census usually resident population count, (RC, TALB, Health), 2013, 2018, and 2023 Censuses",I,2023,2023,9999,Total - New Zealand by regional council,B06,North Africa and the Middle East,07,10-19 years,99,Total - age,99,Total - gender,6174,,,
DATAFLOW,STATSNZ:CEN23_ECI_005(1.0),"Birthplace, years since arrival in New Zealand, age, and gender for the overseas-born census usually resident population count, (RC, TALB, Health), 2013, 2018, and 2023 Censuses",I,2023,2023,9999,Total - New Zealand by regional council,B10,The Americas,777,Total stated - years since arrival in New Zealand,99,Total - age,99,Total - gender,77232,,,
DATAFLOW,STATSNZ:CEN23_ECI_005(1.0),"Birthplace, years since arrival in New Zealand, age, and gender for the overseas-born census usually resident population count, (RC, TALB, Health), 2013, 2018, and 2023 Censuses",I,2023,2023,9999,Total - New Zealand by regional council,B0604,Egypt,Mean,Average - years since arrival in New Zealand,99,Total - age,99,Total - gender,16.1,,,
DATAFLOW,STATSNZ:CEN23_ECI_005(1.0),"Birthplace, years since arrival in New Zealand, age, and gender for the overseas-born census usually resident population count, (RC, TALB, Health), 2013, 2018, and 2023 Censuses",I,2023,2023,9999,Total - New Zealand by regional council,999999,Total - birthplace,999,Total - years since arrival in New Zealand,99,Total - age,99,Total - gender,1426983,,,
DATAFLOW,STATSNZ:CEN23_ECI_005(1.0),"Birthplace, years since arrival in New Zealand, age, and gender for the overseas-born census usually resident population count, (RC, TALB, Health), 2013, 2018, and 2023 Censuses",I,2023,2023,9999,Total - New Zealand by regional council,B1105,Ethiopia,05,4 years,99,Total - age,99,Total - gender,63,,,
DATAFLOW,STATSNZ:CEN23_ECI_005(1.0),"Birthplace, years since arrival in New Zealand, age, and gender for the overseas-born census usually resident population count, (RC, TALB, Health), 2013, 2018, and 2023 Censuses",I,2023,2023,9999,Total - New Zealand by regional council,B0201,Fiji,01,Less than one year,99,Total - age,99,Total - gender,4719,,,
DATAFLOW,STATSNZ:CEN23_ECI_005(1.0),"Birthplace, years since arrival in New Zealand, age, and gender for the overseas-born census usually resident population count, (RC, TALB, Health), 2013, 2018, and 2023 Censuses",I,2023,2023,9999,Total - New Zealand by regional council,B0416,Other,09,Not elsewhere included,99,Total - age,99,Total - gender,9,,,
DATAFLOW,STATSNZ:CEN23_ECI_005(1.0),"Birthplace, years since arrival in New Zealand, age, and gender for the overseas-born census usually resident population count, (RC, TALB, Health), 2013, 2018, and 2023 Censuses",I,2023,2023,9999,Total - New Zealand by regional council,B0707,Singapore,777,Total stated - years since arrival in New Zealand,99,Total - age,99,Total - gender,7509,,,
DATAFLOW,STATSNZ:CEN23_ECI_005(1.0),"Birthplace, years since arrival in New Zealand, age, and gender for the overseas-born census usually resident population count, (RC, TALB, Health), 2013, 2018, and 2023 Censuses",I,2023,2023,9999,Total - New Zealand by regional council,B04,North-West Europe,08,20 years or more,99,Total - age,99,Total - gender,171300,,,
DATAFLOW,STATSNZ:CEN23_ECI_005(1.0),"Birthplace, years since arrival in New Zealand, age, and gender for the overseas-born census usually resident population count, (RC, TALB, Health), 2013, 2018, and 2023 Censuses",I,2023,2023,9999,Total - New Zealand by regional council,B0903,Pakistan,05,4 years,99,Total - age,99,Total - gender,474,,,
DATAFLOW,STATSNZ:CEN23_ECI_005(1.0),"Birthplace, years since arrival in New Zealand, age, and gender for the overseas-born census usually resident population count, (RC, TALB, Health), 2013, 2018, and 2023 Censuses",I,2023,2023,9999,Total - New Zealand by regional council,B0416,Other,05,4 years,99,Total - age,99,Total - gender,69,,,
DATAFLOW,STATSNZ:CEN23_ECI_005(1.0),"Birthplace, years since arrival in New Zealand, age, and gender for the overseas-born census usually resident population count, (RC, TALB, Health), 2013, 2018, and 2023 Censuses",I,2023,2023,9999,Total - New Zealand by regional council,B1008,Other Americas,05,4 years,99,Total - age,99,Total - gender,330,,,
DATAFLOW,STATSNZ:CEN23_ECI_005(1.0),"Birthplace, years since arrival in New Zealand, age, and gender for the overseas-born census usually resident population count, (RC, TALB, Health), 2013, 2018, and 2023 Censuses",I,2023,2023,9999,Total - New Zealand by regional council,B0905,Nepal,04,3 years,99,Total - age,99,Total - gender,873,,,
DATAFLOW,STATSNZ:CEN23_ECI_005(1.0),"Birthplace, years since arrival in New Zealand, age, and gender for the overseas-born census usually resident population count, (RC, TALB, Health), 2013, 2018, and 2023 Censuses",I,2023,2023,9999,Total - New Zealand by regional council,B0903,Pakistan,08,20 years or more,99,Total - age,99,Total - gender,1002,,,
DATAFLOW,STATSNZ:CEN23_ECI_005(1.0),"Birthplace, years since arrival in New Zealand, age, and gender for the overseas-born census usually resident population count, (RC, TALB, Health), 2013, 2018, and 2023 Censuses",I,2023,2023,9999,Total - New Zealand by regional council,B0901,India,05,4 years,99,Total - age,99,Total - gender,9093,,,
DATAFLOW,STATSNZ:CEN23_ECI_005(1.0),"Birthplace, years since arrival in New Zealand, age, and gender for the overseas-born census usually resident population count, (RC, TALB, Health), 2013, 2018, and 2023 Censuses",I,2023,2023,9999,Total - New Zealand by regional council,B1008,Other Americas,04,3 years,99,Total - age,99,Total - gender,384,,,
DATAFLOW,STATSNZ:CEN23_ECI_005(1.0),"Birthplace, years since arrival in New Zealand, age, and gender for the overseas-born census usually resident population count, (RC, TALB, Health), 2013, 2018, and 2023 Censuses",I,2023,2023,9999,Total - New Zealand by regional council,B1004,Chile,07,10-19 years,99,Total - age,99,Total - gender,1347,,,
DATAFLOW,STATSNZ:CEN23_ECI_005(1.0),"Birthplace, years since arrival in New Zealand, age, and gender for the overseas-born census usually resident population count, (RC, TALB, Health), 2013, 2018, and 2023 Censuses",I,2023,2023,9999,Total - New Zealand by regional council,B1001,United States of America,Mean,Average - years since arrival in New Zealand,99,Total - age,99,Total - gender,15.8,,,
DATAFLOW,STATSNZ:CEN23_ECI_005(1.0),"Birthplace, years since arrival in New Zealand, age, and gender for the overseas-born census usually resident population count, (RC, TALB, Health), 2013, 2018, and 2023 Censuses",I,2023,2023,9999,Total - New Zealand by regional council,B0906,Bangladesh,08,20 years or more,99,Total - age,99,Total - gender,636,,,
DATAFLOW,STATSNZ:CEN23_ECI_005(1.0),"Birthplace, years since arrival in New Zealand, age, and gender for the overseas-born census usually resident population count, (RC, TALB, Health), 2013, 2018, and 2023 Censuses",I,2023,2023,9999,Total - New Zealand by regional council,B0708,Myanmar,05,4 years,99,Total - age,99,Total - gender,207,,,
DATAFLOW,STATSNZ:CEN23_ECI_005(1.0),"Birthplace, years since arrival in New Zealand, age, and gender for the overseas-born census usually resident population count, (RC, TALB, Health), 2013, 2018, and 2023 Censuses",I,2023,2023,9999,Total - New Zealand by regional council,B1107,Other Sub-Saharan Africa,777,Total stated - years since arrival in New Zealand,99,Total - age,99,Total - gender,6564,,,
DATAFLOW,STATSNZ:CEN23_ECI_005(1.0),"Birthplace, years since arrival in New Zealand, age, and gender for the overseas-born census usually resident population count, (RC, TALB, Health), 2013, 2018, and 2023 Censuses",I,2023,2023,9999,Total - New Zealand by regional council,B1103,Kenya,04,3 years,99,Total - age,99,Total - gender,54,,,
DATAFLOW,STATSNZ:CEN23_ECI_005(1.0),"Birthplace, years since arrival in New Zealand, age, and gender for the overseas-born census usually resident population count, (RC, TALB, Health), 2013, 2018, and 2023 Censuses",I,2023,2023,9999,Total - New Zealand by regional council,B0512,Other,09,Not elsewhere included,99,Total - age,99,Total - gender,42,,,
DATAFLOW,STATSNZ:CEN23_ECI_005(1.0),"Birthplace, years since arrival in New Zealand, age, and gender for the overseas-born census usually resident population count, (RC, TALB, Health), 2013, 2018, and 2023 Censuses",I,2023,2023,9999,Total - New Zealand by regional council,B0211,Solomon Islands,01,Less than one year,99,Total - age,99,Total - gender,108,,,
DATAFLOW,STATSNZ:CEN23_ECI_005(1.0),"Birthplace, years since arrival in New Zealand, age, and gender for the overseas-born census usually resident population count, (RC, TALB, Health), 2013, 2018, and 2023 Censuses",I,2023,2023,9999,Total - New Zealand by regional council,B0204,Cook Islands,09,Not elsewhere included,99,Total - age,99,Total - gender,450,,,
DATAFLOW,STATSNZ:CEN23_ECI_005(1.0),"Birthplace, years since arrival in New Zealand, age, and gender for the overseas-born census usually resident population count, (RC, TALB, Health), 2013, 2018, and 2023 Censuses",I,2023,2023,9999,Total - New Zealand by regional council,B0706,Indonesia,04,3 years,99,Total - age,99,Total - gender,471,,,
DATAFLOW,STATSNZ:CEN23_ECI_005(1.0),"Birthplace, years since arrival in New Zealand, age, and gender for the overseas-born census usually resident population count, (RC, TALB, Health), 2013, 2018, and 2023 Censuses",I,2023,2023,9999,Total - New Zealand by regional council,B0602,Iran,09,Not elsewhere included,99,Total - age,99,Total - gender,45,,,
DATAFLOW,STATSNZ:CEN23_ECI_005(1.0),"Birthplace, years since arrival in New Zealand, age, and gender for the overseas-born census usually resident population count, (RC, TALB, Health), 2013, 2018, and 2023 Censuses",I,2023,2023,9999,Total - New Zealand by regional council,B08,North-East Asia,08,20 years or more,99,Total - age,99,Total - gender,74403,,,
DATAFLOW,STATSNZ:CEN23_ECI_005(1.0),"Birthplace, years since arrival in New Zealand, age, and gender for the overseas-born census usually resident population count, (RC, TALB, Health), 2013, 2018, and 2023 Censuses",I,2023,2023,9999,Total - New Zealand by regional council,B1104,Zambia,08,20 years or more,99,Total - age,99,Total - gender,921,,,
DATAFLOW,STATSNZ:CEN23_ECI_005(1.0),"Birthplace, years since arrival in New Zealand, age, and gender for the overseas-born census usually resident population count, (RC, TALB, Health), 2013, 2018, and 2023 Censuses",I,2023,2023,9999,Total - New Zealand by regional council,B0406,Ireland,04,3 years,99,Total - age,99,Total - gender,414,,,
DATAFLOW,STATSNZ:CEN23_ECI_005(1.0),"Birthplace, years since arrival in New Zealand, age, and gender for the overseas-born census usually resident population count, (RC, TALB, Health), 2013, 2018, and 2023 Censuses",I,2023,2023,9999,Total - New Zealand by regional council,B03,Other Oceania and Antarctica,07,10-19 years,99,Total - age,99,Total - gender,0,,,
DATAFLOW,STATSNZ:CEN23_ECI_005(1.0),"Birthplace, years since arrival in New Zealand, age, and gender for the overseas-born census usually resident population count, (RC, TALB, Health), 2013, 2018, and 2023 Censuses",I,2023,2023,9999,Total - New Zealand by regional council,B0502,Italy,Mean,Average - years since arrival in New Zealand,99,Total - age,99,Total - gender,15.5,,,
DATAFLOW,STATSNZ:CEN23_ECI_005(1.0),"Birthplace, years since arrival in New Zealand, age, and gender for the overseas-born census usually resident population count, (RC, TALB, Health), 2013, 2018, and 2023 Censuses",I,2023,2023,9999,Total - New Zealand by regional council,B0201,Fiji,Mean,Average - years since arrival in New Zealand,99,Total - age,99,Total - gender,18.1,,,
DATAFLOW,STATSNZ:CEN23_ECI_005(1.0),"Birthplace, years since arrival in New Zealand, age, and gender for the overseas-born census usually resident population count, (RC, TALB, Health), 2013, 2018, and 2023 Censuses",I,2023,2023,9999,Total - New Zealand by regional council,B1004,Chile,Mean,Average - years since arrival in New Zealand,99,Total - age,99,Total - gender,10.3,,,
DATAFLOW,STATSNZ:CEN23_ECI_005(1.0),"Birthplace, years since arrival in New Zealand, age, and gender for the overseas-born census usually resident population count, (RC, TALB, Health), 2013, 2018, and 2023 Censuses",I,2023,2023,9999,Total - New Zealand by regional council,B0410,Switzerland,Mean,Average - years since arrival in New Zealand,99,Total - age,99,Total - gender,26.8,,,
DATAFLOW,STATSNZ:CEN23_ECI_005(1.0),"Birthplace, years since arrival in New Zealand, age, and gender for the overseas-born census usually resident population count, (RC, TALB, Health), 2013, 2018, and 2023 Censuses",I,2023,2023,9999,Total - New Zealand by regional council,B0504,Poland,08,20 years or more,99,Total - age,99,Total - gender,915,,,
DATAFLOW,STATSNZ:CEN23_ECI_005(1.0),"Birthplace, years since arrival in New Zealand, age, and gender for the overseas-born census usually resident population count, (RC, TALB, Health), 2013, 2018, and 2023 Censuses",I,2023,2023,9999,Total - New Zealand by regional council,B0706,Indonesia,09,Not elsewhere included,99,Total - age,99,Total - gender,54,,,
DATAFLOW,STATSNZ:CEN23_ECI_005(1.0),"Birthplace, years since arrival in New Zealand, age, and gender for the overseas-born census usually resident population count, (RC, TALB, Health), 2013, 2018, and 2023 Censuses",I,2023,2023,9999,Total - New Zealand by regional council,B0202,Samoa,01,Less than one year,99,Total - age,99,Total - gender,2505,,,
DATAFLOW,STATSNZ:CEN23_ECI_005(1.0),"Birthplace, years since arrival in New Zealand, age, and gender for the overseas-born census usually resident population count, (RC, TALB, Health), 2013, 2018, and 2023 Censuses",I,2023,2023,9999,Total - New Zealand by regional council,B0705,Cambodia,999,Total - years since arrival in New Zealand,99,Total - age,99,Total - gender,8118,,,
DATAFLOW,STATSNZ:CEN23_ECI_005(1.0),"Birthplace, years since arrival in New Zealand, age, and gender for the overseas-born census usually resident population count, (RC, TALB, Health), 2013, 2018, and 2023 Censuses",I,2023,2023,9999,Total - New Zealand by regional council,B0901,India,999,Total - years since arrival in New Zealand,99,Total - age,99,Total - gender,142920,,,
DATAFLOW,STATSNZ:CEN23_ECI_005(1.0),"Birthplace, years since arrival in New Zealand, age, and gender for the overseas-born census usually resident population count, (RC, TALB, Health), 2013, 2018, and 2023 Censuses",I,2023,2023,9999,Total - New Zealand by regional council,B1001,United States of America,07,10-19 years,99,Total - age,99,Total - gender,7932,,,
DATAFLOW,STATSNZ:CEN23_ECI_005(1.0),"Birthplace, years since arrival in New Zealand, age, and gender for the overseas-born census usually resident population count, (RC, TALB, Health), 2013, 2018, and 2023 Censuses",I,2023,2023,9999,Total - New Zealand by regional council,B0208,Tuvalu,05,4 years,99,Total - age,99,Total - gender,102,,,
DATAFLOW,STATSNZ:CEN23_ECI_005(1.0),"Birthplace, years since arrival in New Zealand, age, and gender for the overseas-born census usually resident population count, (RC, TALB, Health), 2013, 2018, and 2023 Censuses",I,2023,2023,9999,Total - New Zealand by regional council,B0415,Channel Islands,999,Total - years since arrival in New Zealand,99,Total - age,99,Total - gender,1029,,,
DATAFLOW,STATSNZ:CEN23_ECI_005(1.0),"Birthplace, years since arrival in New Zealand, age, and gender for the overseas-born census usually resident population count, (RC, TALB, Health), 2013, 2018, and 2023 Censuses",I,2023,2023,9999,Total - New Zealand by regional council,B0414,Belgium,09,Not elsewhere included,99,Total - age,99,Total - gender,9,,,
DATAFLOW,STATSNZ:CEN23_ECI_005(1.0),"Birthplace, years since arrival in New Zealand, age, and gender for the overseas-born census usually resident population count, (RC, TALB, Health), 2013, 2018, and 2023 Censuses",I,2023,2023,9999,Total - New Zealand by regional council,B1104,Zambia,02,1 year,99,Total - age,99,Total - gender,9,,,
DATAFLOW,STATSNZ:CEN23_ECI_005(1.0),"Birthplace, years since arrival in New Zealand, age, and gender for the overseas-born census usually resident population count, (RC, TALB, Health), 2013, 2018, and 2023 Censuses",I,2023,2023,9999,Total - New Zealand by regional council,B0708,Myanmar,04,3 years,99,Total - age,99,Total - gender,213,,,
DATAFLOW,STATSNZ:CEN23_ECI_005(1.0),"Birthplace, years since arrival in New Zealand, age, and gender for the overseas-born census usually resident population count, (RC, TALB, Health), 2013, 2018, and 2023 Censuses",I,2023,2023,9999,Total - New Zealand by regional council,B0211,Solomon Islands,05,4 years,99,Total - age,99,Total - gender,27,,,
DATAFLOW,STATSNZ:CEN23_ECI_005(1.0),"Birthplace, years since arrival in New Zealand, age, and gender for the overseas-born census usually resident population count, (RC, TALB, Health), 2013, 2018, and 2023 Censuses",I,2023,2023,9999,Total - New Zealand by regional council,B0905,Nepal,03,2 years,99,Total - age,99,Total - gender,75,,,
DATAFLOW,STATSNZ:CEN23_ECI_005(1.0),"Birthplace, years since arrival in New Zealand, age, and gender for the overseas-born census usually resident population count, (RC, TALB, Health), 2013, 2018, and 2023 Censuses",I,2023,2023,9999,Total - New Zealand by regional council,B0503,Czech Republic,05,4 years,99,Total - age,99,Total - gender,144,,,
DATAFLOW,STATSNZ:CEN23_ECI_005(1.0),"Birthplace, years since arrival in New Zealand, age, and gender for the overseas-born census usually resident population count, (RC, TALB, Health), 2013, 2018, and 2023 Censuses",I,2023,2023,9999,Total - New Zealand by regional council,B0416,Other,01,Less than one year,99,Total - age,99,Total - gender,177,,,
DATAFLOW,STATSNZ:CEN23_ECI_005(1.0),"Birthplace, years since arrival in New Zealand, age, and gender for the overseas-born census usually resident population count, (RC, TALB, Health), 2013, 2018, and 2023 Censuses",I,2023,2023,9999,Total - New Zealand by regional council,B1105,Ethiopia,04,3 years,99,Total - age,99,Total - gender,72,,,
DATAFLOW,STATSNZ:CEN23_ECI_005(1.0),"Birthplace, years since arrival in New Zealand, age, and gender for the overseas-born census usually resident population count, (RC, TALB, Health), 2013, 2018, and 2023 Censuses",I,2023,2023,9999,Total - New Zealand by regional council,B1103,Kenya,01,Less than one year,99,Total - age,99,Total - gender,84,,,
DATAFLOW,STATSNZ:CEN23_ECI_005(1.0),"Birthplace, years since arrival in New Zealand, age, and gender for the overseas-born census usually resident population count, (RC, TALB, Health), 2013, 2018, and 2023 Censuses",I,2023,2023,9999,Total - New Zealand by regional council,B1102,Zimbabwe,999,Total - years since arrival in New Zealand,99,Total - age,99,Total - gender,9045,,,
DATAFLOW,STATSNZ:CEN23_ECI_005(1.0),"Birthplace, years since arrival in New Zealand, age, and gender for the overseas-born census usually resident population count, (RC, TALB, Health), 2013, 2018, and 2023 Censuses",I,2023,2023,9999,Total - New Zealand by regional council,B12,At sea,777,Total stated - years since arrival in New Zealand,99,Total - age,99,Total - gender,0,,,
DATAFLOW,STATSNZ:CEN23_ECI_005(1.0),"Birthplace, years since arrival in New Zealand, age, and gender for the overseas-born census usually resident population count, (RC, TALB, Health), 2013, 2018, and 2023 Censuses",I,2023,2023,9999,Total - New Zealand by regional council,B0202,Samoa,777,Total stated - years since arrival in New Zealand,99,Total - age,99,Total - gender,59667,,,
DATAFLOW,STATSNZ:CEN23_ECI_005(1.0),"Birthplace, years since arrival in New Zealand, age, and gender for the overseas-born census usually resident population count, (RC, TALB, Health), 2013, 2018, and 2023 Censuses",I,2023,2023,9999,Total - New Zealand by regional council,B0701,Philippines,01,Less than one year,99,Total - age,99,Total - gender,16833,,,
DATAFLOW,STATSNZ:CEN23_ECI_005(1.0),"Birthplace, years since arrival in New Zealand, age, and gender for the overseas-born census usually resident population count, (RC, TALB, Health), 2013, 2018, and 2023 Censuses",I,2023,2023,9999,Total - New Zealand by regional council,B12,At sea,05,4 years,99,Total - age,99,Total - gender,0,,,
DATAFLOW,STATSNZ:CEN23_ECI_005(1.0),"Birthplace, years since arrival in New Zealand, age, and gender for the overseas-born census usually resident population count, (RC, TALB, Health), 2013, 2018, and 2023 Censuses",I,2023,2023,9999,Total - New Zealand by regional council,B1104,Zambia,09,Not elsewhere included,99,Total - age,99,Total - gender,3,,,
DATAFLOW,STATSNZ:CEN23_ECI_005(1.0),"Birthplace, years since arrival in New Zealand, age, and gender for the overseas-born census usually resident population count, (RC, TALB, Health), 2013, 2018, and 2023 Censuses",I,2023,2023,9999,Total - New Zealand by regional council,B0703,Thailand,07,10-19 years,99,Total - age,99,Total - gender,3210,,,
DATAFLOW,STATSNZ:CEN23_ECI_005(1.0),"Birthplace, years since arrival in New Zealand, age, and gender for the overseas-born census usually resident population count, (RC, TALB, Health), 2013, 2018, and 2023 Censuses",I,2023,2023,9999,Total - New Zealand by regional council,B0413,Austria,03,2 years,99,Total - age,99,Total - gender,18,,,
DATAFLOW,STATSNZ:CEN23_ECI_005(1.0),"Birthplace, years since arrival in New Zealand, age, and gender for the overseas-born census usually resident population count, (RC, TALB, Health), 2013, 2018, and 2023 Censuses",I,2023,2023,9999,Total - New Zealand by regional council,B0802,"Korea, Republic of",04,3 years,99,Total - age,99,Total - gender,1260,,,
DATAFLOW,STATSNZ:CEN23_ECI_005(1.0),"Birthplace, years since arrival in New Zealand, age, and gender for the overseas-born census usually resident population count, (RC, TALB, Health), 2013, 2018, and 2023 Censuses",I,2023,2023,9999,Total - New Zealand by regional council,B0509,Hungary,Mean,Average - years since arrival in New Zealand,99,Total - age,99,Total - gender,20.7,,,
DATAFLOW,STATSNZ:CEN23_ECI_005(1.0),"Birthplace, years since arrival in New Zealand, age, and gender for the overseas-born census usually resident population count, (RC, TALB, Health), 2013, 2018, and 2023 Censuses",I,2023,2023,9999,Total - New Zealand by regional council,B07,South-East Asia,999,Total - years since arrival in New Zealand,99,Total - age,99,Total - gender,174120,,,
DATAFLOW,STATSNZ:CEN23_ECI_005(1.0),"Birthplace, years since arrival in New Zealand, age, and gender for the overseas-born census usually resident population count, (RC, TALB, Health), 2013, 2018, and 2023 Censuses",I,2023,2023,9999,Total - New Zealand by regional council,B1103,Kenya,07,10-19 years,99,Total - age,99,Total - gender,441,,,
DATAFLOW,STATSNZ:CEN23_ECI_005(1.0),"Birthplace, years since arrival in New Zealand, age, and gender for the overseas-born census usually resident population count, (RC, TALB, Health), 2013, 2018, and 2023 Censuses",I,2023,2023,9999,Total - New Zealand by regional council,B1107,Other Sub-Saharan Africa,06,5-9 years,99,Total - age,99,Total - gender,1104,,,
DATAFLOW,STATSNZ:CEN23_ECI_005(1.0),"Birthplace, years since arrival in New Zealand, age, and gender for the overseas-born census usually resident population count, (RC, TALB, Health), 2013, 2018, and 2023 Censuses",I,2023,2023,9999,Total - New Zealand by regional council,B0205,Niue,08,20 years or more,99,Total - age,99,Total - gender,3333,,,
DATAFLOW,STATSNZ:CEN23_ECI_005(1.0),"Birthplace, years since arrival in New Zealand, age, and gender for the overseas-born census usually resident population count, (RC, TALB, Health), 2013, 2018, and 2023 Censuses",I,2023,2023,9999,Total - New Zealand by regional council,B1003,Brazil,07,10-19 years,99,Total - age,99,Total - gender,2529,,,
DATAFLOW,STATSNZ:CEN23_ECI_005(1.0),"Birthplace, years since arrival in New Zealand, age, and gender for the overseas-born census usually resident population count, (RC, TALB, Health), 2013, 2018, and 2023 Censuses",I,2023,2023,9999,Total - New Zealand by regional council,B0510,Serbia,Mean,Average - years since arrival in New Zealand,99,Total - age,99,Total - gender,18.1,,,
DATAFLOW,STATSNZ:CEN23_ECI_005(1.0),"Birthplace, years since arrival in New Zealand, age, and gender for the overseas-born census usually resident population count, (RC, TALB, Health), 2013, 2018, and 2023 Censuses",I,2023,2023,9999,Total - New Zealand by regional council,B0402,Scotland,08,20 years or more,99,Total - age,99,Total - gender,15678,,,
DATAFLOW,STATSNZ:CEN23_ECI_005(1.0),"Birthplace, years since arrival in New Zealand, age, and gender for the overseas-born census usually resident population count, (RC, TALB, Health), 2013, 2018, and 2023 Censuses",I,2023,2023,9999,Total - New Zealand by regional council,B02,Pacific Islands,08,20 years or more,99,Total - age,99,Total - gender,83886,,,
DATAFLOW,STATSNZ:CEN23_ECI_005(1.0),"Birthplace, years since arrival in New Zealand, age, and gender for the overseas-born census usually resident population count, (RC, TALB, Health), 2013, 2018, and 2023 Censuses",I,2023,2023,9999,Total - New Zealand by regional council,B03,Other Oceania and Antarctica,04,3 years,99,Total - age,99,Total - gender,3,,,
DATAFLOW,STATSNZ:CEN23_ECI_005(1.0),"Birthplace, years since arrival in New Zealand, age, and gender for the overseas-born census usually resident population count, (RC, TALB, Health), 2013, 2018, and 2023 Censuses",I,2023,2023,9999,Total - New Zealand by regional council,B1102,Zimbabwe,03,2 years,99,Total - age,99,Total - gender,54,,,
DATAFLOW,STATSNZ:CEN23_ECI_005(1.0),"Birthplace, years since arrival in New Zealand, age, and gender for the overseas-born census usually resident population count, (RC, TALB, Health), 2013, 2018, and 2023 Censuses",I,2023,2023,9999,Total - New Zealand by regional council,B1005,Argentina,07,10-19 years,99,Total - age,99,Total - gender,930,,,
DATAFLOW,STATSNZ:CEN23_ECI_005(1.0),"Birthplace, years since arrival in New Zealand, age, and gender for the overseas-born census usually resident population count, (RC, TALB, Health), 2013, 2018, and 2023 Censuses",I,2023,2023,9999,Total - New Zealand by regional council,B0512,Other,02,1 year,99,Total - age,99,Total - gender,84,,,
DATAFLOW,STATSNZ:CEN23_ECI_005(1.0),"Birthplace, years since arrival in New Zealand, age, and gender for the overseas-born census usually resident population count, (RC, TALB, Health), 2013, 2018, and 2023 Censuses",I,2023,2023,9999,Total - New Zealand by regional council,B0505,Romania,09,Not elsewhere included,99,Total - age,99,Total - gender,15,,,
DATAFLOW,STATSNZ:CEN23_ECI_005(1.0),"Birthplace, years since arrival in New Zealand, age, and gender for the overseas-born census usually resident population count, (RC, TALB, Health), 2013, 2018, and 2023 Censuses",I,2023,2023,9999,Total - New Zealand by regional council,B1107,Other Sub-Saharan Africa,05,4 years,99,Total - age,99,Total - gender,339,,,
DATAFLOW,STATSNZ:CEN23_ECI_005(1.0),"Birthplace, years since arrival in New Zealand, age, and gender for the overseas-born census usually resident population count, (RC, TALB, Health), 2013, 2018, and 2023 Censuses",I,2023,2023,9999,Total - New Zealand by regional council,B0906,Bangladesh,03,2 years,99,Total - age,99,Total - gender,33,,,
DATAFLOW,STATSNZ:CEN23_ECI_005(1.0),"Birthplace, years since arrival in New Zealand, age, and gender for the overseas-born census usually resident population count, (RC, TALB, Health), 2013, 2018, and 2023 Censuses",I,2023,2023,9999,Total - New Zealand by regional council,B0902,Sri Lanka,999,Total - years since arrival in New Zealand,99,Total - age,99,Total - gender,19470,,,
DATAFLOW,STATSNZ:CEN23_ECI_005(1.0),"Birthplace, years since arrival in New Zealand, age, and gender for the overseas-born census usually resident population count, (RC, TALB, Health), 2013, 2018, and 2023 Censuses",I,2023,2023,9999,Total - New Zealand by regional council,B0804,Hong Kong (Special Administrative Region),09,Not elsewhere included,99,Total - age,99,Total - gender,66,,,
DATAFLOW,STATSNZ:CEN23_ECI_005(1.0),"Birthplace, years since arrival in New Zealand, age, and gender for the overseas-born census usually resident population count, (RC, TALB, Health), 2013, 2018, and 2023 Censuses",I,2023,2023,9999,Total - New Zealand by regional council,B0704,Viet Nam,08,20 years or more,99,Total - age,99,Total - gender,3204,,,
DATAFLOW,STATSNZ:CEN23_ECI_005(1.0),"Birthplace, years since arrival in New Zealand, age, and gender for the overseas-born census usually resident population count, (RC, TALB, Health), 2013, 2018, and 2023 Censuses",I,2023,2023,9999,Total - New Zealand by regional council,B0703,Thailand,777,Total stated - years since arrival in New Zealand,99,Total - age,99,Total - gender,11835,,,
DATAFLOW,STATSNZ:CEN23_ECI_005(1.0),"Birthplace, years since arrival in New Zealand, age, and gender for the overseas-born census usually resident population count, (RC, TALB, Health), 2013, 2018, and 2023 Censuses",I,2023,2023,9999,Total - New Zealand by regional council,B0605,United Arab Emirates,05,4 years,99,Total - age,99,Total - gender,234,,,
DATAFLOW,STATSNZ:CEN23_ECI_005(1.0),"Birthplace, years since arrival in New Zealand, age, and gender for the overseas-born census usually resident population count, (RC, TALB, Health), 2013, 2018, and 2023 Censuses",I,2023,2023,9999,Total - New Zealand by regional council,B02,Pacific Islands,02,1 year,99,Total - age,99,Total - gender,1956,,,
DATAFLOW,STATSNZ:CEN23_ECI_005(1.0),"Birthplace, years since arrival in New Zealand, age, and gender for the overseas-born census usually resident population count, (RC, TALB, Health), 2013, 2018, and 2023 Censuses",I,2023,2023,9999,Total - New Zealand by regional council,B08,North-East Asia,07,10-19 years,99,Total - age,99,Total - gender,52533,,,
DATAFLOW,STATSNZ:CEN23_ECI_005(1.0),"Birthplace, years since arrival in New Zealand, age, and gender for the overseas-born census usually resident population count, (RC, TALB, Health), 2013, 2018, and 2023 Censuses",I,2023,2023,9999,Total - New Zealand by regional council,B1008,Other Americas,999,Total - years since arrival in New Zealand,99,Total - age,99,Total - gender,5688,,,
DATAFLOW,STATSNZ:CEN23_ECI_005(1.0),"Birthplace, years since arrival in New Zealand, age, and gender for the overseas-born census usually resident population count, (RC, TALB, Health), 2013, 2018, and 2023 Censuses",I,2023,2023,9999,Total - New Zealand by regional council,B0504,Poland,777,Total stated - years since arrival in New Zealand,99,Total - age,99,Total - gender,2481,,,
DATAFLOW,STATSNZ:CEN23_ECI_005(1.0),"Birthplace, years since arrival in New Zealand, age, and gender for the overseas-born census usually resident population count, (RC, TALB, Health), 2013, 2018, and 2023 Censuses",I,2023,2023,9999,Total - New Zealand by regional council,B0501,Russia,05,4 years,99,Total - age,99,Total - gender,411,,,
DATAFLOW,STATSNZ:CEN23_ECI_005(1.0),"Birthplace, years since arrival in New Zealand, age, and gender for the overseas-born census usually resident population count, (RC, TALB, Health), 2013, 2018, and 2023 Censuses",I,2023,2023,9999,Total - New Zealand by regional council,B0415,Channel Islands,06,5-9 years,99,Total - age,99,Total - gender,99,,,
DATAFLOW,STATSNZ:CEN23_ECI_005(1.0),"Birthplace, years since arrival in New Zealand, age, and gender for the overseas-born census usually resident population count, (RC, TALB, Health), 2013, 2018, and 2023 Censuses",I,2023,2023,9999,Total - New Zealand by regional council,B0206,Vanuatu,01,Less than one year,99,Total - age,99,Total - gender,639,,,
DATAFLOW,STATSNZ:CEN23_ECI_005(1.0),"Birthplace, years since arrival in New Zealand, age, and gender for the overseas-born census usually resident population count, (RC, TALB, Health), 2013, 2018, and 2023 Censuses",I,2023,2023,9999,Total - New Zealand by regional council,B0907,Other,01,Less than one year,99,Total - age,99,Total - gender,126,,,
DATAFLOW,STATSNZ:CEN23_ECI_005(1.0),"Birthplace, years since arrival in New Zealand, age, and gender for the overseas-born census usually resident population count, (RC, TALB, Health), 2013, 2018, and 2023 Censuses",I,2023,2023,9999,Total - New Zealand by regional council,B0602,Iran,06,5-9 years,99,Total - age,99,Total - gender,1368,,,
DATAFLOW,STATSNZ:CEN23_ECI_005(1.0),"Birthplace, years since arrival in New Zealand, age, and gender for the overseas-born census usually resident population count, (RC, TALB, Health), 2013, 2018, and 2023 Censuses",I,2023,2023,9999,Total - New Zealand by regional council,B0906,Bangladesh,09,Not elsewhere included,99,Total - age,99,Total - gender,12,,,
DATAFLOW,STATSNZ:CEN23_ECI_005(1.0),"Birthplace, years since arrival in New Zealand, age, and gender for the overseas-born census usually resident population count, (RC, TALB, Health), 2013, 2018, and 2023 Censuses",I,2023,2023,9999,Total - New Zealand by regional council,B0902,Sri Lanka,07,10-19 years,99,Total - age,99,Total - gender,4188,,,
DATAFLOW,STATSNZ:CEN23_ECI_005(1.0),"Birthplace, years since arrival in New Zealand, age, and gender for the overseas-born census usually resident population count, (RC, TALB, Health), 2013, 2018, and 2023 Censuses",I,2023,2023,9999,Total - New Zealand by regional council,B1005,Argentina,04,3 years,99,Total - age,99,Total - gender,738,,,
DATAFLOW,STATSNZ:CEN23_ECI_005(1.0),"Birthplace, years since arrival in New Zealand, age, and gender for the overseas-born census usually resident population count, (RC, TALB, Health), 2013, 2018, and 2023 Censuses",I,2023,2023,9999,Total - New Zealand by regional council,B0207,Kiribati,08,20 years or more,99,Total - age,99,Total - gender,549,,,
DATAFLOW,STATSNZ:CEN23_ECI_005(1.0),"Birthplace, years since arrival in New Zealand, age, and gender for the overseas-born census usually resident population count, (RC, TALB, Health), 2013, 2018, and 2023 Censuses",I,2023,2023,9999,Total - New Zealand by regional council,B0602,Iran,Mean,Average - years since arrival in New Zealand,99,Total - age,99,Total - gender,14,,,
DATAFLOW,STATSNZ:CEN23_ECI_005(1.0),"Birthplace, years since arrival in New Zealand, age, and gender for the overseas-born census usually resident population count, (RC, TALB, Health), 2013, 2018, and 2023 Censuses",I,2023,2023,9999,Total - New Zealand by regional council,B0503,Czech Republic,04,3 years,99,Total - age,99,Total - gender,210,,,
DATAFLOW,STATSNZ:CEN23_ECI_005(1.0),"Birthplace, years since arrival in New Zealand, age, and gender for the overseas-born census usually resident population count, (RC, TALB, Health), 2013, 2018, and 2023 Censuses",I,2023,2023,9999,Total - New Zealand by regional council,B0210,Tokelau,Mean,Average - years since arrival in New Zealand,99,Total - age,99,Total - gender,33.4,,,
DATAFLOW,STATSNZ:CEN23_ECI_005(1.0),"Birthplace, years since arrival in New Zealand, age, and gender for the overseas-born census usually resident population count, (RC, TALB, Health), 2013, 2018, and 2023 Censuses",I,2023,2023,9999,Total - New Zealand by regional council,B0702,Malaysia,04,3 years,99,Total - age,99,Total - gender,879,,,
DATAFLOW,STATSNZ:CEN23_ECI_005(1.0),"Birthplace, years since arrival in New Zealand, age, and gender for the overseas-born census usually resident population count, (RC, TALB, Health), 2013, 2018, and 2023 Censuses",I,2023,2023,9999,Total - New Zealand by regional council,B0208,Tuvalu,06,5-9 years,99,Total - age,99,Total - gender,369,,,
DATAFLOW,STATSNZ:CEN23_ECI_005(1.0),"Birthplace, years since arrival in New Zealand, age, and gender for the overseas-born census usually resident population count, (RC, TALB, Health), 2013, 2018, and 2023 Censuses",I,2023,2023,9999,Total - New Zealand by regional council,B0212,Other,05,4 years,99,Total - age,99,Total - gender,102,,,
DATAFLOW,STATSNZ:CEN23_ECI_005(1.0),"Birthplace, years since arrival in New Zealand, age, and gender for the overseas-born census usually resident population count, (RC, TALB, Health), 2013, 2018, and 2023 Censuses",I,2023,2023,9999,Total - New Zealand by regional council,B0709,Other,777,Total stated - years since arrival in New Zealand,99,Total - age,99,Total - gender,1494,,,
DATAFLOW,STATSNZ:CEN23_ECI_005(1.0),"Birthplace, years since arrival in New Zealand, age, and gender for the overseas-born census usually resident population count, (RC, TALB, Health), 2013, 2018, and 2023 Censuses",I,2023,2023,9999,Total - New Zealand by regional council,B0410,Switzerland,999,Total - years since arrival in New Zealand,99,Total - age,99,Total - gender,3291,,,
DATAFLOW,STATSNZ:CEN23_ECI_005(1.0),"Birthplace, years since arrival in New Zealand, age, and gender for the overseas-born census usually resident population count, (RC, TALB, Health), 2013, 2018, and 2023 Censuses",I,2023,2023,9999,Total - New Zealand by regional council,B0410,Switzerland,08,20 years or more,99,Total - age,99,Total - gender,1932,,,
DATAFLOW,STATSNZ:CEN23_ECI_005(1.0),"Birthplace, years since arrival in New Zealand, age, and gender for the overseas-born census usually resident population count, (RC, TALB, Health), 2013, 2018, and 2023 Censuses",I,2023,2023,9999,Total - New Zealand by regional council,B04,North-West Europe,06,5-9 years,99,Total - age,99,Total - gender,31974,,,
DATAFLOW,STATSNZ:CEN23_ECI_005(1.0),"Birthplace, years since arrival in New Zealand, age, and gender for the overseas-born census usually resident population count, (RC, TALB, Health), 2013, 2018, and 2023 Censuses",I,2023,2023,9999,Total - New Zealand by regional council,B0802,"Korea, Republic of",07,10-19 years,99,Total - age,99,Total - gender,8268,,,
DATAFLOW,STATSNZ:CEN23_ECI_005(1.0),"Birthplace, years since arrival in New Zealand, age, and gender for the overseas-born census usually resident population count, (RC, TALB, Health), 2013, 2018, and 2023 Censuses",I,2023,2023,9999,Total - New Zealand by regional council,B08,North-East Asia,05,4 years,99,Total - age,99,Total - gender,10263,,,
DATAFLOW,STATSNZ:CEN23_ECI_005(1.0),"Birthplace, years since arrival in New Zealand, age, and gender for the overseas-born census usually resident population count, (RC, TALB, Health), 2013, 2018, and 2023 Censuses",I,2023,2023,9999,Total - New Zealand by regional council,B0413,Austria,02,1 year,99,Total - age,99,Total - gender,21,,,
DATAFLOW,STATSNZ:CEN23_ECI_005(1.0),"Birthplace, years since arrival in New Zealand, age, and gender for the overseas-born census usually resident population count, (RC, TALB, Health), 2013, 2018, and 2023 Censuses",I,2023,2023,9999,Total - New Zealand by regional council,B0905,Nepal,07,10-19 years,99,Total - age,99,Total - gender,954,,,
DATAFLOW,STATSNZ:CEN23_ECI_005(1.0),"Birthplace, years since arrival in New Zealand, age, and gender for the overseas-born census usually resident population count, (RC, TALB, Health), 2013, 2018, and 2023 Censuses",I,2023,2023,9999,Total - New Zealand by regional council,B0704,Viet Nam,Mean,Average - years since arrival in New Zealand,99,Total - age,99,Total - gender,14,,,
DATAFLOW,STATSNZ:CEN23_ECI_005(1.0),"Birthplace, years since arrival in New Zealand, age, and gender for the overseas-born census usually resident population count, (RC, TALB, Health), 2013, 2018, and 2023 Censuses",I,2023,2023,9999,Total - New Zealand by regional council,B0609,Other,999,Total - years since arrival in New Zealand,99,Total - age,99,Total - gender,5760,,,
DATAFLOW,STATSNZ:CEN23_ECI_005(1.0),"Birthplace, years since arrival in New Zealand, age, and gender for the overseas-born census usually resident population count, (RC, TALB, Health), 2013, 2018, and 2023 Censuses",I,2023,2023,9999,Total - New Zealand by regional council,B1107,Other Sub-Saharan Africa,08,20 years or more,99,Total - age,99,Total - gender,1929,,,
DATAFLOW,STATSNZ:CEN23_ECI_005(1.0),"Birthplace, years since arrival in New Zealand, age, and gender for the overseas-born census usually resident population count, (RC, TALB, Health), 2013, 2018, and 2023 Censuses",I,2023,2023,9999,Total - New Zealand by regional council,B0404,Netherlands,09,Not elsewhere included,99,Total - age,99,Total - gender,183,,,
DATAFLOW,STATSNZ:CEN23_ECI_005(1.0),"Birthplace, years since arrival in New Zealand, age, and gender for the overseas-born census usually resident population count, (RC, TALB, Health), 2013, 2018, and 2023 Censuses",I,2023,2023,9999,Total - New Zealand by regional council,B1102,Zimbabwe,02,1 year,99,Total - age,99,Total - gender,84,,,
DATAFLOW,STATSNZ:CEN23_ECI_005(1.0),"Birthplace, years since arrival in New Zealand, age, and gender for the overseas-born census usually resident population count, (RC, TALB, Health), 2013, 2018, and 2023 Censuses",I,2023,2023,9999,Total - New Zealand by regional council,B0608,Turkey,08,20 years or more,99,Total - age,99,Total - gender,291,,,
DATAFLOW,STATSNZ:CEN23_ECI_005(1.0),"Birthplace, years since arrival in New Zealand, age, and gender for the overseas-born census usually resident population count, (RC, TALB, Health), 2013, 2018, and 2023 Censuses",I,2023,2023,9999,Total - New Zealand by regional council,B0709,Other,05,4 years,99,Total - age,99,Total - gender,51,,,
DATAFLOW,STATSNZ:CEN23_ECI_005(1.0),"Birthplace, years since arrival in New Zealand, age, and gender for the overseas-born census usually resident population count, (RC, TALB, Health), 2013, 2018, and 2023 Censuses",I,2023,2023,9999,Total - New Zealand by regional council,B0901,India,08,20 years or more,99,Total - age,99,Total - gender,21804,,,
DATAFLOW,STATSNZ:CEN23_ECI_005(1.0),"Birthplace, years since arrival in New Zealand, age, and gender for the overseas-born census usually resident population count, (RC, TALB, Health), 2013, 2018, and 2023 Censuses",I,2023,2023,9999,Total - New Zealand by regional council,B0402,Scotland,04,3 years,99,Total - age,99,Total - gender,417,,,
DATAFLOW,STATSNZ:CEN23_ECI_005(1.0),"Birthplace, years since arrival in New Zealand, age, and gender for the overseas-born census usually resident population count, (RC, TALB, Health), 2013, 2018, and 2023 Censuses",I,2023,2023,9999,Total - New Zealand by regional council,B0707,Singapore,02,1 year,99,Total - age,99,Total - gender,171,,,
DATAFLOW,STATSNZ:CEN23_ECI_005(1.0),"Birthplace, years since arrival in New Zealand, age, and gender for the overseas-born census usually resident population count, (RC, TALB, Health), 2013, 2018, and 2023 Censuses",I,2023,2023,9999,Total - New Zealand by regional council,B1107,Other Sub-Saharan Africa,04,3 years,99,Total - age,99,Total - gender,462,,,
DATAFLOW,STATSNZ:CEN23_ECI_005(1.0),"Birthplace, years since arrival in New Zealand, age, and gender for the overseas-born census usually resident population count, (RC, TALB, Health), 2013, 2018, and 2023 Censuses",I,2023,2023,9999,Total - New Zealand by regional council,C,Not elsewhere included,06,5-9 years,99,Total - age,99,Total - gender,0,,,
DATAFLOW,STATSNZ:CEN23_ECI_005(1.0),"Birthplace, years since arrival in New Zealand, age, and gender for the overseas-born census usually resident population count, (RC, TALB, Health), 2013, 2018, and 2023 Censuses",I,2023,2023,9999,Total - New Zealand by regional council,B0701,Philippines,Mean,Average - years since arrival in New Zealand,99,Total - age,99,Total - gender,8.9,,,
DATAFLOW,STATSNZ:CEN23_ECI_005(1.0),"Birthplace, years since arrival in New Zealand, age, and gender for the overseas-born census usually resident population count, (RC, TALB, Health), 2013, 2018, and 2023 Censuses",I,2023,2023,9999,Total - New Zealand by regional council,B0703,Thailand,02,1 year,99,Total - age,99,Total - gender,198,,,
DATAFLOW,STATSNZ:CEN23_ECI_005(1.0),"Birthplace, years since arrival in New Zealand, age, and gender for the overseas-born census usually resident population count, (RC, TALB, Health), 2013, 2018, and 2023 Censuses",I,2023,2023,9999,Total - New Zealand by regional council,B0706,Indonesia,01,Less than one year,99,Total - age,99,Total - gender,795,,,
DATAFLOW,STATSNZ:CEN23_ECI_005(1.0),"Birthplace, years since arrival in New Zealand, age, and gender for the overseas-born census usually resident population count, (RC, TALB, Health), 2013, 2018, and 2023 Censuses",I,2023,2023,9999,Total - New Zealand by regional council,B0414,Belgium,08,20 years or more,99,Total - age,99,Total - gender,366,,,
DATAFLOW,STATSNZ:CEN23_ECI_005(1.0),"Birthplace, years since arrival in New Zealand, age, and gender for the overseas-born census usually resident population count, (RC, TALB, Health), 2013, 2018, and 2023 Censuses",I,2023,2023,9999,Total - New Zealand by regional council,B0508,Spain,01,Less than one year,99,Total - age,99,Total - gender,210,,,
DATAFLOW,STATSNZ:CEN23_ECI_005(1.0),"Birthplace, years since arrival in New Zealand, age, and gender for the overseas-born census usually resident population count, (RC, TALB, Health), 2013, 2018, and 2023 Censuses",I,2023,2023,9999,Total - New Zealand by regional council,B0901,India,07,10-19 years,99,Total - age,99,Total - gender,36633,,,
DATAFLOW,STATSNZ:CEN23_ECI_005(1.0),"Birthplace, years since arrival in New Zealand, age, and gender for the overseas-born census usually resident population count, (RC, TALB, Health), 2013, 2018, and 2023 Censuses",I,2023,2023,9999,Total - New Zealand by regional council,B0907,Other,777,Total stated - years since arrival in New Zealand,99,Total - age,99,Total - gender,2472,,,
DATAFLOW,STATSNZ:CEN23_ECI_005(1.0),"Birthplace, years since arrival in New Zealand, age, and gender for the overseas-born census usually resident population count, (RC, TALB, Health), 2013, 2018, and 2023 Censuses",I,2023,2023,9999,Total - New Zealand by regional council,B0607,Israel,05,4 years,99,Total - age,99,Total - gender,45,,,
DATAFLOW,STATSNZ:CEN23_ECI_005(1.0),"Birthplace, years since arrival in New Zealand, age, and gender for the overseas-born census usually resident population count, (RC, TALB, Health), 2013, 2018, and 2023 Censuses",I,2023,2023,9999,Total - New Zealand by regional council,B1005,Argentina,03,2 years,99,Total - age,99,Total - gender,111,,,
DATAFLOW,STATSNZ:CEN23_ECI_005(1.0),"Birthplace, years since arrival in New Zealand, age, and gender for the overseas-born census usually resident population count, (RC, TALB, Health), 2013, 2018, and 2023 Censuses",I,2023,2023,9999,Total - New Zealand by regional council,B1106,Somalia,02,1 year,99,Total - age,99,Total - gender,57,,,
DATAFLOW,STATSNZ:CEN23_ECI_005(1.0),"Birthplace, years since arrival in New Zealand, age, and gender for the overseas-born census usually resident population count, (RC, TALB, Health), 2013, 2018, and 2023 Censuses",I,2023,2023,9999,Total - New Zealand by regional council,B0508,Spain,04,3 years,99,Total - age,99,Total - gender,120,,,
DATAFLOW,STATSNZ:CEN23_ECI_005(1.0),"Birthplace, years since arrival in New Zealand, age, and gender for the overseas-born census usually resident population count, (RC, TALB, Health), 2013, 2018, and 2023 Censuses",I,2023,2023,9999,Total - New Zealand by regional council,B0804,Hong Kong (Special Administrative Region),04,3 years,99,Total - age,99,Total - gender,714,,,
DATAFLOW,STATSNZ:CEN23_ECI_005(1.0),"Birthplace, years since arrival in New Zealand, age, and gender for the overseas-born census usually resident population count, (RC, TALB, Health), 2013, 2018, and 2023 Censuses",I,2023,2023,9999,Total - New Zealand by regional council,B1106,Somalia,03,2 years,99,Total - age,99,Total - gender,15,,,
DATAFLOW,STATSNZ:CEN23_ECI_005(1.0),"Birthplace, years since arrival in New Zealand, age, and gender for the overseas-born census usually resident population count, (RC, TALB, Health), 2013, 2018, and 2023 Censuses",I,2023,2023,9999,Total - New Zealand by regional council,B1008,Other Americas,777,Total stated - years since arrival in New Zealand,99,Total - age,99,Total - gender,5646,,,
DATAFLOW,STATSNZ:CEN23_ECI_005(1.0),"Birthplace, years since arrival in New Zealand, age, and gender for the overseas-born census usually resident population count, (RC, TALB, Health), 2013, 2018, and 2023 Censuses",I,2023,2023,9999,Total - New Zealand by regional council,B0606,Syria,02,1 year,99,Total - age,99,Total - gender,57,,,
DATAFLOW,STATSNZ:CEN23_ECI_005(1.0),"Birthplace, years since arrival in New Zealand, age, and gender for the overseas-born census usually resident population count, (RC, TALB, Health), 2013, 2018, and 2023 Censuses",I,2023,2023,9999,Total - New Zealand by regional council,B0804,Hong Kong (Special Administrative Region),02,1 year,99,Total - age,99,Total - gender,333,,,
DATAFLOW,STATSNZ:CEN23_ECI_005(1.0),"Birthplace, years since arrival in New Zealand, age, and gender for the overseas-born census usually resident population count, (RC, TALB, Health), 2013, 2018, and 2023 Censuses",I,2023,2023,9999,Total - New Zealand by regional council,B10,The Americas,05,4 years,99,Total - age,99,Total - gender,5163,,,
DATAFLOW,STATSNZ:CEN23_ECI_005(1.0),"Birthplace, years since arrival in New Zealand, age, and gender for the overseas-born census usually resident population count, (RC, TALB, Health), 2013, 2018, and 2023 Censuses",I,2023,2023,9999,Total - New Zealand by regional council,B0805,Taiwan,999,Total - years since arrival in New Zealand,99,Total - age,99,Total - gender,10899,,,
DATAFLOW,STATSNZ:CEN23_ECI_005(1.0),"Birthplace, years since arrival in New Zealand, age, and gender for the overseas-born census usually resident population count, (RC, TALB, Health), 2013, 2018, and 2023 Censuses",I,2023,2023,9999,Total - New Zealand by regional council,B07,South-East Asia,02,1 year,99,Total - age,99,Total - gender,2913,,,
DATAFLOW,STATSNZ:CEN23_ECI_005(1.0),"Birthplace, years since arrival in New Zealand, age, and gender for the overseas-born census usually resident population count, (RC, TALB, Health), 2013, 2018, and 2023 Censuses",I,2023,2023,9999,Total - New Zealand by regional council,B1007,Mexico,02,1 year,99,Total - age,99,Total - gender,42,,,
DATAFLOW,STATSNZ:CEN23_ECI_005(1.0),"Birthplace, years since arrival in New Zealand, age, and gender for the overseas-born census usually resident population count, (RC, TALB, Health), 2013, 2018, and 2023 Censuses",I,2023,2023,9999,Total - New Zealand by regional council,B07,South-East Asia,777,Total stated - years since arrival in New Zealand,99,Total - age,99,Total - gender,173208,,,
DATAFLOW,STATSNZ:CEN23_ECI_005(1.0),"Birthplace, years since arrival in New Zealand, age, and gender for the overseas-born census usually resident population count, (RC, TALB, Health), 2013, 2018, and 2023 Censuses",I,2023,2023,9999,Total - New Zealand by regional council,B0408,Wales,08,20 years or more,99,Total - age,99,Total - gender,4188,,,
DATAFLOW,STATSNZ:CEN23_ECI_005(1.0),"Birthplace, years since arrival in New Zealand, age, and gender for the overseas-born census usually resident population count, (RC, TALB, Health), 2013, 2018, and 2023 Censuses",I,2023,2023,9999,Total - New Zealand by regional council,B0703,Thailand,09,Not elsewhere included,99,Total - age,99,Total - gender,120,,,
DATAFLOW,STATSNZ:CEN23_ECI_005(1.0),"Birthplace, years since arrival in New Zealand, age, and gender for the overseas-born census usually resident population count, (RC, TALB, Health), 2013, 2018, and 2023 Censuses",I,2023,2023,9999,Total - New Zealand by regional council,B0603,Saudi Arabia,01,Less than one year,99,Total - age,99,Total - gender,153,,,
DATAFLOW,STATSNZ:CEN23_ECI_005(1.0),"Birthplace, years since arrival in New Zealand, age, and gender for the overseas-born census usually resident population count, (RC, TALB, Health), 2013, 2018, and 2023 Censuses",I,2023,2023,9999,Total - New Zealand by regional council,B0902,Sri Lanka,09,Not elsewhere included,99,Total - age,99,Total - gender,96,,,
DATAFLOW,STATSNZ:CEN23_ECI_005(1.0),"Birthplace, years since arrival in New Zealand, age, and gender for the overseas-born census usually resident population count, (RC, TALB, Health), 2013, 2018, and 2023 Censuses",I,2023,2023,9999,Total - New Zealand by regional council,B0703,Thailand,08,20 years or more,99,Total - age,99,Total - gender,3597,,,
DATAFLOW,STATSNZ:CEN23_ECI_005(1.0),"Birthplace, years since arrival in New Zealand, age, and gender for the overseas-born census usually resident population count, (RC, TALB, Health), 2013, 2018, and 2023 Censuses",I,2023,2023,9999,Total - New Zealand by regional council,B0805,Taiwan,06,5-9 years,99,Total - age,99,Total - gender,1074,,,
DATAFLOW,STATSNZ:CEN23_ECI_005(1.0),"Birthplace, years since arrival in New Zealand, age, and gender for the overseas-born census usually resident population count, (RC, TALB, Health), 2013, 2018, and 2023 Censuses",I,2023,2023,9999,Total - New Zealand by regional council,B1004,Chile,999,Total - years since arrival in New Zealand,99,Total - age,99,Total - gender,5661,,,
DATAFLOW,STATSNZ:CEN23_ECI_005(1.0),"Birthplace, years since arrival in New Zealand, age, and gender for the overseas-born census usually resident population count, (RC, TALB, Health), 2013, 2018, and 2023 Censuses",I,2023,2023,9999,Total - New Zealand by regional council,C,Not elsewhere included,01,Less than one year,99,Total - age,99,Total - gender,0,,,
DATAFLOW,STATSNZ:CEN23_ECI_005(1.0),"Birthplace, years since arrival in New Zealand, age, and gender for the overseas-born census usually resident population count, (RC, TALB, Health), 2013, 2018, and 2023 Censuses",I,2023,2023,9999,Total - New Zealand by regional council,B1104,Zambia,03,2 years,99,Total - age,99,Total - gender,3,,,
DATAFLOW,STATSNZ:CEN23_ECI_005(1.0),"Birthplace, years since arrival in New Zealand, age, and gender for the overseas-born census usually resident population count, (RC, TALB, Health), 2013, 2018, and 2023 Censuses",I,2023,2023,9999,Total - New Zealand by regional council,B0701,Philippines,08,20 years or more,99,Total - age,99,Total - gender,8421,,,
DATAFLOW,STATSNZ:CEN23_ECI_005(1.0),"Birthplace, years since arrival in New Zealand, age, and gender for the overseas-born census usually resident population count, (RC, TALB, Health), 2013, 2018, and 2023 Censuses",I,2023,2023,9999,Total - New Zealand by regional council,B0906,Bangladesh,777,Total stated - years since arrival in New Zealand,99,Total - age,99,Total - gender,3291,,,
DATAFLOW,STATSNZ:CEN23_ECI_005(1.0),"Birthplace, years since arrival in New Zealand, age, and gender for the overseas-born census usually resident population count, (RC, TALB, Health), 2013, 2018, and 2023 Censuses",I,2023,2023,9999,Total - New Zealand by regional council,B0801,"China, People's Republic of",05,4 years,99,Total - age,99,Total - gender,7893,,,
DATAFLOW,STATSNZ:CEN23_ECI_005(1.0),"Birthplace, years since arrival in New Zealand, age, and gender for the overseas-born census usually resident population count, (RC, TALB, Health), 2013, 2018, and 2023 Censuses",I,2023,2023,9999,Total - New Zealand by regional council,B0206,Vanuatu,03,2 years,99,Total - age,99,Total - gender,45,,,
DATAFLOW,STATSNZ:CEN23_ECI_005(1.0),"Birthplace, years since arrival in New Zealand, age, and gender for the overseas-born census usually resident population count, (RC, TALB, Health), 2013, 2018, and 2023 Censuses",I,2023,2023,9999,Total - New Zealand by regional council,999999,Total - birthplace,01,Less than one year,99,Total - age,99,Total - gender,109488,,,
DATAFLOW,STATSNZ:CEN23_ECI_005(1.0),"Birthplace, years since arrival in New Zealand, age, and gender for the overseas-born census usually resident population count, (RC, TALB, Health), 2013, 2018, and 2023 Censuses",I,2023,2023,9999,Total - New Zealand by regional council,B06,North Africa and the Middle East,04,3 years,99,Total - age,99,Total - gender,1551,,,
DATAFLOW,STATSNZ:CEN23_ECI_005(1.0),"Birthplace, years since arrival in New Zealand, age, and gender for the overseas-born census usually resident population count, (RC, TALB, Health), 2013, 2018, and 2023 Censuses",I,2023,2023,9999,Total - New Zealand by regional council,B1107,Other Sub-Saharan Africa,999,Total - years since arrival in New Zealand,99,Total - age,99,Total - gender,6606,,,
DATAFLOW,STATSNZ:CEN23_ECI_005(1.0),"Birthplace, years since arrival in New Zealand, age, and gender for the overseas-born census usually resident population count, (RC, TALB, Health), 2013, 2018, and 2023 Censuses",I,2023,2023,9999,Total - New Zealand by regional council,B06,North Africa and the Middle East,08,20 years or more,99,Total - age,99,Total - gender,8163,,,
DATAFLOW,STATSNZ:CEN23_ECI_005(1.0),"Birthplace, years since arrival in New Zealand, age, and gender for the overseas-born census usually resident population count, (RC, TALB, Health), 2013, 2018, and 2023 Censuses",I,2023,2023,9999,Total - New Zealand by regional council,B08,North-East Asia,03,2 years,99,Total - age,99,Total - gender,1518,,,
DATAFLOW,STATSNZ:CEN23_ECI_005(1.0),"Birthplace, years since arrival in New Zealand, age, and gender for the overseas-born census usually resident population count, (RC, TALB, Health), 2013, 2018, and 2023 Censuses",I,2023,2023,9999,Total - New Zealand by regional council,B0405,United Kingdom (not further defined),06,5-9 years,99,Total - age,99,Total - gender,1209,,,
DATAFLOW,STATSNZ:CEN23_ECI_005(1.0),"Birthplace, years since arrival in New Zealand, age, and gender for the overseas-born census usually resident population count, (RC, TALB, Health), 2013, 2018, and 2023 Censuses",I,2023,2023,9999,Total - New Zealand by regional council,B0707,Singapore,Mean,Average - years since arrival in New Zealand,99,Total - age,99,Total - gender,21.1,,,
DATAFLOW,STATSNZ:CEN23_ECI_005(1.0),"Birthplace, years since arrival in New Zealand, age, and gender for the overseas-born census usually resident population count, (RC, TALB, Health), 2013, 2018, and 2023 Censuses",I,2023,2023,9999,Total - New Zealand by regional council,B0904,Afghanistan,777,Total stated - years since arrival in New Zealand,99,Total - age,99,Total - gender,6048,,,
DATAFLOW,STATSNZ:CEN23_ECI_005(1.0),"Birthplace, years since arrival in New Zealand, age, and gender for the overseas-born census usually resident population count, (RC, TALB, Health), 2013, 2018, and 2023 Censuses",I,2023,2023,9999,Total - New Zealand by regional council,B05,Southern and Eastern Europe,777,Total stated - years since arrival in New Zealand,99,Total - age,99,Total - gender,35451,,,
DATAFLOW,STATSNZ:CEN23_ECI_005(1.0),"Birthplace, years since arrival in New Zealand, age, and gender for the overseas-born census usually resident population count, (RC, TALB, Health), 2013, 2018, and 2023 Censuses",I,2023,2023,9999,Total - New Zealand by regional council,B0404,Netherlands,03,2 years,99,Total - age,99,Total - gender,96,,,
DATAFLOW,STATSNZ:CEN23_ECI_005(1.0),"Birthplace, years since arrival in New Zealand, age, and gender for the overseas-born census usually resident population count, (RC, TALB, Health), 2013, 2018, and 2023 Censuses",I,2023,2023,9999,Total - New Zealand by regional council,B0604,Egypt,777,Total stated - years since arrival in New Zealand,99,Total - age,99,Total - gender,1938,,,
DATAFLOW,STATSNZ:CEN23_ECI_005(1.0),"Birthplace, years since arrival in New Zealand, age, and gender for the overseas-born census usually resident population count, (RC, TALB, Health), 2013, 2018, and 2023 Censuses",I,2023,2023,9999,Total - New Zealand by regional council,B0904,Afghanistan,06,5-9 years,99,Total - age,99,Total - gender,1233,,,
DATAFLOW,STATSNZ:CEN23_ECI_005(1.0),"Birthplace, years since arrival in New Zealand, age, and gender for the overseas-born census usually resident population count, (RC, TALB, Health), 2013, 2018, and 2023 Censuses",I,2023,2023,9999,Total - New Zealand by regional council,B0806,Other,01,Less than one year,99,Total - age,99,Total - gender,36,,,
DATAFLOW,STATSNZ:CEN23_ECI_005(1.0),"Birthplace, years since arrival in New Zealand, age, and gender for the overseas-born census usually resident population count, (RC, TALB, Health), 2013, 2018, and 2023 Censuses",I,2023,2023,9999,Total - New Zealand by regional council,B1003,Brazil,02,1 year,99,Total - age,99,Total - gender,102,,,
DATAFLOW,STATSNZ:CEN23_ECI_005(1.0),"Birthplace, years since arrival in New Zealand, age, and gender for the overseas-born census usually resident population count, (RC, TALB, Health), 2013, 2018, and 2023 Censuses",I,2023,2023,9999,Total - New Zealand by regional council,999999,Total - birthplace,04,3 years,99,Total - age,99,Total - gender,77301,,,
DATAFLOW,STATSNZ:CEN23_ECI_005(1.0),"Birthplace, years since arrival in New Zealand, age, and gender for the overseas-born census usually resident population count, (RC, TALB, Health), 2013, 2018, and 2023 Censuses",I,2023,2023,9999,Total - New Zealand by regional council,B1006,Colombia,02,1 year,99,Total - age,99,Total - gender,138,,,
DATAFLOW,STATSNZ:CEN23_ECI_005(1.0),"Birthplace, years since arrival in New Zealand, age, and gender for the overseas-born census usually resident population count, (RC, TALB, Health), 2013, 2018, and 2023 Censuses",I,2023,2023,9999,Total - New Zealand by regional council,B0405,United Kingdom (not further defined),07,10-19 years,99,Total - age,99,Total - gender,1716,,,
DATAFLOW,STATSNZ:CEN23_ECI_005(1.0),"Birthplace, years since arrival in New Zealand, age, and gender for the overseas-born census usually resident population count, (RC, TALB, Health), 2013, 2018, and 2023 Censuses",I,2023,2023,9999,Total - New Zealand by regional council,B0902,Sri Lanka,05,4 years,99,Total - age,99,Total - gender,1224,,,
DATAFLOW,STATSNZ:CEN23_ECI_005(1.0),"Birthplace, years since arrival in New Zealand, age, and gender for the overseas-born census usually resident population count, (RC, TALB, Health), 2013, 2018, and 2023 Censuses",I,2023,2023,9999,Total - New Zealand by regional council,B0508,Spain,08,20 years or more,99,Total - age,99,Total - gender,198,,,
DATAFLOW,STATSNZ:CEN23_ECI_005(1.0),"Birthplace, years since arrival in New Zealand, age, and gender for the overseas-born census usually resident population count, (RC, TALB, Health), 2013, 2018, and 2023 Censuses",I,2023,2023,9999,Total - New Zealand by regional council,B0206,Vanuatu,05,4 years,99,Total - age,99,Total - gender,15,,,
DATAFLOW,STATSNZ:CEN23_ECI_005(1.0),"Birthplace, years since arrival in New Zealand, age, and gender for the overseas-born census usually resident population count, (RC, TALB, Health), 2013, 2018, and 2023 Censuses",I,2023,2023,9999,Total - New Zealand by regional council,B0902,Sri Lanka,03,2 years,99,Total - age,99,Total - gender,156,,,
DATAFLOW,STATSNZ:CEN23_ECI_005(1.0),"Birthplace, years since arrival in New Zealand, age, and gender for the overseas-born census usually resident population count, (RC, TALB, Health), 2013, 2018, and 2023 Censuses",I,2023,2023,9999,Total - New Zealand by regional council,B0203,Tonga,Mean,Average - years since arrival in New Zealand,99,Total - age,99,Total - gender,22,,,
DATAFLOW,STATSNZ:CEN23_ECI_005(1.0),"Birthplace, years since arrival in New Zealand, age, and gender for the overseas-born census usually resident population count, (RC, TALB, Health), 2013, 2018, and 2023 Censuses",I,2023,2023,9999,Total - New Zealand by regional council,B0412,Denmark,07,10-19 years,99,Total - age,99,Total - gender,270,,,
DATAFLOW,STATSNZ:CEN23_ECI_005(1.0),"Birthplace, years since arrival in New Zealand, age, and gender for the overseas-born census usually resident population count, (RC, TALB, Health), 2013, 2018, and 2023 Censuses",I,2023,2023,9999,Total - New Zealand by regional council,B0201,Fiji,999,Total - years since arrival in New Zealand,99,Total - age,99,Total - gender,68829,,,
DATAFLOW,STATSNZ:CEN23_ECI_005(1.0),"Birthplace, years since arrival in New Zealand, age, and gender for the overseas-born census usually resident population count, (RC, TALB, Health), 2013, 2018, and 2023 Censuses",I,2023,2023,9999,Total - New Zealand by regional council,B0503,Czech Republic,07,10-19 years,99,Total - age,99,Total - gender,693,,,
DATAFLOW,STATSNZ:CEN23_ECI_005(1.0),"Birthplace, years since arrival in New Zealand, age, and gender for the overseas-born census usually resident population count, (RC, TALB, Health), 2013, 2018, and 2023 Censuses",I,2023,2023,9999,Total - New Zealand by regional council,B0202,Samoa,03,2 years,99,Total - age,99,Total - gender,594,,,
DATAFLOW,STATSNZ:CEN23_ECI_005(1.0),"Birthplace, years since arrival in New Zealand, age, and gender for the overseas-born census usually resident population count, (RC, TALB, Health), 2013, 2018, and 2023 Censuses",I,2023,2023,9999,Total - New Zealand by regional council,B0415,Channel Islands,09,Not elsewhere included,99,Total - age,99,Total - gender,3,,,
DATAFLOW,STATSNZ:CEN23_ECI_005(1.0),"Birthplace, years since arrival in New Zealand, age, and gender for the overseas-born census usually resident population count, (RC, TALB, Health), 2013, 2018, and 2023 Censuses",I,2023,2023,9999,Total - New Zealand by regional council,B0407,France,02,1 year,99,Total - age,99,Total - gender,168,,,
DATAFLOW,STATSNZ:CEN23_ECI_005(1.0),"Birthplace, years since arrival in New Zealand, age, and gender for the overseas-born census usually resident population count, (RC, TALB, Health), 2013, 2018, and 2023 Censuses",I,2023,2023,9999,Total - New Zealand by regional council,B0903,Pakistan,06,5-9 years,99,Total - age,99,Total - gender,2565,,,
DATAFLOW,STATSNZ:CEN23_ECI_005(1.0),"Birthplace, years since arrival in New Zealand, age, and gender for the overseas-born census usually resident population count, (RC, TALB, Health), 2013, 2018, and 2023 Censuses",I,2023,2023,9999,Total - New Zealand by regional council,B0901,India,777,Total stated - years since arrival in New Zealand,99,Total - age,99,Total - gender,142155,,,
DATAFLOW,STATSNZ:CEN23_ECI_005(1.0),"Birthplace, years since arrival in New Zealand, age, and gender for the overseas-born census usually resident population count, (RC, TALB, Health), 2013, 2018, and 2023 Censuses",I,2023,2023,9999,Total - New Zealand by regional council,B0708,Myanmar,06,5-9 years,99,Total - age,99,Total - gender,840,,,
DATAFLOW,STATSNZ:CEN23_ECI_005(1.0),"Birthplace, years since arrival in New Zealand, age, and gender for the overseas-born census usually resident population count, (RC, TALB, Health), 2013, 2018, and 2023 Censuses",I,2023,2023,9999,Total - New Zealand by regional council,B1007,Mexico,01,Less than one year,99,Total - age,99,Total - gender,240,,,
DATAFLOW,STATSNZ:CEN23_ECI_005(1.0),"Birthplace, years since arrival in New Zealand, age, and gender for the overseas-born census usually resident population count, (RC, TALB, Health), 2013, 2018, and 2023 Censuses",I,2023,2023,9999,Total - New Zealand by regional council,B0204,Cook Islands,03,2 years,99,Total - age,99,Total - gender,114,,,
DATAFLOW,STATSNZ:CEN23_ECI_005(1.0),"Birthplace, years since arrival in New Zealand, age, and gender for the overseas-born census usually resident population count, (RC, TALB, Health), 2013, 2018, and 2023 Censuses",I,2023,2023,9999,Total - New Zealand by regional council,B0405,United Kingdom (not further defined),05,4 years,99,Total - age,99,Total - gender,543,,,
DATAFLOW,STATSNZ:CEN23_ECI_005(1.0),"Birthplace, years since arrival in New Zealand, age, and gender for the overseas-born census usually resident population count, (RC, TALB, Health), 2013, 2018, and 2023 Censuses",I,2023,2023,9999,Total - New Zealand by regional council,B0416,Other,03,2 years,99,Total - age,99,Total - gender,24,,,
DATAFLOW,STATSNZ:CEN23_ECI_005(1.0),"Birthplace, years since arrival in New Zealand, age, and gender for the overseas-born census usually resident population count, (RC, TALB, Health), 2013, 2018, and 2023 Censuses",I,2023,2023,9999,Total - New Zealand by regional council,B1003,Brazil,03,2 years,99,Total - age,99,Total - gender,126,,,
DATAFLOW,STATSNZ:CEN23_ECI_005(1.0),"Birthplace, years since arrival in New Zealand, age, and gender for the overseas-born census usually resident population count, (RC, TALB, Health), 2013, 2018, and 2023 Censuses",I,2023,2023,9999,Total - New Zealand by regional council,B1105,Ethiopia,03,2 years,99,Total - age,99,Total - gender,21,,,
DATAFLOW,STATSNZ:CEN23_ECI_005(1.0),"Birthplace, years since arrival in New Zealand, age, and gender for the overseas-born census usually resident population count, (RC, TALB, Health), 2013, 2018, and 2023 Censuses",I,2023,2023,9999,Total - New Zealand by regional council,B0705,Cambodia,02,1 year,99,Total - age,99,Total - gender,39,,,
DATAFLOW,STATSNZ:CEN23_ECI_005(1.0),"Birthplace, years since arrival in New Zealand, age, and gender for the overseas-born census usually resident population count, (RC, TALB, Health), 2013, 2018, and 2023 Censuses",I,2023,2023,9999,Total - New Zealand by regional council,B1104,Zambia,Mean,Average - years since arrival in New Zealand,99,Total - age,99,Total - gender,26.2,,,
DATAFLOW,STATSNZ:CEN23_ECI_005(1.0),"Birthplace, years since arrival in New Zealand, age, and gender for the overseas-born census usually resident population count, (RC, TALB, Health), 2013, 2018, and 2023 Censuses",I,2023,2023,9999,Total - New Zealand by regional council,B0609,Other,05,4 years,99,Total - age,99,Total - gender,342,,,
DATAFLOW,STATSNZ:CEN23_ECI_005(1.0),"Birthplace, years since arrival in New Zealand, age, and gender for the overseas-born census usually resident population count, (RC, TALB, Health), 2013, 2018, and 2023 Censuses",I,2023,2023,9999,Total - New Zealand by regional council,B1006,Colombia,Mean,Average - years since arrival in New Zealand,99,Total - age,99,Total - gender,7.6,,,
DATAFLOW,STATSNZ:CEN23_ECI_005(1.0),"Birthplace, years since arrival in New Zealand, age, and gender for the overseas-born census usually resident population count, (RC, TALB, Health), 2013, 2018, and 2023 Censuses",I,2023,2023,9999,Total - New Zealand by regional council,C,Not elsewhere included,08,20 years or more,99,Total - age,99,Total - gender,0,,,
DATAFLOW,STATSNZ:CEN23_ECI_005(1.0),"Birthplace, years since arrival in New Zealand, age, and gender for the overseas-born census usually resident population count, (RC, TALB, Health), 2013, 2018, and 2023 Censuses",I,2023,2023,9999,Total - New Zealand by regional council,B0504,Poland,09,Not elsewhere included,99,Total - age,99,Total - gender,15,,,
DATAFLOW,STATSNZ:CEN23_ECI_005(1.0),"Birthplace, years since arrival in New Zealand, age, and gender for the overseas-born census usually resident population count, (RC, TALB, Health), 2013, 2018, and 2023 Censuses",I,2023,2023,9999,Total - New Zealand by regional council,B0504,Poland,05,4 years,99,Total - age,99,Total - gender,123,,,
DATAFLOW,STATSNZ:CEN23_ECI_005(1.0),"Birthplace, years since arrival in New Zealand, age, and gender for the overseas-born census usually resident population count, (RC, TALB, Health), 2013, 2018, and 2023 Censuses",I,2023,2023,9999,Total - New Zealand by regional council,999999,Total - birthplace,06,5-9 years,99,Total - age,99,Total - gender,268680,,,
DATAFLOW,STATSNZ:CEN23_ECI_005(1.0),"Birthplace, years since arrival in New Zealand, age, and gender for the overseas-born census usually resident population count, (RC, TALB, Health), 2013, 2018, and 2023 Censuses",I,2023,2023,9999,Total - New Zealand by regional council,B0502,Italy,08,20 years or more,99,Total - age,99,Total - gender,753,,,
DATAFLOW,STATSNZ:CEN23_ECI_005(1.0),"Birthplace, years since arrival in New Zealand, age, and gender for the overseas-born census usually resident population count, (RC, TALB, Health), 2013, 2018, and 2023 Censuses",I,2023,2023,9999,Total - New Zealand by regional council,B07,South-East Asia,08,20 years or more,99,Total - age,99,Total - gender,36075,,,
DATAFLOW,STATSNZ:CEN23_ECI_005(1.0),"Birthplace, years since arrival in New Zealand, age, and gender for the overseas-born census usually resident population count, (RC, TALB, Health), 2013, 2018, and 2023 Censuses",I,2023,2023,9999,Total - New Zealand by regional council,B0804,Hong Kong (Special Administrative Region),06,5-9 years,99,Total - age,99,Total - gender,1680,,,
DATAFLOW,STATSNZ:CEN23_ECI_005(1.0),"Birthplace, years since arrival in New Zealand, age, and gender for the overseas-born census usually resident population count, (RC, TALB, Health), 2013, 2018, and 2023 Censuses",I,2023,2023,9999,Total - New Zealand by regional council,B0803,Japan,05,4 years,99,Total - age,99,Total - gender,471,,,
DATAFLOW,STATSNZ:CEN23_ECI_005(1.0),"Birthplace, years since arrival in New Zealand, age, and gender for the overseas-born census usually resident population count, (RC, TALB, Health), 2013, 2018, and 2023 Censuses",I,2023,2023,9999,Total - New Zealand by regional council,B0503,Czech Republic,01,Less than one year,99,Total - age,99,Total - gender,429,,,
DATAFLOW,STATSNZ:CEN23_ECI_005(1.0),"Birthplace, years since arrival in New Zealand, age, and gender for the overseas-born census usually resident population count, (RC, TALB, Health), 2013, 2018, and 2023 Censuses",I,2023,2023,9999,Total - New Zealand by regional council,B0801,"China, People's Republic of",999,Total - years since arrival in New Zealand,99,Total - age,99,Total - gender,145371,,,
DATAFLOW,STATSNZ:CEN23_ECI_005(1.0),"Birthplace, years since arrival in New Zealand, age, and gender for the overseas-born census usually resident population count, (RC, TALB, Health), 2013, 2018, and 2023 Censuses",I,2023,2023,9999,Total - New Zealand by regional council,B1001,United States of America,09,Not elsewhere included,99,Total - age,99,Total - gender,339,,,
DATAFLOW,STATSNZ:CEN23_ECI_005(1.0),"Birthplace, years since arrival in New Zealand, age, and gender for the overseas-born census usually resident population count, (RC, TALB, Health), 2013, 2018, and 2023 Censuses",I,2023,2023,9999,Total - New Zealand by regional council,B0906,Bangladesh,07,10-19 years,99,Total - age,99,Total - gender,603,,,
DATAFLOW,STATSNZ:CEN23_ECI_005(1.0),"Birthplace, years since arrival in New Zealand, age, and gender for the overseas-born census usually resident population count, (RC, TALB, Health), 2013, 2018, and 2023 Censuses",I,2023,2023,9999,Total - New Zealand by regional council,B10,The Americas,06,5-9 years,99,Total - age,99,Total - gender,16827,,,
DATAFLOW,STATSNZ:CEN23_ECI_005(1.0),"Birthplace, years since arrival in New Zealand, age, and gender for the overseas-born census usually resident population count, (RC, TALB, Health), 2013, 2018, and 2023 Censuses",I,2023,2023,9999,Total - New Zealand by regional council,B1101,South Africa,01,Less than one year,99,Total - age,99,Total - gender,6933,,,
DATAFLOW,STATSNZ:CEN23_ECI_005(1.0),"Birthplace, years since arrival in New Zealand, age, and gender for the overseas-born census usually resident population count, (RC, TALB, Health), 2013, 2018, and 2023 Censuses",I,2023,2023,9999,Total - New Zealand by regional council,B0402,Scotland,05,4 years,99,Total - age,99,Total - gender,339,,,
DATAFLOW,STATSNZ:CEN23_ECI_005(1.0),"Birthplace, years since arrival in New Zealand, age, and gender for the overseas-born census usually resident population count, (RC, TALB, Health), 2013, 2018, and 2023 Censuses",I,2023,2023,9999,Total - New Zealand by regional council,B0206,Vanuatu,777,Total stated - years since arrival in New Zealand,99,Total - age,99,Total - gender,1182,,,
DATAFLOW,STATSNZ:CEN23_ECI_005(1.0),"Birthplace, years since arrival in New Zealand, age, and gender for the overseas-born census usually resident population count, (RC, TALB, Health), 2013, 2018, and 2023 Censuses",I,2023,2023,9999,Total - New Zealand by regional council,B1007,Mexico,09,Not elsewhere included,99,Total - age,99,Total - gender,9,,,
DATAFLOW,STATSNZ:CEN23_ECI_005(1.0),"Birthplace, years since arrival in New Zealand, age, and gender for the overseas-born census usually resident population count, (RC, TALB, Health), 2013, 2018, and 2023 Censuses",I,2023,2023,9999,Total - New Zealand by regional council,B0907,Other,Mean,Average - years since arrival in New Zealand,99,Total - age,99,Total - gender,11.7,,,
DATAFLOW,STATSNZ:CEN23_ECI_005(1.0),"Birthplace, years since arrival in New Zealand, age, and gender for the overseas-born census usually resident population count, (RC, TALB, Health), 2013, 2018, and 2023 Censuses",I,2023,2023,9999,Total - New Zealand by regional council,B0501,Russia,777,Total stated - years since arrival in New Zealand,99,Total - age,99,Total - gender,8490,,,
DATAFLOW,STATSNZ:CEN23_ECI_005(1.0),"Birthplace, years since arrival in New Zealand, age, and gender for the overseas-born census usually resident population count, (RC, TALB, Health), 2013, 2018, and 2023 Censuses",I,2023,2023,9999,Total - New Zealand by regional council,B0408,Wales,Mean,Average - years since arrival in New Zealand,99,Total - age,99,Total - gender,28.2,,,
DATAFLOW,STATSNZ:CEN23_ECI_005(1.0),"Birthplace, years since arrival in New Zealand, age, and gender for the overseas-born census usually resident population count, (RC, TALB, Health), 2013, 2018, and 2023 Censuses",I,2023,2023,9999,Total - New Zealand by regional council,B0505,Romania,999,Total - years since arrival in New Zealand,99,Total - age,99,Total - gender,2256,,,
DATAFLOW,STATSNZ:CEN23_ECI_005(1.0),"Birthplace, years since arrival in New Zealand, age, and gender for the overseas-born census usually resident population count, (RC, TALB, Health), 2013, 2018, and 2023 Censuses",I,2023,2023,9999,Total - New Zealand by regional council,B1002,Canada,02,1 year,99,Total - age,99,Total - gender,315,,,
DATAFLOW,STATSNZ:CEN23_ECI_005(1.0),"Birthplace, years since arrival in New Zealand, age, and gender for the overseas-born census usually resident population count, (RC, TALB, Health), 2013, 2018, and 2023 Censuses",I,2023,2023,9999,Total - New Zealand by regional council,B1106,Somalia,06,5-9 years,99,Total - age,99,Total - gender,204,,,
DATAFLOW,STATSNZ:CEN23_ECI_005(1.0),"Birthplace, years since arrival in New Zealand, age, and gender for the overseas-born census usually resident population count, (RC, TALB, Health), 2013, 2018, and 2023 Censuses",I,2023,2023,9999,Total - New Zealand by regional council,B0609,Other,06,5-9 years,99,Total - age,99,Total - gender,1254,,,
DATAFLOW,STATSNZ:CEN23_ECI_005(1.0),"Birthplace, years since arrival in New Zealand, age, and gender for the overseas-born census usually resident population count, (RC, TALB, Health), 2013, 2018, and 2023 Censuses",I,2023,2023,9999,Total - New Zealand by regional council,B0606,Syria,999,Total - years since arrival in New Zealand,99,Total - age,99,Total - gender,1911,,,
DATAFLOW,STATSNZ:CEN23_ECI_005(1.0),"Birthplace, years since arrival in New Zealand, age, and gender for the overseas-born census usually resident population count, (RC, TALB, Health), 2013, 2018, and 2023 Censuses",I,2023,2023,9999,Total - New Zealand by regional council,B0609,Other,09,Not elsewhere included,99,Total - age,99,Total - gender,42,,,
DATAFLOW,STATSNZ:CEN23_ECI_005(1.0),"Birthplace, years since arrival in New Zealand, age, and gender for the overseas-born census usually resident population count, (RC, TALB, Health), 2013, 2018, and 2023 Censuses",I,2023,2023,9999,Total - New Zealand by regional council,B0805,Taiwan,Mean,Average - years since arrival in New Zealand,99,Total - age,99,Total - gender,20.8,,,
DATAFLOW,STATSNZ:CEN23_ECI_005(1.0),"Birthplace, years since arrival in New Zealand, age, and gender for the overseas-born census usually resident population count, (RC, TALB, Health), 2013, 2018, and 2023 Censuses",I,2023,2023,9999,Total - New Zealand by regional council,B0403,Germany,Mean,Average - years since arrival in New Zealand,99,Total - age,99,Total - gender,19,,,
DATAFLOW,STATSNZ:CEN23_ECI_005(1.0),"Birthplace, years since arrival in New Zealand, age, and gender for the overseas-born census usually resident population count, (RC, TALB, Health), 2013, 2018, and 2023 Censuses",I,2023,2023,9999,Total - New Zealand by regional council,B03,Other Oceania and Antarctica,09,Not elsewhere included,99,Total - age,99,Total - gender,0,,,
DATAFLOW,STATSNZ:CEN23_ECI_005(1.0),"Birthplace, years since arrival in New Zealand, age, and gender for the overseas-born census usually resident population count, (RC, TALB, Health), 2013, 2018, and 2023 Censuses",I,2023,2023,9999,Total - New Zealand by regional council,B0406,Ireland,08,20 years or more,99,Total - age,99,Total - gender,3312,,,
DATAFLOW,STATSNZ:CEN23_ECI_005(1.0),"Birthplace, years since arrival in New Zealand, age, and gender for the overseas-born census usually resident population count, (RC, TALB, Health), 2013, 2018, and 2023 Censuses",I,2023,2023,9999,Total - New Zealand by regional council,B0605,United Arab Emirates,03,2 years,99,Total - age,99,Total - gender,117,,,
DATAFLOW,STATSNZ:CEN23_ECI_005(1.0),"Birthplace, years since arrival in New Zealand, age, and gender for the overseas-born census usually resident population count, (RC, TALB, Health), 2013, 2018, and 2023 Censuses",I,2023,2023,9999,Total - New Zealand by regional council,B1105,Ethiopia,Mean,Average - years since arrival in New Zealand,99,Total - age,99,Total - gender,13.4,,,
DATAFLOW,STATSNZ:CEN23_ECI_005(1.0),"Birthplace, years since arrival in New Zealand, age, and gender for the overseas-born census usually resident population count, (RC, TALB, Health), 2013, 2018, and 2023 Censuses",I,2023,2023,9999,Total - New Zealand by regional council,B0404,Netherlands,06,5-9 years,99,Total - age,99,Total - gender,933,,,
DATAFLOW,STATSNZ:CEN23_ECI_005(1.0),"Birthplace, years since arrival in New Zealand, age, and gender for the overseas-born census usually resident population count, (RC, TALB, Health), 2013, 2018, and 2023 Censuses",I,2023,2023,9999,Total - New Zealand by regional council,B06,North Africa and the Middle East,777,Total stated - years since arrival in New Zealand,99,Total - age,99,Total - gender,27264,,,
DATAFLOW,STATSNZ:CEN23_ECI_005(1.0),"Birthplace, years since arrival in New Zealand, age, and gender for the overseas-born census usually resident population count, (RC, TALB, Health), 2013, 2018, and 2023 Censuses",I,2023,2023,9999,Total - New Zealand by regional council,B1001,United States of America,03,2 years,99,Total - age,99,Total - gender,1113,,,
DATAFLOW,STATSNZ:CEN23_ECI_005(1.0),"Birthplace, years since arrival in New Zealand, age, and gender for the overseas-born census usually resident population count, (RC, TALB, Health), 2013, 2018, and 2023 Censuses",I,2023,2023,9999,Total - New Zealand by regional council,B1002,Canada,04,3 years,99,Total - age,99,Total - gender,732,,,
DATAFLOW,STATSNZ:CEN23_ECI_005(1.0),"Birthplace, years since arrival in New Zealand, age, and gender for the overseas-born census usually resident population count, (RC, TALB, Health), 2013, 2018, and 2023 Censuses",I,2023,2023,9999,Total - New Zealand by regional council,B0205,Niue,Mean,Average - years since arrival in New Zealand,99,Total - age,99,Total - gender,41.2,,,
DATAFLOW,STATSNZ:CEN23_ECI_005(1.0),"Birthplace, years since arrival in New Zealand, age, and gender for the overseas-born census usually resident population count, (RC, TALB, Health), 2013, 2018, and 2023 Censuses",I,2023,2023,9999,Total - New Zealand by regional council,B0210,Tokelau,06,5-9 years,99,Total - age,99,Total - gender,60,,,
DATAFLOW,STATSNZ:CEN23_ECI_005(1.0),"Birthplace, years since arrival in New Zealand, age, and gender for the overseas-born census usually resident population count, (RC, TALB, Health), 2013, 2018, and 2023 Censuses",I,2023,2023,9999,Total - New Zealand by regional council,B0905,Nepal,06,5-9 years,99,Total - age,99,Total - gender,2160,,,
DATAFLOW,STATSNZ:CEN23_ECI_005(1.0),"Birthplace, years since arrival in New Zealand, age, and gender for the overseas-born census usually resident population count, (RC, TALB, Health), 2013, 2018, and 2023 Censuses",I,2023,2023,9999,Total - New Zealand by regional council,B02,Pacific Islands,999,Total - years since arrival in New Zealand,99,Total - age,99,Total - gender,188277,,,
DATAFLOW,STATSNZ:CEN23_ECI_005(1.0),"Birthplace, years since arrival in New Zealand, age, and gender for the overseas-born census usually resident population count, (RC, TALB, Health), 2013, 2018, and 2023 Censuses",I,2023,2023,9999,Total - New Zealand by regional council,B0702,Malaysia,777,Total stated - years since arrival in New Zealand,99,Total - age,99,Total - gender,22404,,,
DATAFLOW,STATSNZ:CEN23_ECI_005(1.0),"Birthplace, years since arrival in New Zealand, age, and gender for the overseas-born census usually resident population count, (RC, TALB, Health), 2013, 2018, and 2023 Censuses",I,2023,2023,9999,Total - New Zealand by regional council,999999,Total - birthplace,09,Not elsewhere included,99,Total - age,99,Total - gender,12171,,,
DATAFLOW,STATSNZ:CEN23_ECI_005(1.0),"Birthplace, years since arrival in New Zealand, age, and gender for the overseas-born census usually resident population count, (RC, TALB, Health), 2013, 2018, and 2023 Censuses",I,2023,2023,9999,Total - New Zealand by regional council,B0805,Taiwan,08,20 years or more,99,Total - age,99,Total - gender,6765,,,
DATAFLOW,STATSNZ:CEN23_ECI_005(1.0),"Birthplace, years since arrival in New Zealand, age, and gender for the overseas-born census usually resident population count, (RC, TALB, Health), 2013, 2018, and 2023 Censuses",I,2023,2023,9999,Total - New Zealand by regional council,B11,Sub-Saharan Africa,09,Not elsewhere included,99,Total - age,99,Total - gender,309,,,
DATAFLOW,STATSNZ:CEN23_ECI_005(1.0),"Birthplace, years since arrival in New Zealand, age, and gender for the overseas-born census usually resident population count, (RC, TALB, Health), 2013, 2018, and 2023 Censuses",I,2023,2023,9999,Total - New Zealand by regional council,B0602,Iran,07,10-19 years,99,Total - age,99,Total - gender,1350,,,
DATAFLOW,STATSNZ:CEN23_ECI_005(1.0),"Birthplace, years since arrival in New Zealand, age, and gender for the overseas-born census usually resident population count, (RC, TALB, Health), 2013, 2018, and 2023 Censuses",I,2023,2023,9999,Total - New Zealand by regional council,B0407,France,09,Not elsewhere included,99,Total - age,99,Total - gender,69,,,
DATAFLOW,STATSNZ:CEN23_ECI_005(1.0),"Birthplace, years since arrival in New Zealand, age, and gender for the overseas-born census usually resident population count, (RC, TALB, Health), 2013, 2018, and 2023 Censuses",I,2023,2023,9999,Total - New Zealand by regional council,B0903,Pakistan,04,3 years,99,Total - age,99,Total - gender,360,,,
DATAFLOW,STATSNZ:CEN23_ECI_005(1.0),"Birthplace, years since arrival in New Zealand, age, and gender for the overseas-born census usually resident population count, (RC, TALB, Health), 2013, 2018, and 2023 Censuses",I,2023,2023,9999,Total - New Zealand by regional council,B0602,Iran,08,20 years or more,99,Total - age,99,Total - gender,1491,,,
DATAFLOW,STATSNZ:CEN23_ECI_005(1.0),"Birthplace, years since arrival in New Zealand, age, and gender for the overseas-born census usually resident population count, (RC, TALB, Health), 2013, 2018, and 2023 Censuses",I,2023,2023,9999,Total - New Zealand by regional council,B0504,Poland,06,5-9 years,99,Total - age,99,Total - gender,549,,,
DATAFLOW,STATSNZ:CEN23_ECI_005(1.0),"Birthplace, years since arrival in New Zealand, age, and gender for the overseas-born census usually resident population count, (RC, TALB, Health), 2013, 2018, and 2023 Censuses",I,2023,2023,9999,Total - New Zealand by regional council,B0206,Vanuatu,07,10-19 years,99,Total - age,99,Total - gender,90,,,
DATAFLOW,STATSNZ:CEN23_ECI_005(1.0),"Birthplace, years since arrival in New Zealand, age, and gender for the overseas-born census usually resident population count, (RC, TALB, Health), 2013, 2018, and 2023 Censuses",I,2023,2023,9999,Total - New Zealand by regional council,B0604,Egypt,03,2 years,99,Total - age,99,Total - gender,30,,,
DATAFLOW,STATSNZ:CEN23_ECI_005(1.0),"Birthplace, years since arrival in New Zealand, age, and gender for the overseas-born census usually resident population count, (RC, TALB, Health), 2013, 2018, and 2023 Censuses",I,2023,2023,9999,Total - New Zealand by regional council,B0602,Iran,05,4 years,99,Total - age,99,Total - gender,291,,,
DATAFLOW,STATSNZ:CEN23_ECI_005(1.0),"Birthplace, years since arrival in New Zealand, age, and gender for the overseas-born census usually resident population count, (RC, TALB, Health), 2013, 2018, and 2023 Censuses",I,2023,2023,9999,Total - New Zealand by regional council,B0703,Thailand,06,5-9 years,99,Total - age,99,Total - gender,2235,,,
DATAFLOW,STATSNZ:CEN23_ECI_005(1.0),"Birthplace, years since arrival in New Zealand, age, and gender for the overseas-born census usually resident population count, (RC, TALB, Health), 2013, 2018, and 2023 Censuses",I,2023,2023,9999,Total - New Zealand by regional council,B1008,Other Americas,06,5-9 years,99,Total - age,99,Total - gender,1134,,,
DATAFLOW,STATSNZ:CEN23_ECI_005(1.0),"Birthplace, years since arrival in New Zealand, age, and gender for the overseas-born census usually resident population count, (RC, TALB, Health), 2013, 2018, and 2023 Censuses",I,2023,2023,9999,Total - New Zealand by regional council,B0803,Japan,06,5-9 years,99,Total - age,99,Total - gender,2079,,,
DATAFLOW,STATSNZ:CEN23_ECI_005(1.0),"Birthplace, years since arrival in New Zealand, age, and gender for the overseas-born census usually resident population count, (RC, TALB, Health), 2013, 2018, and 2023 Censuses",I,2023,2023,9999,Total - New Zealand by regional council,B0801,"China, People's Republic of",02,1 year,99,Total - age,99,Total - gender,966,,,
DATAFLOW,STATSNZ:CEN23_ECI_005(1.0),"Birthplace, years since arrival in New Zealand, age, and gender for the overseas-born census usually resident population count, (RC, TALB, Health), 2013, 2018, and 2023 Censuses",I,2023,2023,9999,Total - New Zealand by regional council,B0402,Scotland,01,Less than one year,99,Total - age,99,Total - gender,402,,,
DATAFLOW,STATSNZ:CEN23_ECI_005(1.0),"Birthplace, years since arrival in New Zealand, age, and gender for the overseas-born census usually resident population count, (RC, TALB, Health), 2013, 2018, and 2023 Censuses",I,2023,2023,9999,Total - New Zealand by regional council,B0402,Scotland,09,Not elsewhere included,99,Total - age,99,Total - gender,93,,,
DATAFLOW,STATSNZ:CEN23_ECI_005(1.0),"Birthplace, years since arrival in New Zealand, age, and gender for the overseas-born census usually resident population count, (RC, TALB, Health), 2013, 2018, and 2023 Censuses",I,2023,2023,9999,Total - New Zealand by regional council,B08,North-East Asia,01,Less than one year,99,Total - age,99,Total - gender,17733,,,
DATAFLOW,STATSNZ:CEN23_ECI_005(1.0),"Birthplace, years since arrival in New Zealand, age, and gender for the overseas-born census usually resident population count, (RC, TALB, Health), 2013, 2018, and 2023 Censuses",I,2023,2023,9999,Total - New Zealand by regional council,B0605,United Arab Emirates,Mean,Average - years since arrival in New Zealand,99,Total - age,99,Total - gender,8.7,,,
DATAFLOW,STATSNZ:CEN23_ECI_005(1.0),"Birthplace, years since arrival in New Zealand, age, and gender for the overseas-born census usually resident population count, (RC, TALB, Health), 2013, 2018, and 2023 Censuses",I,2023,2023,9999,Total - New Zealand by regional council,B0501,Russia,09,Not elsewhere included,99,Total - age,99,Total - gender,42,,,
DATAFLOW,STATSNZ:CEN23_ECI_005(1.0),"Birthplace, years since arrival in New Zealand, age, and gender for the overseas-born census usually resident population count, (RC, TALB, Health), 2013, 2018, and 2023 Censuses",I,2023,2023,9999,Total - New Zealand by regional council,B07,South-East Asia,05,4 years,99,Total - age,99,Total - gender,11175,,,
DATAFLOW,STATSNZ:CEN23_ECI_005(1.0),"Birthplace, years since arrival in New Zealand, age, and gender for the overseas-born census usually resident population count, (RC, TALB, Health), 2013, 2018, and 2023 Censuses",I,2023,2023,9999,Total - New Zealand by regional council,B1004,Chile,02,1 year,99,Total - age,99,Total - gender,54,,,
DATAFLOW,STATSNZ:CEN23_ECI_005(1.0),"Birthplace, years since arrival in New Zealand, age, and gender for the overseas-born census usually resident population count, (RC, TALB, Health), 2013, 2018, and 2023 Censuses",I,2023,2023,9999,Total - New Zealand by regional council,999999,Total - birthplace,Mean,Average - years since arrival in New Zealand,99,Total - age,99,Total - gender,18.6,,,
DATAFLOW,STATSNZ:CEN23_ECI_005(1.0),"Birthplace, years since arrival in New Zealand, age, and gender for the overseas-born census usually resident population count, (RC, TALB, Health), 2013, 2018, and 2023 Censuses",I,2023,2023,9999,Total - New Zealand by regional council,777777,Total stated - birthplace,07,10-19 years,99,Total - age,99,Total - gender,354315,,,
DATAFLOW,STATSNZ:CEN23_ECI_005(1.0),"Birthplace, years since arrival in New Zealand, age, and gender for the overseas-born census usually resident population count, (RC, TALB, Health), 2013, 2018, and 2023 Censuses",I,2023,2023,9999,Total - New Zealand by regional council,B09,Southern and Central Asia,777,Total stated - years since arrival in New Zealand,99,Total - age,99,Total - gender,186180,,,
DATAFLOW,STATSNZ:CEN23_ECI_005(1.0),"Birthplace, years since arrival in New Zealand, age, and gender for the overseas-born census usually resident population count, (RC, TALB, Health), 2013, 2018, and 2023 Censuses",I,2023,2023,9999,Total - New Zealand by regional council,B0901,India,01,Less than one year,99,Total - age,99,Total - gender,14487,,,
DATAFLOW,STATSNZ:CEN23_ECI_005(1.0),"Birthplace, years since arrival in New Zealand, age, and gender for the overseas-born census usually resident population count, (RC, TALB, Health), 2013, 2018, and 2023 Censuses",I,2023,2023,9999,Total - New Zealand by regional council,B1105,Ethiopia,999,Total - years since arrival in New Zealand,99,Total - age,99,Total - gender,1656,,,
DATAFLOW,STATSNZ:CEN23_ECI_005(1.0),"Birthplace, years since arrival in New Zealand, age, and gender for the overseas-born census usually resident population count, (RC, TALB, Health), 2013, 2018, and 2023 Censuses",I,2023,2023,9999,Total - New Zealand by regional council,B1107,Other Sub-Saharan Africa,Mean,Average - years since arrival in New Zealand,99,Total - age,99,Total - gender,17,,,
DATAFLOW,STATSNZ:CEN23_ECI_005(1.0),"Birthplace, years since arrival in New Zealand, age, and gender for the overseas-born census usually resident population count, (RC, TALB, Health), 2013, 2018, and 2023 Censuses",I,2023,2023,9999,Total - New Zealand by regional council,B0501,Russia,999,Total - years since arrival in New Zealand,99,Total - age,99,Total - gender,8532,,,
DATAFLOW,STATSNZ:CEN23_ECI_005(1.0),"Birthplace, years since arrival in New Zealand, age, and gender for the overseas-born census usually resident population count, (RC, TALB, Health), 2013, 2018, and 2023 Censuses",I,2023,2023,9999,Total - New Zealand by regional council,B0906,Bangladesh,02,1 year,99,Total - age,99,Total - gender,42,,,
DATAFLOW,STATSNZ:CEN23_ECI_005(1.0),"Birthplace, years since arrival in New Zealand, age, and gender for the overseas-born census usually resident population count, (RC, TALB, Health), 2013, 2018, and 2023 Censuses",I,2023,2023,9999,Total - New Zealand by regional council,B1006,Colombia,999,Total - years since arrival in New Zealand,99,Total - age,99,Total - gender,3960,,,
DATAFLOW,STATSNZ:CEN23_ECI_005(1.0),"Birthplace, years since arrival in New Zealand, age, and gender for the overseas-born census usually resident population count, (RC, TALB, Health), 2013, 2018, and 2023 Censuses",I,2023,2023,9999,Total - New Zealand by regional council,B0205,Niue,07,10-19 years,99,Total - age,99,Total - gender,258,,,
DATAFLOW,STATSNZ:CEN23_ECI_005(1.0),"Birthplace, years since arrival in New Zealand, age, and gender for the overseas-born census usually resident population count, (RC, TALB, Health), 2013, 2018, and 2023 Censuses",I,2023,2023,9999,Total - New Zealand by regional council,B10,The Americas,Mean,Average - years since arrival in New Zealand,99,Total - age,99,Total - gender,14.2,,,
DATAFLOW,STATSNZ:CEN23_ECI_005(1.0),"Birthplace, years since arrival in New Zealand, age, and gender for the overseas-born census usually resident population count, (RC, TALB, Health), 2013, 2018, and 2023 Censuses",I,2023,2023,9999,Total - New Zealand by regional council,B0603,Saudi Arabia,08,20 years or more,99,Total - age,99,Total - gender,195,,,
DATAFLOW,STATSNZ:CEN23_ECI_005(1.0),"Birthplace, years since arrival in New Zealand, age, and gender for the overseas-born census usually resident population count, (RC, TALB, Health), 2013, 2018, and 2023 Censuses",I,2023,2023,9999,Total - New Zealand by regional council,B,Overseas,02,1 year,99,Total - age,99,Total - gender,22095,,,
DATAFLOW,STATSNZ:CEN23_ECI_005(1.0),"Birthplace, years since arrival in New Zealand, age, and gender for the overseas-born census usually resident population count, (RC, TALB, Health), 2013, 2018, and 2023 Censuses",I,2023,2023,9999,Total - New Zealand by regional council,B06,North Africa and the Middle East,02,1 year,99,Total - age,99,Total - gender,750,,,
DATAFLOW,STATSNZ:CEN23_ECI_005(1.0),"Birthplace, years since arrival in New Zealand, age, and gender for the overseas-born census usually resident population count, (RC, TALB, Health), 2013, 2018, and 2023 Censuses",I,2023,2023,9999,Total - New Zealand by regional council,B1102,Zimbabwe,01,Less than one year,99,Total - age,99,Total - gender,408,,,
DATAFLOW,STATSNZ:CEN23_ECI_005(1.0),"Birthplace, years since arrival in New Zealand, age, and gender for the overseas-born census usually resident population count, (RC, TALB, Health), 2013, 2018, and 2023 Censuses",I,2023,2023,9999,Total - New Zealand by regional council,B0205,Niue,09,Not elsewhere included,99,Total - age,99,Total - gender,162,,,
DATAFLOW,STATSNZ:CEN23_ECI_005(1.0),"Birthplace, years since arrival in New Zealand, age, and gender for the overseas-born census usually resident population count, (RC, TALB, Health), 2013, 2018, and 2023 Censuses",I,2023,2023,9999,Total - New Zealand by regional council,B0409,Northern Ireland,07,10-19 years,99,Total - age,99,Total - gender,942,,,
DATAFLOW,STATSNZ:CEN23_ECI_005(1.0),"Birthplace, years since arrival in New Zealand, age, and gender for the overseas-born census usually resident population count, (RC, TALB, Health), 2013, 2018, and 2023 Censuses",I,2023,2023,9999,Total - New Zealand by regional council,B0706,Indonesia,Mean,Average - years since arrival in New Zealand,99,Total - age,99,Total - gender,16.4,,,
DATAFLOW,STATSNZ:CEN23_ECI_005(1.0),"Birthplace, years since arrival in New Zealand, age, and gender for the overseas-born census usually resident population count, (RC, TALB, Health), 2013, 2018, and 2023 Censuses",I,2023,2023,9999,Total - New Zealand by regional council,B0607,Israel,04,3 years,99,Total - age,99,Total - gender,75,,,
DATAFLOW,STATSNZ:CEN23_ECI_005(1.0),"Birthplace, years since arrival in New Zealand, age, and gender for the overseas-born census usually resident population count, (RC, TALB, Health), 2013, 2018, and 2023 Censuses",I,2023,2023,9999,Total - New Zealand by regional council,B02,Pacific Islands,03,2 years,99,Total - age,99,Total - gender,1254,,,
DATAFLOW,STATSNZ:CEN23_ECI_005(1.0),"Birthplace, years since arrival in New Zealand, age, and gender for the overseas-born census usually resident population count, (RC, TALB, Health), 2013, 2018, and 2023 Censuses",I,2023,2023,9999,Total - New Zealand by regional council,B1101,South Africa,777,Total stated - years since arrival in New Zealand,99,Total - age,99,Total - gender,95403,,,
DATAFLOW,STATSNZ:CEN23_ECI_005(1.0),"Birthplace, years since arrival in New Zealand, age, and gender for the overseas-born census usually resident population count, (RC, TALB, Health), 2013, 2018, and 2023 Censuses",I,2023,2023,9999,Total - New Zealand by regional council,B0206,Vanuatu,04,3 years,99,Total - age,99,Total - gender,78,,,
DATAFLOW,STATSNZ:CEN23_ECI_005(1.0),"Birthplace, years since arrival in New Zealand, age, and gender for the overseas-born census usually resident population count, (RC, TALB, Health), 2013, 2018, and 2023 Censuses",I,2023,2023,9999,Total - New Zealand by regional council,B0404,Netherlands,999,Total - years since arrival in New Zealand,99,Total - age,99,Total - gender,17484,,,
DATAFLOW,STATSNZ:CEN23_ECI_005(1.0),"Birthplace, years since arrival in New Zealand, age, and gender for the overseas-born census usually resident population count, (RC, TALB, Health), 2013, 2018, and 2023 Censuses",I,2023,2023,9999,Total - New Zealand by regional council,B1102,Zimbabwe,Mean,Average - years since arrival in New Zealand,99,Total - age,99,Total - gender,18.4,,,
DATAFLOW,STATSNZ:CEN23_ECI_005(1.0),"Birthplace, years since arrival in New Zealand, age, and gender for the overseas-born census usually resident population count, (RC, TALB, Health), 2013, 2018, and 2023 Censuses",I,2023,2023,9999,Total - New Zealand by regional council,B0507,Croatia,08,20 years or more,99,Total - age,99,Total - gender,1332,,,
DATAFLOW,STATSNZ:CEN23_ECI_005(1.0),"Birthplace, years since arrival in New Zealand, age, and gender for the overseas-born census usually resident population count, (RC, TALB, Health), 2013, 2018, and 2023 Censuses",I,2023,2023,9999,Total - New Zealand by regional council,B0511,Greece,07,10-19 years,99,Total - age,99,Total - gender,126,,,
DATAFLOW,STATSNZ:CEN23_ECI_005(1.0),"Birthplace, years since arrival in New Zealand, age, and gender for the overseas-born census usually resident population count, (RC, TALB, Health), 2013, 2018, and 2023 Censuses",I,2023,2023,9999,Total - New Zealand by regional council,B0609,Other,01,Less than one year,99,Total - age,99,Total - gender,570,,,
DATAFLOW,STATSNZ:CEN23_ECI_005(1.0),"Birthplace, years since arrival in New Zealand, age, and gender for the overseas-born census usually resident population count, (RC, TALB, Health), 2013, 2018, and 2023 Censuses",I,2023,2023,9999,Total - New Zealand by regional council,B0509,Hungary,05,4 years,99,Total - age,99,Total - gender,39,,,
DATAFLOW,STATSNZ:CEN23_ECI_005(1.0),"Birthplace, years since arrival in New Zealand, age, and gender for the overseas-born census usually resident population count, (RC, TALB, Health), 2013, 2018, and 2023 Censuses",I,2023,2023,9999,Total - New Zealand by regional council,B0905,Nepal,777,Total stated - years since arrival in New Zealand,99,Total - age,99,Total - gender,6171,,,
DATAFLOW,STATSNZ:CEN23_ECI_005(1.0),"Birthplace, years since arrival in New Zealand, age, and gender for the overseas-born census usually resident population count, (RC, TALB, Health), 2013, 2018, and 2023 Censuses",I,2023,2023,9999,Total - New Zealand by regional council,B0412,Denmark,777,Total stated - years since arrival in New Zealand,99,Total - age,99,Total - gender,1410,,,
DATAFLOW,STATSNZ:CEN23_ECI_005(1.0),"Birthplace, years since arrival in New Zealand, age, and gender for the overseas-born census usually resident population count, (RC, TALB, Health), 2013, 2018, and 2023 Censuses",I,2023,2023,9999,Total - New Zealand by regional council,B0415,Channel Islands,01,Less than one year,99,Total - age,99,Total - gender,18,,,
DATAFLOW,STATSNZ:CEN23_ECI_005(1.0),"Birthplace, years since arrival in New Zealand, age, and gender for the overseas-born census usually resident population count, (RC, TALB, Health), 2013, 2018, and 2023 Censuses",I,2023,2023,9999,Total - New Zealand by regional council,B,Overseas,Mean,Average - years since arrival in New Zealand,99,Total - age,99,Total - gender,18.6,,,
DATAFLOW,STATSNZ:CEN23_ECI_005(1.0),"Birthplace, years since arrival in New Zealand, age, and gender for the overseas-born census usually resident population count, (RC, TALB, Health), 2013, 2018, and 2023 Censuses",I,2023,2023,9999,Total - New Zealand by regional council,B1007,Mexico,777,Total stated - years since arrival in New Zealand,99,Total - age,99,Total - gender,1815,,,
DATAFLOW,STATSNZ:CEN23_ECI_005(1.0),"Birthplace, years since arrival in New Zealand, age, and gender for the overseas-born census usually resident population count, (RC, TALB, Health), 2013, 2018, and 2023 Censuses",I,2023,2023,9999,Total - New Zealand by regional council,B0601,Iraq,07,10-19 years,99,Total - age,99,Total - gender,1356,,,
DATAFLOW,STATSNZ:CEN23_ECI_005(1.0),"Birthplace, years since arrival in New Zealand, age, and gender for the overseas-born census usually resident population count, (RC, TALB, Health), 2013, 2018, and 2023 Censuses",I,2023,2023,9999,Total - New Zealand by regional council,B05,Southern and Eastern Europe,09,Not elsewhere included,99,Total - age,99,Total - gender,225,,,
DATAFLOW,STATSNZ:CEN23_ECI_005(1.0),"Birthplace, years since arrival in New Zealand, age, and gender for the overseas-born census usually resident population count, (RC, TALB, Health), 2013, 2018, and 2023 Censuses",I,2023,2023,9999,Total - New Zealand by regional council,B0403,Germany,08,20 years or more,99,Total - age,99,Total - gender,5874,,,
DATAFLOW,STATSNZ:CEN23_ECI_005(1.0),"Birthplace, years since arrival in New Zealand, age, and gender for the overseas-born census usually resident population count, (RC, TALB, Health), 2013, 2018, and 2023 Censuses",I,2023,2023,9999,Total - New Zealand by regional council,B0702,Malaysia,02,1 year,99,Total - age,99,Total - gender,213,,,
DATAFLOW,STATSNZ:CEN23_ECI_005(1.0),"Birthplace, years since arrival in New Zealand, age, and gender for the overseas-born census usually resident population count, (RC, TALB, Health), 2013, 2018, and 2023 Censuses",I,2023,2023,9999,Total - New Zealand by regional council,B0907,Other,05,4 years,99,Total - age,99,Total - gender,141,,,
DATAFLOW,STATSNZ:CEN23_ECI_005(1.0),"Birthplace, years since arrival in New Zealand, age, and gender for the overseas-born census usually resident population count, (RC, TALB, Health), 2013, 2018, and 2023 Censuses",I,2023,2023,9999,Total - New Zealand by regional council,B05,Southern and Eastern Europe,02,1 year,99,Total - age,99,Total - gender,408,,,
DATAFLOW,STATSNZ:CEN23_ECI_005(1.0),"Birthplace, years since arrival in New Zealand, age, and gender for the overseas-born census usually resident population count, (RC, TALB, Health), 2013, 2018, and 2023 Censuses",I,2023,2023,9999,Total - New Zealand by regional council,B1106,Somalia,01,Less than one year,99,Total - age,99,Total - gender,108,,,
DATAFLOW,STATSNZ:CEN23_ECI_005(1.0),"Birthplace, years since arrival in New Zealand, age, and gender for the overseas-born census usually resident population count, (RC, TALB, Health), 2013, 2018, and 2023 Censuses",I,2023,2023,9999,Total - New Zealand by regional council,B0707,Singapore,06,5-9 years,99,Total - age,99,Total - gender,1284,,,
DATAFLOW,STATSNZ:CEN23_ECI_005(1.0),"Birthplace, years since arrival in New Zealand, age, and gender for the overseas-born census usually resident population count, (RC, TALB, Health), 2013, 2018, and 2023 Censuses",I,2023,2023,9999,Total - New Zealand by regional council,B05,Southern and Eastern Europe,999,Total - years since arrival in New Zealand,99,Total - age,99,Total - gender,35679,,,
DATAFLOW,STATSNZ:CEN23_ECI_005(1.0),"Birthplace, years since arrival in New Zealand, age, and gender for the overseas-born census usually resident population count, (RC, TALB, Health), 2013, 2018, and 2023 Censuses",I,2023,2023,9999,Total - New Zealand by regional council,B0407,France,777,Total stated - years since arrival in New Zealand,99,Total - age,99,Total - gender,7407,,,
DATAFLOW,STATSNZ:CEN23_ECI_005(1.0),"Birthplace, years since arrival in New Zealand, age, and gender for the overseas-born census usually resident population count, (RC, TALB, Health), 2013, 2018, and 2023 Censuses",I,2023,2023,9999,Total - New Zealand by regional council,B0210,Tokelau,03,2 years,99,Total - age,99,Total - gender,6,,,
DATAFLOW,STATSNZ:CEN23_ECI_005(1.0),"Birthplace, years since arrival in New Zealand, age, and gender for the overseas-born census usually resident population count, (RC, TALB, Health), 2013, 2018, and 2023 Censuses",I,2023,2023,9999,Total - New Zealand by regional council,B1107,Other Sub-Saharan Africa,01,Less than one year,99,Total - age,99,Total - gender,591,,,
DATAFLOW,STATSNZ:CEN23_ECI_005(1.0),"Birthplace, years since arrival in New Zealand, age, and gender for the overseas-born census usually resident population count, (RC, TALB, Health), 2013, 2018, and 2023 Censuses",I,2023,2023,9999,Total - New Zealand by regional council,B0511,Greece,09,Not elsewhere included,99,Total - age,99,Total - gender,12,,,
DATAFLOW,STATSNZ:CEN23_ECI_005(1.0),"Birthplace, years since arrival in New Zealand, age, and gender for the overseas-born census usually resident population count, (RC, TALB, Health), 2013, 2018, and 2023 Censuses",I,2023,2023,9999,Total - New Zealand by regional council,B0413,Austria,04,3 years,99,Total - age,99,Total - gender,39,,,
DATAFLOW,STATSNZ:CEN23_ECI_005(1.0),"Birthplace, years since arrival in New Zealand, age, and gender for the overseas-born census usually resident population count, (RC, TALB, Health), 2013, 2018, and 2023 Censuses",I,2023,2023,9999,Total - New Zealand by regional council,B0901,India,06,5-9 years,99,Total - age,99,Total - gender,44505,,,
DATAFLOW,STATSNZ:CEN23_ECI_005(1.0),"Birthplace, years since arrival in New Zealand, age, and gender for the overseas-born census usually resident population count, (RC, TALB, Health), 2013, 2018, and 2023 Censuses",I,2023,2023,9999,Total - New Zealand by regional council,B0208,Tuvalu,Mean,Average - years since arrival in New Zealand,99,Total - age,99,Total - gender,16,,,
DATAFLOW,STATSNZ:CEN23_ECI_005(1.0),"Birthplace, years since arrival in New Zealand, age, and gender for the overseas-born census usually resident population count, (RC, TALB, Health), 2013, 2018, and 2023 Censuses",I,2023,2023,9999,Total - New Zealand by regional council,B1003,Brazil,Mean,Average - years since arrival in New Zealand,99,Total - age,99,Total - gender,8.1,,,
DATAFLOW,STATSNZ:CEN23_ECI_005(1.0),"Birthplace, years since arrival in New Zealand, age, and gender for the overseas-born census usually resident population count, (RC, TALB, Health), 2013, 2018, and 2023 Censuses",I,2023,2023,9999,Total - New Zealand by regional council,B1001,United States of America,06,5-9 years,99,Total - age,99,Total - gender,5544,,,
DATAFLOW,STATSNZ:CEN23_ECI_005(1.0),"Birthplace, years since arrival in New Zealand, age, and gender for the overseas-born census usually resident population count, (RC, TALB, Health), 2013, 2018, and 2023 Censuses",I,2023,2023,9999,Total - New Zealand by regional council,B08,North-East Asia,06,5-9 years,99,Total - age,99,Total - gender,45051,,,
DATAFLOW,STATSNZ:CEN23_ECI_005(1.0),"Birthplace, years since arrival in New Zealand, age, and gender for the overseas-born census usually resident population count, (RC, TALB, Health), 2013, 2018, and 2023 Censuses",I,2023,2023,9999,Total - New Zealand by regional council,B1002,Canada,09,Not elsewhere included,99,Total - age,99,Total - gender,108,,,
DATAFLOW,STATSNZ:CEN23_ECI_005(1.0),"Birthplace, years since arrival in New Zealand, age, and gender for the overseas-born census usually resident population count, (RC, TALB, Health), 2013, 2018, and 2023 Censuses",I,2023,2023,9999,Total - New Zealand by regional council,B0413,Austria,06,5-9 years,99,Total - age,99,Total - gender,165,,,
DATAFLOW,STATSNZ:CEN23_ECI_005(1.0),"Birthplace, years since arrival in New Zealand, age, and gender for the overseas-born census usually resident population count, (RC, TALB, Health), 2013, 2018, and 2023 Censuses",I,2023,2023,9999,Total - New Zealand by regional council,B0403,Germany,01,Less than one year,99,Total - age,99,Total - gender,1434,,,
DATAFLOW,STATSNZ:CEN23_ECI_005(1.0),"Birthplace, years since arrival in New Zealand, age, and gender for the overseas-born census usually resident population count, (RC, TALB, Health), 2013, 2018, and 2023 Censuses",I,2023,2023,9999,Total - New Zealand by regional council,B0502,Italy,05,4 years,99,Total - age,99,Total - gender,210,,,
DATAFLOW,STATSNZ:CEN23_ECI_005(1.0),"Birthplace, years since arrival in New Zealand, age, and gender for the overseas-born census usually resident population count, (RC, TALB, Health), 2013, 2018, and 2023 Censuses",I,2023,2023,9999,Total - New Zealand by regional council,B0907,Other,04,3 years,99,Total - age,99,Total - gender,126,,,
DATAFLOW,STATSNZ:CEN23_ECI_005(1.0),"Birthplace, years since arrival in New Zealand, age, and gender for the overseas-born census usually resident population count, (RC, TALB, Health), 2013, 2018, and 2023 Censuses",I,2023,2023,9999,Total - New Zealand by regional council,B0801,"China, People's Republic of",09,Not elsewhere included,99,Total - age,99,Total - gender,741,,,
DATAFLOW,STATSNZ:CEN23_ECI_005(1.0),"Birthplace, years since arrival in New Zealand, age, and gender for the overseas-born census usually resident population count, (RC, TALB, Health), 2013, 2018, and 2023 Censuses",I,2023,2023,9999,Total - New Zealand by regional council,B0706,Indonesia,07,10-19 years,99,Total - age,99,Total - gender,1521,,,
DATAFLOW,STATSNZ:CEN23_ECI_005(1.0),"Birthplace, years since arrival in New Zealand, age, and gender for the overseas-born census usually resident population count, (RC, TALB, Health), 2013, 2018, and 2023 Censuses",I,2023,2023,9999,Total - New Zealand by regional council,777777,Total stated - birthplace,Mean,Average - years since arrival in New Zealand,99,Total - age,99,Total - gender,18.6,,,
DATAFLOW,STATSNZ:CEN23_ECI_005(1.0),"Birthplace, years since arrival in New Zealand, age, and gender for the overseas-born census usually resident population count, (RC, TALB, Health), 2013, 2018, and 2023 Censuses",I,2023,2023,9999,Total - New Zealand by regional council,B1101,South Africa,08,20 years or more,99,Total - age,99,Total - gender,22971,,,
DATAFLOW,STATSNZ:CEN23_ECI_005(1.0),"Birthplace, years since arrival in New Zealand, age, and gender for the overseas-born census usually resident population count, (RC, TALB, Health), 2013, 2018, and 2023 Censuses",I,2023,2023,9999,Total - New Zealand by regional council,B0506,Ukraine,08,20 years or more,99,Total - age,99,Total - gender,705,,,
DATAFLOW,STATSNZ:CEN23_ECI_005(1.0),"Birthplace, years since arrival in New Zealand, age, and gender for the overseas-born census usually resident population count, (RC, TALB, Health), 2013, 2018, and 2023 Censuses",I,2023,2023,9999,Total - New Zealand by regional council,B0415,Channel Islands,02,1 year,99,Total - age,99,Total - gender,0,,,
DATAFLOW,STATSNZ:CEN23_ECI_005(1.0),"Birthplace, years since arrival in New Zealand, age, and gender for the overseas-born census usually resident population count, (RC, TALB, Health), 2013, 2018, and 2023 Censuses",I,2023,2023,9999,Total - New Zealand by regional council,B1003,Brazil,06,5-9 years,99,Total - age,99,Total - gender,3753,,,
DATAFLOW,STATSNZ:CEN23_ECI_005(1.0),"Birthplace, years since arrival in New Zealand, age, and gender for the overseas-born census usually resident population count, (RC, TALB, Health), 2013, 2018, and 2023 Censuses",I,2023,2023,9999,Total - New Zealand by regional council,B0410,Switzerland,01,Less than one year,99,Total - age,99,Total - gender,156,,,
DATAFLOW,STATSNZ:CEN23_ECI_005(1.0),"Birthplace, years since arrival in New Zealand, age, and gender for the overseas-born census usually resident population count, (RC, TALB, Health), 2013, 2018, and 2023 Censuses",I,2023,2023,9999,Total - New Zealand by regional council,B0802,"Korea, Republic of",777,Total stated - years since arrival in New Zealand,99,Total - age,99,Total - gender,31530,,,
DATAFLOW,STATSNZ:CEN23_ECI_005(1.0),"Birthplace, years since arrival in New Zealand, age, and gender for the overseas-born census usually resident population count, (RC, TALB, Health), 2013, 2018, and 2023 Censuses",I,2023,2023,9999,Total - New Zealand by regional council,B0409,Northern Ireland,777,Total stated - years since arrival in New Zealand,99,Total - age,99,Total - gender,4548,,,
DATAFLOW,STATSNZ:CEN23_ECI_005(1.0),"Birthplace, years since arrival in New Zealand, age, and gender for the overseas-born census usually resident population count, (RC, TALB, Health), 2013, 2018, and 2023 Censuses",I,2023,2023,9999,Total - New Zealand by regional council,B0601,Iraq,04,3 years,99,Total - age,99,Total - gender,84,,,
DATAFLOW,STATSNZ:CEN23_ECI_005(1.0),"Birthplace, years since arrival in New Zealand, age, and gender for the overseas-born census usually resident population count, (RC, TALB, Health), 2013, 2018, and 2023 Censuses",I,2023,2023,9999,Total - New Zealand by regional council,B0211,Solomon Islands,06,5-9 years,99,Total - age,99,Total - gender,63,,,
DATAFLOW,STATSNZ:CEN23_ECI_005(1.0),"Birthplace, years since arrival in New Zealand, age, and gender for the overseas-born census usually resident population count, (RC, TALB, Health), 2013, 2018, and 2023 Censuses",I,2023,2023,9999,Total - New Zealand by regional council,B0207,Kiribati,06,5-9 years,99,Total - age,99,Total - gender,606,,,
DATAFLOW,STATSNZ:CEN23_ECI_005(1.0),"Birthplace, years since arrival in New Zealand, age, and gender for the overseas-born census usually resident population count, (RC, TALB, Health), 2013, 2018, and 2023 Censuses",I,2023,2023,9999,Total - New Zealand by regional council,B0906,Bangladesh,01,Less than one year,99,Total - age,99,Total - gender,486,,,
DATAFLOW,STATSNZ:CEN23_ECI_005(1.0),"Birthplace, years since arrival in New Zealand, age, and gender for the overseas-born census usually resident population count, (RC, TALB, Health), 2013, 2018, and 2023 Censuses",I,2023,2023,9999,Total - New Zealand by regional council,B0705,Cambodia,Mean,Average - years since arrival in New Zealand,99,Total - age,99,Total - gender,20.7,,,
DATAFLOW,STATSNZ:CEN23_ECI_005(1.0),"Birthplace, years since arrival in New Zealand, age, and gender for the overseas-born census usually resident population count, (RC, TALB, Health), 2013, 2018, and 2023 Censuses",I,2023,2023,9999,Total - New Zealand by regional council,B09,Southern and Central Asia,Mean,Average - years since arrival in New Zealand,99,Total - age,99,Total - gender,11,,,
DATAFLOW,STATSNZ:CEN23_ECI_005(1.0),"Birthplace, years since arrival in New Zealand, age, and gender for the overseas-born census usually resident population count, (RC, TALB, Health), 2013, 2018, and 2023 Censuses",I,2023,2023,9999,Total - New Zealand by regional council,B0804,Hong Kong (Special Administrative Region),999,Total - years since arrival in New Zealand,99,Total - age,99,Total - gender,13308,,,
DATAFLOW,STATSNZ:CEN23_ECI_005(1.0),"Birthplace, years since arrival in New Zealand, age, and gender for the overseas-born census usually resident population count, (RC, TALB, Health), 2013, 2018, and 2023 Censuses",I,2023,2023,9999,Total - New Zealand by regional council,B05,Southern and Eastern Europe,08,20 years or more,99,Total - age,99,Total - gender,12189,,,
DATAFLOW,STATSNZ:CEN23_ECI_005(1.0),"Birthplace, years since arrival in New Zealand, age, and gender for the overseas-born census usually resident population count, (RC, TALB, Health), 2013, 2018, and 2023 Censuses",I,2023,2023,9999,Total - New Zealand by regional council,B0208,Tuvalu,04,3 years,99,Total - age,99,Total - gender,120,,,
DATAFLOW,STATSNZ:CEN23_ECI_005(1.0),"Birthplace, years since arrival in New Zealand, age, and gender for the overseas-born census usually resident population count, (RC, TALB, Health), 2013, 2018, and 2023 Censuses",I,2023,2023,9999,Total - New Zealand by regional council,B0209,Papua New Guinea,08,20 years or more,99,Total - age,99,Total - gender,831,,,
DATAFLOW,STATSNZ:CEN23_ECI_005(1.0),"Birthplace, years since arrival in New Zealand, age, and gender for the overseas-born census usually resident population count, (RC, TALB, Health), 2013, 2018, and 2023 Censuses",I,2023,2023,9999,Total - New Zealand by regional council,B0603,Saudi Arabia,Mean,Average - years since arrival in New Zealand,99,Total - age,99,Total - gender,9.7,,,
DATAFLOW,STATSNZ:CEN23_ECI_005(1.0),"Birthplace, years since arrival in New Zealand, age, and gender for the overseas-born census usually resident population count, (RC, TALB, Health), 2013, 2018, and 2023 Censuses",I,2023,2023,9999,Total - New Zealand by regional council,B0406,Ireland,Mean,Average - years since arrival in New Zealand,99,Total - age,99,Total - gender,19.8,,,
DATAFLOW,STATSNZ:CEN23_ECI_005(1.0),"Birthplace, years since arrival in New Zealand, age, and gender for the overseas-born census usually resident population count, (RC, TALB, Health), 2013, 2018, and 2023 Censuses",I,2023,2023,9999,Total - New Zealand by regional council,B0401,England,03,2 years,99,Total - age,99,Total - gender,1647,,,
DATAFLOW,STATSNZ:CEN23_ECI_005(1.0),"Birthplace, years since arrival in New Zealand, age, and gender for the overseas-born census usually resident population count, (RC, TALB, Health), 2013, 2018, and 2023 Censuses",I,2023,2023,9999,Total - New Zealand by regional council,B0407,France,07,10-19 years,99,Total - age,99,Total - gender,1572,,,
DATAFLOW,STATSNZ:CEN23_ECI_005(1.0),"Birthplace, years since arrival in New Zealand, age, and gender for the overseas-born census usually resident population count, (RC, TALB, Health), 2013, 2018, and 2023 Censuses",I,2023,2023,9999,Total - New Zealand by regional council,B0211,Solomon Islands,Mean,Average - years since arrival in New Zealand,99,Total - age,99,Total - gender,21.1,,,
DATAFLOW,STATSNZ:CEN23_ECI_005(1.0),"Birthplace, years since arrival in New Zealand, age, and gender for the overseas-born census usually resident population count, (RC, TALB, Health), 2013, 2018, and 2023 Censuses",I,2023,2023,9999,Total - New Zealand by regional council,B0702,Malaysia,Mean,Average - years since arrival in New Zealand,99,Total - age,99,Total - gender,18.9,,,
DATAFLOW,STATSNZ:CEN23_ECI_005(1.0),"Birthplace, years since arrival in New Zealand, age, and gender for the overseas-born census usually resident population count, (RC, TALB, Health), 2013, 2018, and 2023 Censuses",I,2023,2023,9999,Total - New Zealand by regional council,B0806,Other,777,Total stated - years since arrival in New Zealand,99,Total - age,99,Total - gender,471,,,
DATAFLOW,STATSNZ:CEN23_ECI_005(1.0),"Birthplace, years since arrival in New Zealand, age, and gender for the overseas-born census usually resident population count, (RC, TALB, Health), 2013, 2018, and 2023 Censuses",I,2023,2023,9999,Total - New Zealand by regional council,B0212,Other,07,10-19 years,99,Total - age,99,Total - gender,708,,,
DATAFLOW,STATSNZ:CEN23_ECI_005(1.0),"Birthplace, years since arrival in New Zealand, age, and gender for the overseas-born census usually resident population count, (RC, TALB, Health), 2013, 2018, and 2023 Censuses",I,2023,2023,9999,Total - New Zealand by regional council,B0409,Northern Ireland,09,Not elsewhere included,99,Total - age,99,Total - gender,9,,,
DATAFLOW,STATSNZ:CEN23_ECI_005(1.0),"Birthplace, years since arrival in New Zealand, age, and gender for the overseas-born census usually resident population count, (RC, TALB, Health), 2013, 2018, and 2023 Censuses",I,2023,2023,9999,Total - New Zealand by regional council,B0705,Cambodia,01,Less than one year,99,Total - age,99,Total - gender,282,,,
DATAFLOW,STATSNZ:CEN23_ECI_005(1.0),"Birthplace, years since arrival in New Zealand, age, and gender for the overseas-born census usually resident population count, (RC, TALB, Health), 2013, 2018, and 2023 Censuses",I,2023,2023,9999,Total - New Zealand by regional council,B0207,Kiribati,07,10-19 years,99,Total - age,99,Total - gender,1032,,,
DATAFLOW,STATSNZ:CEN23_ECI_005(1.0),"Birthplace, years since arrival in New Zealand, age, and gender for the overseas-born census usually resident population count, (RC, TALB, Health), 2013, 2018, and 2023 Censuses",I,2023,2023,9999,Total - New Zealand by regional council,B0502,Italy,777,Total stated - years since arrival in New Zealand,99,Total - age,99,Total - gender,3222,,,
DATAFLOW,STATSNZ:CEN23_ECI_005(1.0),"Birthplace, years since arrival in New Zealand, age, and gender for the overseas-born census usually resident population count, (RC, TALB, Health), 2013, 2018, and 2023 Censuses",I,2023,2023,9999,Total - New Zealand by regional council,C,Not elsewhere included,07,10-19 years,99,Total - age,99,Total - gender,0,,,
DATAFLOW,STATSNZ:CEN23_ECI_005(1.0),"Birthplace, years since arrival in New Zealand, age, and gender for the overseas-born census usually resident population count, (RC, TALB, Health), 2013, 2018, and 2023 Censuses",I,2023,2023,9999,Total - New Zealand by regional council,B0414,Belgium,Mean,Average - years since arrival in New Zealand,99,Total - age,99,Total - gender,15.3,,,
DATAFLOW,STATSNZ:CEN23_ECI_005(1.0),"Birthplace, years since arrival in New Zealand, age, and gender for the overseas-born census usually resident population count, (RC, TALB, Health), 2013, 2018, and 2023 Censuses",I,2023,2023,9999,Total - New Zealand by regional council,B0805,Taiwan,05,4 years,99,Total - age,99,Total - gender,306,,,
DATAFLOW,STATSNZ:CEN23_ECI_005(1.0),"Birthplace, years since arrival in New Zealand, age, and gender for the overseas-born census usually resident population count, (RC, TALB, Health), 2013, 2018, and 2023 Censuses",I,2023,2023,9999,Total - New Zealand by regional council,B0508,Spain,06,5-9 years,99,Total - age,99,Total - gender,447,,,
DATAFLOW,STATSNZ:CEN23_ECI_005(1.0),"Birthplace, years since arrival in New Zealand, age, and gender for the overseas-born census usually resident population count, (RC, TALB, Health), 2013, 2018, and 2023 Censuses",I,2023,2023,9999,Total - New Zealand by regional council,B0202,Samoa,08,20 years or more,99,Total - age,99,Total - gender,29568,,,
DATAFLOW,STATSNZ:CEN23_ECI_005(1.0),"Birthplace, years since arrival in New Zealand, age, and gender for the overseas-born census usually resident population count, (RC, TALB, Health), 2013, 2018, and 2023 Censuses",I,2023,2023,9999,Total - New Zealand by regional council,B0209,Papua New Guinea,07,10-19 years,99,Total - age,99,Total - gender,261,,,
DATAFLOW,STATSNZ:CEN23_ECI_005(1.0),"Birthplace, years since arrival in New Zealand, age, and gender for the overseas-born census usually resident population count, (RC, TALB, Health), 2013, 2018, and 2023 Censuses",I,2023,2023,9999,Total - New Zealand by regional council,B01,Australia,04,3 years,99,Total - age,99,Total - gender,3873,,,
DATAFLOW,STATSNZ:CEN23_ECI_005(1.0),"Birthplace, years since arrival in New Zealand, age, and gender for the overseas-born census usually resident population count, (RC, TALB, Health), 2013, 2018, and 2023 Censuses",I,2023,2023,9999,Total - New Zealand by regional council,B1101,South Africa,07,10-19 years,99,Total - age,99,Total - gender,25887,,,
DATAFLOW,STATSNZ:CEN23_ECI_005(1.0),"Birthplace, years since arrival in New Zealand, age, and gender for the overseas-born census usually resident population count, (RC, TALB, Health), 2013, 2018, and 2023 Censuses",I,2023,2023,9999,Total - New Zealand by regional council,B0206,Vanuatu,02,1 year,99,Total - age,99,Total - gender,60,,,
DATAFLOW,STATSNZ:CEN23_ECI_005(1.0),"Birthplace, years since arrival in New Zealand, age, and gender for the overseas-born census usually resident population count, (RC, TALB, Health), 2013, 2018, and 2023 Censuses",I,2023,2023,9999,Total - New Zealand by regional council,B0411,Sweden,777,Total stated - years since arrival in New Zealand,99,Total - age,99,Total - gender,1803,,,
DATAFLOW,STATSNZ:CEN23_ECI_005(1.0),"Birthplace, years since arrival in New Zealand, age, and gender for the overseas-born census usually resident population count, (RC, TALB, Health), 2013, 2018, and 2023 Censuses",I,2023,2023,9999,Total - New Zealand by regional council,B10,The Americas,03,2 years,99,Total - age,99,Total - gender,1821,,,
DATAFLOW,STATSNZ:CEN23_ECI_005(1.0),"Birthplace, years since arrival in New Zealand, age, and gender for the overseas-born census usually resident population count, (RC, TALB, Health), 2013, 2018, and 2023 Censuses",I,2023,2023,9999,Total - New Zealand by regional council,B0207,Kiribati,Mean,Average - years since arrival in New Zealand,99,Total - age,99,Total - gender,12.9,,,
DATAFLOW,STATSNZ:CEN23_ECI_005(1.0),"Birthplace, years since arrival in New Zealand, age, and gender for the overseas-born census usually resident population count, (RC, TALB, Health), 2013, 2018, and 2023 Censuses",I,2023,2023,9999,Total - New Zealand by regional council,B11,Sub-Saharan Africa,02,1 year,99,Total - age,99,Total - gender,1584,,,
DATAFLOW,STATSNZ:CEN23_ECI_005(1.0),"Birthplace, years since arrival in New Zealand, age, and gender for the overseas-born census usually resident population count, (RC, TALB, Health), 2013, 2018, and 2023 Censuses",I,2023,2023,9999,Total - New Zealand by regional council,B0503,Czech Republic,03,2 years,99,Total - age,99,Total - gender,15,,,
DATAFLOW,STATSNZ:CEN23_ECI_005(1.0),"Birthplace, years since arrival in New Zealand, age, and gender for the overseas-born census usually resident population count, (RC, TALB, Health), 2013, 2018, and 2023 Censuses",I,2023,2023,9999,Total - New Zealand by regional council,B1004,Chile,06,5-9 years,99,Total - age,99,Total - gender,1266,,,
DATAFLOW,STATSNZ:CEN23_ECI_005(1.0),"Birthplace, years since arrival in New Zealand, age, and gender for the overseas-born census usually resident population count, (RC, TALB, Health), 2013, 2018, and 2023 Censuses",I,2023,2023,9999,Total - New Zealand by regional council,B0506,Ukraine,07,10-19 years,99,Total - age,99,Total - gender,606,,,
DATAFLOW,STATSNZ:CEN23_ECI_005(1.0),"Birthplace, years since arrival in New Zealand, age, and gender for the overseas-born census usually resident population count, (RC, TALB, Health), 2013, 2018, and 2023 Censuses",I,2023,2023,9999,Total - New Zealand by regional council,B1008,Other Americas,03,2 years,99,Total - age,99,Total - gender,87,,,
DATAFLOW,STATSNZ:CEN23_ECI_005(1.0),"Birthplace, years since arrival in New Zealand, age, and gender for the overseas-born census usually resident population count, (RC, TALB, Health), 2013, 2018, and 2023 Censuses",I,2023,2023,9999,Total - New Zealand by regional council,B1007,Mexico,07,10-19 years,99,Total - age,99,Total - gender,447,,,
DATAFLOW,STATSNZ:CEN23_ECI_005(1.0),"Birthplace, years since arrival in New Zealand, age, and gender for the overseas-born census usually resident population count, (RC, TALB, Health), 2013, 2018, and 2023 Censuses",I,2023,2023,9999,Total - New Zealand by regional council,B0416,Other,08,20 years or more,99,Total - age,99,Total - gender,684,,,
DATAFLOW,STATSNZ:CEN23_ECI_005(1.0),"Birthplace, years since arrival in New Zealand, age, and gender for the overseas-born census usually resident population count, (RC, TALB, Health), 2013, 2018, and 2023 Censuses",I,2023,2023,9999,Total - New Zealand by regional council,B1005,Argentina,Mean,Average - years since arrival in New Zealand,99,Total - age,99,Total - gender,7.5,,,
DATAFLOW,STATSNZ:CEN23_ECI_005(1.0),"Birthplace, years since arrival in New Zealand, age, and gender for the overseas-born census usually resident population count, (RC, TALB, Health), 2013, 2018, and 2023 Censuses",I,2023,2023,9999,Total - New Zealand by regional council,B0210,Tokelau,09,Not elsewhere included,99,Total - age,99,Total - gender,42,,,
DATAFLOW,STATSNZ:CEN23_ECI_005(1.0),"Birthplace, years since arrival in New Zealand, age, and gender for the overseas-born census usually resident population count, (RC, TALB, Health), 2013, 2018, and 2023 Censuses",I,2023,2023,9999,Total - New Zealand by regional council,B0404,Netherlands,08,20 years or more,99,Total - age,99,Total - gender,13032,,,
DATAFLOW,STATSNZ:CEN23_ECI_005(1.0),"Birthplace, years since arrival in New Zealand, age, and gender for the overseas-born census usually resident population count, (RC, TALB, Health), 2013, 2018, and 2023 Censuses",I,2023,2023,9999,Total - New Zealand by regional council,B1005,Argentina,08,20 years or more,99,Total - age,99,Total - gender,393,,,
DATAFLOW,STATSNZ:CEN23_ECI_005(1.0),"Birthplace, years since arrival in New Zealand, age, and gender for the overseas-born census usually resident population count, (RC, TALB, Health), 2013, 2018, and 2023 Censuses",I,2023,2023,9999,Total - New Zealand by regional council,B0707,Singapore,999,Total - years since arrival in New Zealand,99,Total - age,99,Total - gender,7566,,,
DATAFLOW,STATSNZ:CEN23_ECI_005(1.0),"Birthplace, years since arrival in New Zealand, age, and gender for the overseas-born census usually resident population count, (RC, TALB, Health), 2013, 2018, and 2023 Censuses",I,2023,2023,9999,Total - New Zealand by regional council,B0510,Serbia,03,2 years,99,Total - age,99,Total - gender,12,,,
DATAFLOW,STATSNZ:CEN23_ECI_005(1.0),"Birthplace, years since arrival in New Zealand, age, and gender for the overseas-born census usually resident population count, (RC, TALB, Health), 2013, 2018, and 2023 Censuses",I,2023,2023,9999,Total - New Zealand by regional council,B0704,Viet Nam,03,2 years,99,Total - age,99,Total - gender,105,,,
DATAFLOW,STATSNZ:CEN23_ECI_005(1.0),"Birthplace, years since arrival in New Zealand, age, and gender for the overseas-born census usually resident population count, (RC, TALB, Health), 2013, 2018, and 2023 Censuses",I,2023,2023,9999,Total - New Zealand by regional council,B06,North Africa and the Middle East,Mean,Average - years since arrival in New Zealand,99,Total - age,99,Total - gender,14,,,
DATAFLOW,STATSNZ:CEN23_ECI_005(1.0),"Birthplace, years since arrival in New Zealand, age, and gender for the overseas-born census usually resident population count, (RC, TALB, Health), 2013, 2018, and 2023 Censuses",I,2023,2023,9999,Total - New Zealand by regional council,B0512,Other,05,4 years,99,Total - age,99,Total - gender,288,,,
DATAFLOW,STATSNZ:CEN23_ECI_005(1.0),"Birthplace, years since arrival in New Zealand, age, and gender for the overseas-born census usually resident population count, (RC, TALB, Health), 2013, 2018, and 2023 Censuses",I,2023,2023,9999,Total - New Zealand by regional council,B0509,Hungary,999,Total - years since arrival in New Zealand,99,Total - age,99,Total - gender,1590,,,
DATAFLOW,STATSNZ:CEN23_ECI_005(1.0),"Birthplace, years since arrival in New Zealand, age, and gender for the overseas-born census usually resident population count, (RC, TALB, Health), 2013, 2018, and 2023 Censuses",I,2023,2023,9999,Total - New Zealand by regional council,B0907,Other,02,1 year,99,Total - age,99,Total - gender,27,,,
DATAFLOW,STATSNZ:CEN23_ECI_005(1.0),"Birthplace, years since arrival in New Zealand, age, and gender for the overseas-born census usually resident population count, (RC, TALB, Health), 2013, 2018, and 2023 Censuses",I,2023,2023,9999,Total - New Zealand by regional council,B1003,Brazil,04,3 years,99,Total - age,99,Total - gender,1203,,,
DATAFLOW,STATSNZ:CEN23_ECI_005(1.0),"Birthplace, years since arrival in New Zealand, age, and gender for the overseas-born census usually resident population count, (RC, TALB, Health), 2013, 2018, and 2023 Censuses",I,2023,2023,9999,Total - New Zealand by regional council,B1102,Zimbabwe,06,5-9 years,99,Total - age,99,Total - gender,852,,,
DATAFLOW,STATSNZ:CEN23_ECI_005(1.0),"Birthplace, years since arrival in New Zealand, age, and gender for the overseas-born census usually resident population count, (RC, TALB, Health), 2013, 2018, and 2023 Censuses",I,2023,2023,9999,Total - New Zealand by regional council,B0708,Myanmar,01,Less than one year,99,Total - age,99,Total - gender,273,,,
DATAFLOW,STATSNZ:CEN23_ECI_005(1.0),"Birthplace, years since arrival in New Zealand, age, and gender for the overseas-born census usually resident population count, (RC, TALB, Health), 2013, 2018, and 2023 Censuses",I,2023,2023,9999,Total - New Zealand by regional council,B0410,Switzerland,07,10-19 years,99,Total - age,99,Total - gender,603,,,
DATAFLOW,STATSNZ:CEN23_ECI_005(1.0),"Birthplace, years since arrival in New Zealand, age, and gender for the overseas-born census usually resident population count, (RC, TALB, Health), 2013, 2018, and 2023 Censuses",I,2023,2023,9999,Total - New Zealand by regional council,B0608,Turkey,04,3 years,99,Total - age,99,Total - gender,87,,,
DATAFLOW,STATSNZ:CEN23_ECI_005(1.0),"Birthplace, years since arrival in New Zealand, age, and gender for the overseas-born census usually resident population count, (RC, TALB, Health), 2013, 2018, and 2023 Censuses",I,2023,2023,9999,Total - New Zealand by regional council,B0902,Sri Lanka,777,Total stated - years since arrival in New Zealand,99,Total - age,99,Total - gender,19374,,,
DATAFLOW,STATSNZ:CEN23_ECI_005(1.0),"Birthplace, years since arrival in New Zealand, age, and gender for the overseas-born census usually resident population count, (RC, TALB, Health), 2013, 2018, and 2023 Censuses",I,2023,2023,9999,Total - New Zealand by regional council,B0207,Kiribati,03,2 years,99,Total - age,99,Total - gender,24,,,
DATAFLOW,STATSNZ:CEN23_ECI_005(1.0),"Birthplace, years since arrival in New Zealand, age, and gender for the overseas-born census usually resident population count, (RC, TALB, Health), 2013, 2018, and 2023 Censuses",I,2023,2023,9999,Total - New Zealand by regional council,B0605,United Arab Emirates,01,Less than one year,99,Total - age,99,Total - gender,390,,,
DATAFLOW,STATSNZ:CEN23_ECI_005(1.0),"Birthplace, years since arrival in New Zealand, age, and gender for the overseas-born census usually resident population count, (RC, TALB, Health), 2013, 2018, and 2023 Censuses",I,2023,2023,9999,Total - New Zealand by regional council,B0210,Tokelau,02,1 year,99,Total - age,99,Total - gender,24,,,
DATAFLOW,STATSNZ:CEN23_ECI_005(1.0),"Birthplace, years since arrival in New Zealand, age, and gender for the overseas-born census usually resident population count, (RC, TALB, Health), 2013, 2018, and 2023 Censuses",I,2023,2023,9999,Total - New Zealand by regional council,B05,Southern and Eastern Europe,05,4 years,99,Total - age,99,Total - gender,1581,,,
DATAFLOW,STATSNZ:CEN23_ECI_005(1.0),"Birthplace, years since arrival in New Zealand, age, and gender for the overseas-born census usually resident population count, (RC, TALB, Health), 2013, 2018, and 2023 Censuses",I,2023,2023,9999,Total - New Zealand by regional council,B0706,Indonesia,05,4 years,99,Total - age,99,Total - gender,429,,,
DATAFLOW,STATSNZ:CEN23_ECI_005(1.0),"Birthplace, years since arrival in New Zealand, age, and gender for the overseas-born census usually resident population count, (RC, TALB, Health), 2013, 2018, and 2023 Censuses",I,2023,2023,9999,Total - New Zealand by regional council,B,Overseas,03,2 years,99,Total - age,99,Total - gender,16461,,,
DATAFLOW,STATSNZ:CEN23_ECI_005(1.0),"Birthplace, years since arrival in New Zealand, age, and gender for the overseas-born census usually resident population count, (RC, TALB, Health), 2013, 2018, and 2023 Censuses",I,2023,2023,9999,Total - New Zealand by regional council,B0703,Thailand,999,Total - years since arrival in New Zealand,99,Total - age,99,Total - gender,11955,,,
DATAFLOW,STATSNZ:CEN23_ECI_005(1.0),"Birthplace, years since arrival in New Zealand, age, and gender for the overseas-born census usually resident population count, (RC, TALB, Health), 2013, 2018, and 2023 Censuses",I,2023,2023,9999,Total - New Zealand by regional council,B0210,Tokelau,777,Total stated - years since arrival in New Zealand,99,Total - age,99,Total - gender,1305,,,
DATAFLOW,STATSNZ:CEN23_ECI_005(1.0),"Birthplace, years since arrival in New Zealand, age, and gender for the overseas-born census usually resident population count, (RC, TALB, Health), 2013, 2018, and 2023 Censuses",I,2023,2023,9999,Total - New Zealand by regional council,B0406,Ireland,999,Total - years since arrival in New Zealand,99,Total - age,99,Total - gender,10308,,,
DATAFLOW,STATSNZ:CEN23_ECI_005(1.0),"Birthplace, years since arrival in New Zealand, age, and gender for the overseas-born census usually resident population count, (RC, TALB, Health), 2013, 2018, and 2023 Censuses",I,2023,2023,9999,Total - New Zealand by regional council,B1103,Kenya,02,1 year,99,Total - age,99,Total - gender,42,,,
DATAFLOW,STATSNZ:CEN23_ECI_005(1.0),"Birthplace, years since arrival in New Zealand, age, and gender for the overseas-born census usually resident population count, (RC, TALB, Health), 2013, 2018, and 2023 Censuses",I,2023,2023,9999,Total - New Zealand by regional council,B0607,Israel,999,Total - years since arrival in New Zealand,99,Total - age,99,Total - gender,1266,,,
DATAFLOW,STATSNZ:CEN23_ECI_005(1.0),"Birthplace, years since arrival in New Zealand, age, and gender for the overseas-born census usually resident population count, (RC, TALB, Health), 2013, 2018, and 2023 Censuses",I,2023,2023,9999,Total - New Zealand by regional council,B12,At sea,02,1 year,99,Total - age,99,Total - gender,0,,,
DATAFLOW,STATSNZ:CEN23_ECI_005(1.0),"Birthplace, years since arrival in New Zealand, age, and gender for the overseas-born census usually resident population count, (RC, TALB, Health), 2013, 2018, and 2023 Censuses",I,2023,2023,9999,Total - New Zealand by regional council,B02,Pacific Islands,Mean,Average - years since arrival in New Zealand,99,Total - age,99,Total - gender,22,,,
DATAFLOW,STATSNZ:CEN23_ECI_005(1.0),"Birthplace, years since arrival in New Zealand, age, and gender for the overseas-born census usually resident population count, (RC, TALB, Health), 2013, 2018, and 2023 Censuses",I,2023,2023,9999,Total - New Zealand by regional council,B1101,South Africa,02,1 year,99,Total - age,99,Total - gender,1224,,,
DATAFLOW,STATSNZ:CEN23_ECI_005(1.0),"Birthplace, years since arrival in New Zealand, age, and gender for the overseas-born census usually resident population count, (RC, TALB, Health), 2013, 2018, and 2023 Censuses",I,2023,2023,9999,Total - New Zealand by regional council,B0705,Cambodia,03,2 years,99,Total - age,99,Total - gender,33,,,
DATAFLOW,STATSNZ:CEN23_ECI_005(1.0),"Birthplace, years since arrival in New Zealand, age, and gender for the overseas-born census usually resident population count, (RC, TALB, Health), 2013, 2018, and 2023 Censuses",I,2023,2023,9999,Total - New Zealand by regional council,B0509,Hungary,08,20 years or more,99,Total - age,99,Total - gender,495,,,
DATAFLOW,STATSNZ:CEN23_ECI_005(1.0),"Birthplace, years since arrival in New Zealand, age, and gender for the overseas-born census usually resident population count, (RC, TALB, Health), 2013, 2018, and 2023 Censuses",I,2023,2023,9999,Total - New Zealand by regional council,B0907,Other,07,10-19 years,99,Total - age,99,Total - gender,915,,,
DATAFLOW,STATSNZ:CEN23_ECI_005(1.0),"Birthplace, years since arrival in New Zealand, age, and gender for the overseas-born census usually resident population count, (RC, TALB, Health), 2013, 2018, and 2023 Censuses",I,2023,2023,9999,Total - New Zealand by regional council,B0801,"China, People's Republic of",06,5-9 years,99,Total - age,99,Total - gender,35250,,,
DATAFLOW,STATSNZ:CEN23_ECI_005(1.0),"Birthplace, years since arrival in New Zealand, age, and gender for the overseas-born census usually resident population count, (RC, TALB, Health), 2013, 2018, and 2023 Censuses",I,2023,2023,9999,Total - New Zealand by regional council,B0604,Egypt,01,Less than one year,99,Total - age,99,Total - gender,108,,,
DATAFLOW,STATSNZ:CEN23_ECI_005(1.0),"Birthplace, years since arrival in New Zealand, age, and gender for the overseas-born census usually resident population count, (RC, TALB, Health), 2013, 2018, and 2023 Censuses",I,2023,2023,9999,Total - New Zealand by regional council,B0508,Spain,05,4 years,99,Total - age,99,Total - gender,87,,,
DATAFLOW,STATSNZ:CEN23_ECI_005(1.0),"Birthplace, years since arrival in New Zealand, age, and gender for the overseas-born census usually resident population count, (RC, TALB, Health), 2013, 2018, and 2023 Censuses",I,2023,2023,9999,Total - New Zealand by regional council,B10,The Americas,04,3 years,99,Total - age,99,Total - gender,6276,,,
DATAFLOW,STATSNZ:CEN23_ECI_005(1.0),"Birthplace, years since arrival in New Zealand, age, and gender for the overseas-born census usually resident population count, (RC, TALB, Health), 2013, 2018, and 2023 Censuses",I,2023,2023,9999,Total - New Zealand by regional council,B0410,Switzerland,09,Not elsewhere included,99,Total - age,99,Total - gender,21,,,
DATAFLOW,STATSNZ:CEN23_ECI_005(1.0),"Birthplace, years since arrival in New Zealand, age, and gender for the overseas-born census usually resident population count, (RC, TALB, Health), 2013, 2018, and 2023 Censuses",I,2023,2023,9999,Total - New Zealand by regional council,B0803,Japan,08,20 years or more,99,Total - age,99,Total - gender,3891,,,
DATAFLOW,STATSNZ:CEN23_ECI_005(1.0),"Birthplace, years since arrival in New Zealand, age, and gender for the overseas-born census usually resident population count, (RC, TALB, Health), 2013, 2018, and 2023 Censuses",I,2023,2023,9999,Total - New Zealand by regional council,B1004,Chile,08,20 years or more,99,Total - age,99,Total - gender,687,,,
DATAFLOW,STATSNZ:CEN23_ECI_005(1.0),"Birthplace, years since arrival in New Zealand, age, and gender for the overseas-born census usually resident population count, (RC, TALB, Health), 2013, 2018, and 2023 Censuses",I,2023,2023,9999,Total - New Zealand by regional council,B1103,Kenya,08,20 years or more,99,Total - age,99,Total - gender,1014,,,
DATAFLOW,STATSNZ:CEN23_ECI_005(1.0),"Birthplace, years since arrival in New Zealand, age, and gender for the overseas-born census usually resident population count, (RC, TALB, Health), 2013, 2018, and 2023 Censuses",I,2023,2023,9999,Total - New Zealand by regional council,B0602,Iran,03,2 years,99,Total - age,99,Total - gender,57,,,
DATAFLOW,STATSNZ:CEN23_ECI_005(1.0),"Birthplace, years since arrival in New Zealand, age, and gender for the overseas-born census usually resident population count, (RC, TALB, Health), 2013, 2018, and 2023 Censuses",I,2023,2023,9999,Total - New Zealand by regional council,B0606,Syria,777,Total stated - years since arrival in New Zealand,99,Total - age,99,Total - gender,1896,,,
DATAFLOW,STATSNZ:CEN23_ECI_005(1.0),"Birthplace, years since arrival in New Zealand, age, and gender for the overseas-born census usually resident population count, (RC, TALB, Health), 2013, 2018, and 2023 Censuses",I,2023,2023,9999,Total - New Zealand by regional council,B10,The Americas,09,Not elsewhere included,99,Total - age,99,Total - gender,591,,,
DATAFLOW,STATSNZ:CEN23_ECI_005(1.0),"Birthplace, years since arrival in New Zealand, age, and gender for the overseas-born census usually resident population count, (RC, TALB, Health), 2013, 2018, and 2023 Censuses",I,2023,2023,9999,Total - New Zealand by regional council,B0505,Romania,06,5-9 years,99,Total - age,99,Total - gender,252,,,
DATAFLOW,STATSNZ:CEN23_ECI_005(1.0),"Birthplace, years since arrival in New Zealand, age, and gender for the overseas-born census usually resident population count, (RC, TALB, Health), 2013, 2018, and 2023 Censuses",I,2023,2023,9999,Total - New Zealand by regional council,B0805,Taiwan,03,2 years,99,Total - age,99,Total - gender,96,,,
DATAFLOW,STATSNZ:CEN23_ECI_005(1.0),"Birthplace, years since arrival in New Zealand, age, and gender for the overseas-born census usually resident population count, (RC, TALB, Health), 2013, 2018, and 2023 Censuses",I,2023,2023,9999,Total - New Zealand by regional council,B1007,Mexico,04,3 years,99,Total - age,99,Total - gender,174,,,
DATAFLOW,STATSNZ:CEN23_ECI_005(1.0),"Birthplace, years since arrival in New Zealand, age, and gender for the overseas-born census usually resident population count, (RC, TALB, Health), 2013, 2018, and 2023 Censuses",I,2023,2023,9999,Total - New Zealand by regional council,B0604,Egypt,05,4 years,99,Total - age,99,Total - gender,132,,,
DATAFLOW,STATSNZ:CEN23_ECI_005(1.0),"Birthplace, years since arrival in New Zealand, age, and gender for the overseas-born census usually resident population count, (RC, TALB, Health), 2013, 2018, and 2023 Censuses",I,2023,2023,9999,Total - New Zealand by regional council,B1101,South Africa,06,5-9 years,99,Total - age,99,Total - gender,17889,,,
DATAFLOW,STATSNZ:CEN23_ECI_005(1.0),"Birthplace, years since arrival in New Zealand, age, and gender for the overseas-born census usually resident population count, (RC, TALB, Health), 2013, 2018, and 2023 Censuses",I,2023,2023,9999,Total - New Zealand by regional council,B0601,Iraq,777,Total stated - years since arrival in New Zealand,99,Total - age,99,Total - gender,5445,,,
DATAFLOW,STATSNZ:CEN23_ECI_005(1.0),"Birthplace, years since arrival in New Zealand, age, and gender for the overseas-born census usually resident population count, (RC, TALB, Health), 2013, 2018, and 2023 Censuses",I,2023,2023,9999,Total - New Zealand by regional council,B0207,Kiribati,02,1 year,99,Total - age,99,Total - gender,24,,,
DATAFLOW,STATSNZ:CEN23_ECI_005(1.0),"Birthplace, years since arrival in New Zealand, age, and gender for the overseas-born census usually resident population count, (RC, TALB, Health), 2013, 2018, and 2023 Censuses",I,2023,2023,9999,Total - New Zealand by regional council,B0409,Northern Ireland,03,2 years,99,Total - age,99,Total - gender,45,,,
DATAFLOW,STATSNZ:CEN23_ECI_005(1.0),"Birthplace, years since arrival in New Zealand, age, and gender for the overseas-born census usually resident population count, (RC, TALB, Health), 2013, 2018, and 2023 Censuses",I,2023,2023,9999,Total - New Zealand by regional council,B0203,Tonga,05,4 years,99,Total - age,99,Total - gender,759,,,
DATAFLOW,STATSNZ:CEN23_ECI_005(1.0),"Birthplace, years since arrival in New Zealand, age, and gender for the overseas-born census usually resident population count, (RC, TALB, Health), 2013, 2018, and 2023 Censuses",I,2023,2023,9999,Total - New Zealand by regional council,B1102,Zimbabwe,07,10-19 years,99,Total - age,99,Total - gender,2964,,,
DATAFLOW,STATSNZ:CEN23_ECI_005(1.0),"Birthplace, years since arrival in New Zealand, age, and gender for the overseas-born census usually resident population count, (RC, TALB, Health), 2013, 2018, and 2023 Censuses",I,2023,2023,9999,Total - New Zealand by regional council,B0903,Pakistan,07,10-19 years,99,Total - age,99,Total - gender,1368,,,
DATAFLOW,STATSNZ:CEN23_ECI_005(1.0),"Birthplace, years since arrival in New Zealand, age, and gender for the overseas-born census usually resident population count, (RC, TALB, Health), 2013, 2018, and 2023 Censuses",I,2023,2023,9999,Total - New Zealand by regional council,B0404,Netherlands,05,4 years,99,Total - age,99,Total - gender,231,,,
DATAFLOW,STATSNZ:CEN23_ECI_005(1.0),"Birthplace, years since arrival in New Zealand, age, and gender for the overseas-born census usually resident population count, (RC, TALB, Health), 2013, 2018, and 2023 Censuses",I,2023,2023,9999,Total - New Zealand by regional council,B0609,Other,Mean,Average - years since arrival in New Zealand,99,Total - age,99,Total - gender,14.1,,,
DATAFLOW,STATSNZ:CEN23_ECI_005(1.0),"Birthplace, years since arrival in New Zealand, age, and gender for the overseas-born census usually resident population count, (RC, TALB, Health), 2013, 2018, and 2023 Censuses",I,2023,2023,9999,Total - New Zealand by regional council,B1106,Somalia,05,4 years,99,Total - age,99,Total - gender,54,,,
DATAFLOW,STATSNZ:CEN23_ECI_005(1.0),"Birthplace, years since arrival in New Zealand, age, and gender for the overseas-born census usually resident population count, (RC, TALB, Health), 2013, 2018, and 2023 Censuses",I,2023,2023,9999,Total - New Zealand by regional council,B1001,United States of America,999,Total - years since arrival in New Zealand,99,Total - age,99,Total - gender,31779,,,
DATAFLOW,STATSNZ:CEN23_ECI_005(1.0),"Birthplace, years since arrival in New Zealand, age, and gender for the overseas-born census usually resident population count, (RC, TALB, Health), 2013, 2018, and 2023 Censuses",I,2023,2023,9999,Total - New Zealand by regional council,B1006,Colombia,08,20 years or more,99,Total - age,99,Total - gender,192,,,
DATAFLOW,STATSNZ:CEN23_ECI_005(1.0),"Birthplace, years since arrival in New Zealand, age, and gender for the overseas-born census usually resident population count, (RC, TALB, Health), 2013, 2018, and 2023 Censuses",I,2023,2023,9999,Total - New Zealand by regional council,B0508,Spain,07,10-19 years,99,Total - age,99,Total - gender,426,,,
DATAFLOW,STATSNZ:CEN23_ECI_005(1.0),"Birthplace, years since arrival in New Zealand, age, and gender for the overseas-born census usually resident population count, (RC, TALB, Health), 2013, 2018, and 2023 Censuses",I,2023,2023,9999,Total - New Zealand by regional council,B0204,Cook Islands,07,10-19 years,99,Total - age,99,Total - gender,1383,,,
DATAFLOW,STATSNZ:CEN23_ECI_005(1.0),"Birthplace, years since arrival in New Zealand, age, and gender for the overseas-born census usually resident population count, (RC, TALB, Health), 2013, 2018, and 2023 Censuses",I,2023,2023,9999,Total - New Zealand by regional council,B0804,Hong Kong (Special Administrative Region),05,4 years,99,Total - age,99,Total - gender,468,,,
DATAFLOW,STATSNZ:CEN23_ECI_005(1.0),"Birthplace, years since arrival in New Zealand, age, and gender for the overseas-born census usually resident population count, (RC, TALB, Health), 2013, 2018, and 2023 Censuses",I,2023,2023,9999,Total - New Zealand by regional council,B08,North-East Asia,02,1 year,99,Total - age,99,Total - gender,1812,,,
DATAFLOW,STATSNZ:CEN23_ECI_005(1.0),"Birthplace, years since arrival in New Zealand, age, and gender for the overseas-born census usually resident population count, (RC, TALB, Health), 2013, 2018, and 2023 Censuses",I,2023,2023,9999,Total - New Zealand by regional council,B11,Sub-Saharan Africa,04,3 years,99,Total - age,99,Total - gender,12771,,,
DATAFLOW,STATSNZ:CEN23_ECI_005(1.0),"Birthplace, years since arrival in New Zealand, age, and gender for the overseas-born census usually resident population count, (RC, TALB, Health), 2013, 2018, and 2023 Censuses",I,2023,2023,9999,Total - New Zealand by regional council,B0412,Denmark,04,3 years,99,Total - age,99,Total - gender,48,,,
DATAFLOW,STATSNZ:CEN23_ECI_005(1.0),"Birthplace, years since arrival in New Zealand, age, and gender for the overseas-born census usually resident population count, (RC, TALB, Health), 2013, 2018, and 2023 Censuses",I,2023,2023,9999,Total - New Zealand by regional council,B0503,Czech Republic,02,1 year,99,Total - age,99,Total - gender,18,,,
DATAFLOW,STATSNZ:CEN23_ECI_005(1.0),"Birthplace, years since arrival in New Zealand, age, and gender for the overseas-born census usually resident population count, (RC, TALB, Health), 2013, 2018, and 2023 Censuses",I,2023,2023,9999,Total - New Zealand by regional council,B0604,Egypt,08,20 years or more,99,Total - age,99,Total - gender,642,,,
DATAFLOW,STATSNZ:CEN23_ECI_005(1.0),"Birthplace, years since arrival in New Zealand, age, and gender for the overseas-born census usually resident population count, (RC, TALB, Health), 2013, 2018, and 2023 Censuses",I,2023,2023,9999,Total - New Zealand by regional council,B0406,Ireland,09,Not elsewhere included,99,Total - age,99,Total - gender,66,,,
DATAFLOW,STATSNZ:CEN23_ECI_005(1.0),"Birthplace, years since arrival in New Zealand, age, and gender for the overseas-born census usually resident population count, (RC, TALB, Health), 2013, 2018, and 2023 Censuses",I,2023,2023,9999,Total - New Zealand by regional council,B0506,Ukraine,05,4 years,99,Total - age,99,Total - gender,102,,,
DATAFLOW,STATSNZ:CEN23_ECI_005(1.0),"Birthplace, years since arrival in New Zealand, age, and gender for the overseas-born census usually resident population count, (RC, TALB, Health), 2013, 2018, and 2023 Censuses",I,2023,2023,9999,Total - New Zealand by regional council,B07,South-East Asia,03,2 years,99,Total - age,99,Total - gender,1812,,,
DATAFLOW,STATSNZ:CEN23_ECI_005(1.0),"Birthplace, years since arrival in New Zealand, age, and gender for the overseas-born census usually resident population count, (RC, TALB, Health), 2013, 2018, and 2023 Censuses",I,2023,2023,9999,Total - New Zealand by regional council,999999,Total - birthplace,02,1 year,99,Total - age,99,Total - gender,22095,,,
DATAFLOW,STATSNZ:CEN23_ECI_005(1.0),"Birthplace, years since arrival in New Zealand, age, and gender for the overseas-born census usually resident population count, (RC, TALB, Health), 2013, 2018, and 2023 Censuses",I,2023,2023,9999,Total - New Zealand by regional council,B0414,Belgium,999,Total - years since arrival in New Zealand,99,Total - age,99,Total - gender,1320,,,
DATAFLOW,STATSNZ:CEN23_ECI_005(1.0),"Birthplace, years since arrival in New Zealand, age, and gender for the overseas-born census usually resident population count, (RC, TALB, Health), 2013, 2018, and 2023 Censuses",I,2023,2023,9999,Total - New Zealand by regional council,B11,Sub-Saharan Africa,03,2 years,99,Total - age,99,Total - gender,1584,,,
DATAFLOW,STATSNZ:CEN23_ECI_005(1.0),"Birthplace, years since arrival in New Zealand, age, and gender for the overseas-born census usually resident population count, (RC, TALB, Health), 2013, 2018, and 2023 Censuses",I,2023,2023,9999,Total - New Zealand by regional council,B04,North-West Europe,05,4 years,99,Total - age,99,Total - gender,6714,,,
DATAFLOW,STATSNZ:CEN23_ECI_005(1.0),"Birthplace, years since arrival in New Zealand, age, and gender for the overseas-born census usually resident population count, (RC, TALB, Health), 2013, 2018, and 2023 Censuses",I,2023,2023,9999,Total - New Zealand by regional council,B0403,Germany,777,Total stated - years since arrival in New Zealand,99,Total - age,99,Total - gender,16056,,,
DATAFLOW,STATSNZ:CEN23_ECI_005(1.0),"Birthplace, years since arrival in New Zealand, age, and gender for the overseas-born census usually resident population count, (RC, TALB, Health), 2013, 2018, and 2023 Censuses",I,2023,2023,9999,Total - New Zealand by regional council,B0508,Spain,777,Total stated - years since arrival in New Zealand,99,Total - age,99,Total - gender,1593,,,
DATAFLOW,STATSNZ:CEN23_ECI_005(1.0),"Birthplace, years since arrival in New Zealand, age, and gender for the overseas-born census usually resident population count, (RC, TALB, Health), 2013, 2018, and 2023 Censuses",I,2023,2023,9999,Total - New Zealand by regional council,B0205,Niue,01,Less than one year,99,Total - age,99,Total - gender,60,,,
DATAFLOW,STATSNZ:CEN23_ECI_005(1.0),"Birthplace, years since arrival in New Zealand, age, and gender for the overseas-born census usually resident population count, (RC, TALB, Health), 2013, 2018, and 2023 Censuses",I,2023,2023,9999,Total - New Zealand by regional council,B05,Southern and Eastern Europe,01,Less than one year,99,Total - age,99,Total - gender,2598,,,
DATAFLOW,STATSNZ:CEN23_ECI_005(1.0),"Birthplace, years since arrival in New Zealand, age, and gender for the overseas-born census usually resident population count, (RC, TALB, Health), 2013, 2018, and 2023 Censuses",I,2023,2023,9999,Total - New Zealand by regional council,B0407,France,03,2 years,99,Total - age,99,Total - gender,174,,,
DATAFLOW,STATSNZ:CEN23_ECI_005(1.0),"Birthplace, years since arrival in New Zealand, age, and gender for the overseas-born census usually resident population count, (RC, TALB, Health), 2013, 2018, and 2023 Censuses",I,2023,2023,9999,Total - New Zealand by regional council,B0607,Israel,08,20 years or more,99,Total - age,99,Total - gender,372,,,
DATAFLOW,STATSNZ:CEN23_ECI_005(1.0),"Birthplace, years since arrival in New Zealand, age, and gender for the overseas-born census usually resident population count, (RC, TALB, Health), 2013, 2018, and 2023 Censuses",I,2023,2023,9999,Total - New Zealand by regional council,B0509,Hungary,02,1 year,99,Total - age,99,Total - gender,15,,,
DATAFLOW,STATSNZ:CEN23_ECI_005(1.0),"Birthplace, years since arrival in New Zealand, age, and gender for the overseas-born census usually resident population count, (RC, TALB, Health), 2013, 2018, and 2023 Censuses",I,2023,2023,9999,Total - New Zealand by regional council,B0403,Germany,02,1 year,99,Total - age,99,Total - gender,225,,,
DATAFLOW,STATSNZ:CEN23_ECI_005(1.0),"Birthplace, years since arrival in New Zealand, age, and gender for the overseas-born census usually resident population count, (RC, TALB, Health), 2013, 2018, and 2023 Censuses",I,2023,2023,9999,Total - New Zealand by regional council,B0212,Other,06,5-9 years,99,Total - age,99,Total - gender,339,,,
DATAFLOW,STATSNZ:CEN23_ECI_005(1.0),"Birthplace, years since arrival in New Zealand, age, and gender for the overseas-born census usually resident population count, (RC, TALB, Health), 2013, 2018, and 2023 Censuses",I,2023,2023,9999,Total - New Zealand by regional council,B0511,Greece,777,Total stated - years since arrival in New Zealand,99,Total - age,99,Total - gender,885,,,
DATAFLOW,STATSNZ:CEN23_ECI_005(1.0),"Birthplace, years since arrival in New Zealand, age, and gender for the overseas-born census usually resident population count, (RC, TALB, Health), 2013, 2018, and 2023 Censuses",I,2023,2023,9999,Total - New Zealand by regional council,B0503,Czech Republic,999,Total - years since arrival in New Zealand,99,Total - age,99,Total - gender,2526,,,
DATAFLOW,STATSNZ:CEN23_ECI_005(1.0),"Birthplace, years since arrival in New Zealand, age, and gender for the overseas-born census usually resident population count, (RC, TALB, Health), 2013, 2018, and 2023 Censuses",I,2023,2023,9999,Total - New Zealand by regional council,B0603,Saudi Arabia,06,5-9 years,99,Total - age,99,Total - gender,459,,,
DATAFLOW,STATSNZ:CEN23_ECI_005(1.0),"Birthplace, years since arrival in New Zealand, age, and gender for the overseas-born census usually resident population count, (RC, TALB, Health), 2013, 2018, and 2023 Censuses",I,2023,2023,9999,Total - New Zealand by regional council,B0416,Other,07,10-19 years,99,Total - age,99,Total - gender,387,,,
DATAFLOW,STATSNZ:CEN23_ECI_005(1.0),"Birthplace, years since arrival in New Zealand, age, and gender for the overseas-born census usually resident population count, (RC, TALB, Health), 2013, 2018, and 2023 Censuses",I,2023,2023,9999,Total - New Zealand by regional council,B0401,England,07,10-19 years,99,Total - age,99,Total - gender,56811,,,
DATAFLOW,STATSNZ:CEN23_ECI_005(1.0),"Birthplace, years since arrival in New Zealand, age, and gender for the overseas-born census usually resident population count, (RC, TALB, Health), 2013, 2018, and 2023 Censuses",I,2023,2023,9999,Total - New Zealand by regional council,B1006,Colombia,06,5-9 years,99,Total - age,99,Total - gender,1335,,,
DATAFLOW,STATSNZ:CEN23_ECI_005(1.0),"Birthplace, years since arrival in New Zealand, age, and gender for the overseas-born census usually resident population count, (RC, TALB, Health), 2013, 2018, and 2023 Censuses",I,2023,2023,9999,Total - New Zealand by regional council,B0902,Sri Lanka,08,20 years or more,99,Total - age,99,Total - gender,4344,,,
DATAFLOW,STATSNZ:CEN23_ECI_005(1.0),"Birthplace, years since arrival in New Zealand, age, and gender for the overseas-born census usually resident population count, (RC, TALB, Health), 2013, 2018, and 2023 Censuses",I,2023,2023,9999,Total - New Zealand by regional council,B0409,Northern Ireland,04,3 years,99,Total - age,99,Total - gender,96,,,
DATAFLOW,STATSNZ:CEN23_ECI_005(1.0),"Birthplace, years since arrival in New Zealand, age, and gender for the overseas-born census usually resident population count, (RC, TALB, Health), 2013, 2018, and 2023 Censuses",I,2023,2023,9999,Total - New Zealand by regional council,B0413,Austria,777,Total stated - years since arrival in New Zealand,99,Total - age,99,Total - gender,1437,,,
DATAFLOW,STATSNZ:CEN23_ECI_005(1.0),"Birthplace, years since arrival in New Zealand, age, and gender for the overseas-born census usually resident population count, (RC, TALB, Health), 2013, 2018, and 2023 Censuses",I,2023,2023,9999,Total - New Zealand by regional council,B1005,Argentina,02,1 year,99,Total - age,99,Total - gender,51,,,
DATAFLOW,STATSNZ:CEN23_ECI_005(1.0),"Birthplace, years since arrival in New Zealand, age, and gender for the overseas-born census usually resident population count, (RC, TALB, Health), 2013, 2018, and 2023 Censuses",I,2023,2023,9999,Total - New Zealand by regional council,B0412,Denmark,06,5-9 years,99,Total - age,99,Total - gender,123,,,
DATAFLOW,STATSNZ:CEN23_ECI_005(1.0),"Birthplace, years since arrival in New Zealand, age, and gender for the overseas-born census usually resident population count, (RC, TALB, Health), 2013, 2018, and 2023 Censuses",I,2023,2023,9999,Total - New Zealand by regional council,B0416,Other,02,1 year,99,Total - age,99,Total - gender,36,,,
DATAFLOW,STATSNZ:CEN23_ECI_005(1.0),"Birthplace, years since arrival in New Zealand, age, and gender for the overseas-born census usually resident population count, (RC, TALB, Health), 2013, 2018, and 2023 Censuses",I,2023,2023,9999,Total - New Zealand by regional council,B1002,Canada,03,2 years,99,Total - age,99,Total - gender,237,,,
DATAFLOW,STATSNZ:CEN23_ECI_005(1.0),"Birthplace, years since arrival in New Zealand, age, and gender for the overseas-born census usually resident population count, (RC, TALB, Health), 2013, 2018, and 2023 Censuses",I,2023,2023,9999,Total - New Zealand by regional council,B0905,Nepal,05,4 years,99,Total - age,99,Total - gender,714,,,
DATAFLOW,STATSNZ:CEN23_ECI_005(1.0),"Birthplace, years since arrival in New Zealand, age, and gender for the overseas-born census usually resident population count, (RC, TALB, Health), 2013, 2018, and 2023 Censuses",I,2023,2023,9999,Total - New Zealand by regional council,B0806,Other,07,10-19 years,99,Total - age,99,Total - gender,81,,,
DATAFLOW,STATSNZ:CEN23_ECI_005(1.0),"Birthplace, years since arrival in New Zealand, age, and gender for the overseas-born census usually resident population count, (RC, TALB, Health), 2013, 2018, and 2023 Censuses",I,2023,2023,9999,Total - New Zealand by regional council,B0204,Cook Islands,08,20 years or more,99,Total - age,99,Total - gender,8739,,,
DATAFLOW,STATSNZ:CEN23_ECI_005(1.0),"Birthplace, years since arrival in New Zealand, age, and gender for the overseas-born census usually resident population count, (RC, TALB, Health), 2013, 2018, and 2023 Censuses",I,2023,2023,9999,Total - New Zealand by regional council,B0204,Cook Islands,999,Total - years since arrival in New Zealand,99,Total - age,99,Total - gender,12303,,,
DATAFLOW,STATSNZ:CEN23_ECI_005(1.0),"Birthplace, years since arrival in New Zealand, age, and gender for the overseas-born census usually resident population count, (RC, TALB, Health), 2013, 2018, and 2023 Censuses",I,2023,2023,9999,Total - New Zealand by regional council,B1005,Argentina,06,5-9 years,99,Total - age,99,Total - gender,1305,,,
DATAFLOW,STATSNZ:CEN23_ECI_005(1.0),"Birthplace, years since arrival in New Zealand, age, and gender for the overseas-born census usually resident population count, (RC, TALB, Health), 2013, 2018, and 2023 Censuses",I,2023,2023,9999,Total - New Zealand by regional council,B,Overseas,01,Less than one year,99,Total - age,99,Total - gender,109488,,,
DATAFLOW,STATSNZ:CEN23_ECI_005(1.0),"Birthplace, years since arrival in New Zealand, age, and gender for the overseas-born census usually resident population count, (RC, TALB, Health), 2013, 2018, and 2023 Censuses",I,2023,2023,9999,Total - New Zealand by regional council,B1006,Colombia,04,3 years,99,Total - age,99,Total - gender,585,,,
DATAFLOW,STATSNZ:CEN23_ECI_005(1.0),"Birthplace, years since arrival in New Zealand, age, and gender for the overseas-born census usually resident population count, (RC, TALB, Health), 2013, 2018, and 2023 Censuses",I,2023,2023,9999,Total - New Zealand by regional council,B0411,Sweden,02,1 year,99,Total - age,99,Total - gender,39,,,
DATAFLOW,STATSNZ:CEN23_ECI_005(1.0),"Birthplace, years since arrival in New Zealand, age, and gender for the overseas-born census usually resident population count, (RC, TALB, Health), 2013, 2018, and 2023 Censuses",I,2023,2023,9999,Total - New Zealand by regional council,B0209,Papua New Guinea,04,3 years,99,Total - age,99,Total - gender,69,,,
DATAFLOW,STATSNZ:CEN23_ECI_005(1.0),"Birthplace, years since arrival in New Zealand, age, and gender for the overseas-born census usually resident population count, (RC, TALB, Health), 2013, 2018, and 2023 Censuses",I,2023,2023,9999,Total - New Zealand by regional council,B0603,Saudi Arabia,07,10-19 years,99,Total - age,99,Total - gender,399,,,
DATAFLOW,STATSNZ:CEN23_ECI_005(1.0),"Birthplace, years since arrival in New Zealand, age, and gender for the overseas-born census usually resident population count, (RC, TALB, Health), 2013, 2018, and 2023 Censuses",I,2023,2023,9999,Total - New Zealand by regional council,B0507,Croatia,09,Not elsewhere included,99,Total - age,99,Total - gender,18,,,
DATAFLOW,STATSNZ:CEN23_ECI_005(1.0),"Birthplace, years since arrival in New Zealand, age, and gender for the overseas-born census usually resident population count, (RC, TALB, Health), 2013, 2018, and 2023 Censuses",I,2023,2023,9999,Total - New Zealand by regional council,B0212,Other,03,2 years,99,Total - age,99,Total - gender,27,,,
DATAFLOW,STATSNZ:CEN23_ECI_005(1.0),"Birthplace, years since arrival in New Zealand, age, and gender for the overseas-born census usually resident population count, (RC, TALB, Health), 2013, 2018, and 2023 Censuses",I,2023,2023,9999,Total - New Zealand by regional council,B0501,Russia,08,20 years or more,99,Total - age,99,Total - gender,2349,,,
DATAFLOW,STATSNZ:CEN23_ECI_005(1.0),"Birthplace, years since arrival in New Zealand, age, and gender for the overseas-born census usually resident population count, (RC, TALB, Health), 2013, 2018, and 2023 Censuses",I,2023,2023,9999,Total - New Zealand by regional council,B0410,Switzerland,05,4 years,99,Total - age,99,Total - gender,81,,,
DATAFLOW,STATSNZ:CEN23_ECI_005(1.0),"Birthplace, years since arrival in New Zealand, age, and gender for the overseas-born census usually resident population count, (RC, TALB, Health), 2013, 2018, and 2023 Censuses",I,2023,2023,9999,Total - New Zealand by regional council,B0701,Philippines,06,5-9 years,99,Total - age,99,Total - gender,29721,,,
DATAFLOW,STATSNZ:CEN23_ECI_005(1.0),"Birthplace, years since arrival in New Zealand, age, and gender for the overseas-born census usually resident population count, (RC, TALB, Health), 2013, 2018, and 2023 Censuses",I,2023,2023,9999,Total - New Zealand by regional council,B1007,Mexico,03,2 years,99,Total - age,99,Total - gender,27,,,
DATAFLOW,STATSNZ:CEN23_ECI_005(1.0),"Birthplace, years since arrival in New Zealand, age, and gender for the overseas-born census usually resident population count, (RC, TALB, Health), 2013, 2018, and 2023 Censuses",I,2023,2023,9999,Total - New Zealand by regional council,B1103,Kenya,05,4 years,99,Total - age,99,Total - gender,45,,,
DATAFLOW,STATSNZ:CEN23_ECI_005(1.0),"Birthplace, years since arrival in New Zealand, age, and gender for the overseas-born census usually resident population count, (RC, TALB, Health), 2013, 2018, and 2023 Censuses",I,2023,2023,9999,Total - New Zealand by regional council,B0806,Other,Mean,Average - years since arrival in New Zealand,99,Total - age,99,Total - gender,16.8,,,
DATAFLOW,STATSNZ:CEN23_ECI_005(1.0),"Birthplace, years since arrival in New Zealand, age, and gender for the overseas-born census usually resident population count, (RC, TALB, Health), 2013, 2018, and 2023 Censuses",I,2023,2023,9999,Total - New Zealand by regional council,B05,Southern and Eastern Europe,07,10-19 years,99,Total - age,99,Total - gender,9066,,,
DATAFLOW,STATSNZ:CEN23_ECI_005(1.0),"Birthplace, years since arrival in New Zealand, age, and gender for the overseas-born census usually resident population count, (RC, TALB, Health), 2013, 2018, and 2023 Censuses",I,2023,2023,9999,Total - New Zealand by regional council,B0202,Samoa,05,4 years,99,Total - age,99,Total - gender,2445,,,
DATAFLOW,STATSNZ:CEN23_ECI_005(1.0),"Birthplace, years since arrival in New Zealand, age, and gender for the overseas-born census usually resident population count, (RC, TALB, Health), 2013, 2018, and 2023 Censuses",I,2023,2023,9999,Total - New Zealand by regional council,B0211,Solomon Islands,777,Total stated - years since arrival in New Zealand,99,Total - age,99,Total - gender,720,,,
DATAFLOW,STATSNZ:CEN23_ECI_005(1.0),"Birthplace, years since arrival in New Zealand, age, and gender for the overseas-born census usually resident population count, (RC, TALB, Health), 2013, 2018, and 2023 Censuses",I,2023,2023,9999,Total - New Zealand by regional council,B0507,Croatia,777,Total stated - years since arrival in New Zealand,99,Total - age,99,Total - gender,1680,,,
DATAFLOW,STATSNZ:CEN23_ECI_005(1.0),"Birthplace, years since arrival in New Zealand, age, and gender for the overseas-born census usually resident population count, (RC, TALB, Health), 2013, 2018, and 2023 Censuses",I,2023,2023,9999,Total - New Zealand by regional council,B1102,Zimbabwe,05,4 years,99,Total - age,99,Total - gender,198,,,
DATAFLOW,STATSNZ:CEN23_ECI_005(1.0),"Birthplace, years since arrival in New Zealand, age, and gender for the overseas-born census usually resident population count, (RC, TALB, Health), 2013, 2018, and 2023 Censuses",I,2023,2023,9999,Total - New Zealand by regional council,B0416,Other,Mean,Average - years since arrival in New Zealand,99,Total - age,99,Total - gender,21.4,,,
DATAFLOW,STATSNZ:CEN23_ECI_005(1.0),"Birthplace, years since arrival in New Zealand, age, and gender for the overseas-born census usually resident population count, (RC, TALB, Health), 2013, 2018, and 2023 Censuses",I,2023,2023,9999,Total - New Zealand by regional council,B0906,Bangladesh,999,Total - years since arrival in New Zealand,99,Total - age,99,Total - gender,3303,,,
DATAFLOW,STATSNZ:CEN23_ECI_005(1.0),"Birthplace, years since arrival in New Zealand, age, and gender for the overseas-born census usually resident population count, (RC, TALB, Health), 2013, 2018, and 2023 Censuses",I,2023,2023,9999,Total - New Zealand by regional council,B04,North-West Europe,04,3 years,99,Total - age,99,Total - gender,7851,,,
DATAFLOW,STATSNZ:CEN23_ECI_005(1.0),"Birthplace, years since arrival in New Zealand, age, and gender for the overseas-born census usually resident population count, (RC, TALB, Health), 2013, 2018, and 2023 Censuses",I,2023,2023,9999,Total - New Zealand by regional council,B0502,Italy,09,Not elsewhere included,99,Total - age,99,Total - gender,24,,,
DATAFLOW,STATSNZ:CEN23_ECI_005(1.0),"Birthplace, years since arrival in New Zealand, age, and gender for the overseas-born census usually resident population count, (RC, TALB, Health), 2013, 2018, and 2023 Censuses",I,2023,2023,9999,Total - New Zealand by regional council,B0411,Sweden,08,20 years or more,99,Total - age,99,Total - gender,609,,,
DATAFLOW,STATSNZ:CEN23_ECI_005(1.0),"Birthplace, years since arrival in New Zealand, age, and gender for the overseas-born census usually resident population count, (RC, TALB, Health), 2013, 2018, and 2023 Censuses",I,2023,2023,9999,Total - New Zealand by regional council,999999,Total - birthplace,777,Total stated - years since arrival in New Zealand,99,Total - age,99,Total - gender,1414812,,,
DATAFLOW,STATSNZ:CEN23_ECI_005(1.0),"Birthplace, years since arrival in New Zealand, age, and gender for the overseas-born census usually resident population count, (RC, TALB, Health), 2013, 2018, and 2023 Censuses",I,2023,2023,9999,Total - New Zealand by regional council,B0705,Cambodia,07,10-19 years,99,Total - age,99,Total - gender,2028,,,
DATAFLOW,STATSNZ:CEN23_ECI_005(1.0),"Birthplace, years since arrival in New Zealand, age, and gender for the overseas-born census usually resident population count, (RC, TALB, Health), 2013, 2018, and 2023 Censuses",I,2023,2023,9999,Total - New Zealand by regional council,B0510,Serbia,05,4 years,99,Total - age,99,Total - gender,87,,,
DATAFLOW,STATSNZ:CEN23_ECI_005(1.0),"Birthplace, years since arrival in New Zealand, age, and gender for the overseas-born census usually resident population count, (RC, TALB, Health), 2013, 2018, and 2023 Censuses",I,2023,2023,9999,Total - New Zealand by regional council,B0606,Syria,08,20 years or more,99,Total - age,99,Total - gender,180,,,
DATAFLOW,STATSNZ:CEN23_ECI_005(1.0),"Birthplace, years since arrival in New Zealand, age, and gender for the overseas-born census usually resident population count, (RC, TALB, Health), 2013, 2018, and 2023 Censuses",I,2023,2023,9999,Total - New Zealand by regional council,B0203,Tonga,08,20 years or more,99,Total - age,99,Total - gender,13755,,,
DATAFLOW,STATSNZ:CEN23_ECI_005(1.0),"Birthplace, years since arrival in New Zealand, age, and gender for the overseas-born census usually resident population count, (RC, TALB, Health), 2013, 2018, and 2023 Censuses",I,2023,2023,9999,Total - New Zealand by regional council,B1001,United States of America,08,20 years or more,99,Total - age,99,Total - gender,9048,,,
DATAFLOW,STATSNZ:CEN23_ECI_005(1.0),"Birthplace, years since arrival in New Zealand, age, and gender for the overseas-born census usually resident population count, (RC, TALB, Health), 2013, 2018, and 2023 Censuses",I,2023,2023,9999,Total - New Zealand by regional council,B0212,Other,01,Less than one year,99,Total - age,99,Total - gender,138,,,
DATAFLOW,STATSNZ:CEN23_ECI_005(1.0),"Birthplace, years since arrival in New Zealand, age, and gender for the overseas-born census usually resident population count, (RC, TALB, Health), 2013, 2018, and 2023 Censuses",I,2023,2023,9999,Total - New Zealand by regional council,B0501,Russia,07,10-19 years,99,Total - age,99,Total - gender,2637,,,
DATAFLOW,STATSNZ:CEN23_ECI_005(1.0),"Birthplace, years since arrival in New Zealand, age, and gender for the overseas-born census usually resident population count, (RC, TALB, Health), 2013, 2018, and 2023 Censuses",I,2023,2023,9999,Total - New Zealand by regional council,B0903,Pakistan,01,Less than one year,99,Total - age,99,Total - gender,603,,,
DATAFLOW,STATSNZ:CEN23_ECI_005(1.0),"Birthplace, years since arrival in New Zealand, age, and gender for the overseas-born census usually resident population count, (RC, TALB, Health), 2013, 2018, and 2023 Censuses",I,2023,2023,9999,Total - New Zealand by regional council,B0802,"Korea, Republic of",Mean,Average - years since arrival in New Zealand,99,Total - age,99,Total - gender,16.5,,,
DATAFLOW,STATSNZ:CEN23_ECI_005(1.0),"Birthplace, years since arrival in New Zealand, age, and gender for the overseas-born census usually resident population count, (RC, TALB, Health), 2013, 2018, and 2023 Censuses",I,2023,2023,9999,Total - New Zealand by regional council,B0510,Serbia,02,1 year,99,Total - age,99,Total - gender,9,,,
DATAFLOW,STATSNZ:CEN23_ECI_005(1.0),"Birthplace, years since arrival in New Zealand, age, and gender for the overseas-born census usually resident population count, (RC, TALB, Health), 2013, 2018, and 2023 Censuses",I,2023,2023,9999,Total - New Zealand by regional council,B0605,United Arab Emirates,999,Total - years since arrival in New Zealand,99,Total - age,99,Total - gender,2694,,,
DATAFLOW,STATSNZ:CEN23_ECI_005(1.0),"Birthplace, years since arrival in New Zealand, age, and gender for the overseas-born census usually resident population count, (RC, TALB, Health), 2013, 2018, and 2023 Censuses",I,2023,2023,9999,Total - New Zealand by regional council,B0511,Greece,05,4 years,99,Total - age,99,Total - gender,18,,,
DATAFLOW,STATSNZ:CEN23_ECI_005(1.0),"Birthplace, years since arrival in New Zealand, age, and gender for the overseas-born census usually resident population count, (RC, TALB, Health), 2013, 2018, and 2023 Censuses",I,2023,2023,9999,Total - New Zealand by regional council,B0803,Japan,777,Total stated - years since arrival in New Zealand,99,Total - age,99,Total - gender,12627,,,
DATAFLOW,STATSNZ:CEN23_ECI_005(1.0),"Birthplace, years since arrival in New Zealand, age, and gender for the overseas-born census usually resident population count, (RC, TALB, Health), 2013, 2018, and 2023 Censuses",I,2023,2023,9999,Total - New Zealand by regional council,B0416,Other,777,Total stated - years since arrival in New Zealand,99,Total - age,99,Total - gender,1767,,,
DATAFLOW,STATSNZ:CEN23_ECI_005(1.0),"Birthplace, years since arrival in New Zealand, age, and gender for the overseas-born census usually resident population count, (RC, TALB, Health), 2013, 2018, and 2023 Censuses",I,2023,2023,9999,Total - New Zealand by regional council,B0401,England,05,4 years,99,Total - age,99,Total - gender,3579,,,
DATAFLOW,STATSNZ:CEN23_ECI_005(1.0),"Birthplace, years since arrival in New Zealand, age, and gender for the overseas-born census usually resident population count, (RC, TALB, Health), 2013, 2018, and 2023 Censuses",I,2023,2023,9999,Total - New Zealand by regional council,B0806,Other,05,4 years,99,Total - age,99,Total - gender,15,,,
DATAFLOW,STATSNZ:CEN23_ECI_005(1.0),"Birthplace, years since arrival in New Zealand, age, and gender for the overseas-born census usually resident population count, (RC, TALB, Health), 2013, 2018, and 2023 Censuses",I,2023,2023,9999,Total - New Zealand by regional council,B1003,Brazil,777,Total stated - years since arrival in New Zealand,99,Total - age,99,Total - gender,10623,,,
DATAFLOW,STATSNZ:CEN23_ECI_005(1.0),"Birthplace, years since arrival in New Zealand, age, and gender for the overseas-born census usually resident population count, (RC, TALB, Health), 2013, 2018, and 2023 Censuses",I,2023,2023,9999,Total - New Zealand by regional council,B0404,Netherlands,01,Less than one year,99,Total - age,99,Total - gender,456,,,
DATAFLOW,STATSNZ:CEN23_ECI_005(1.0),"Birthplace, years since arrival in New Zealand, age, and gender for the overseas-born census usually resident population count, (RC, TALB, Health), 2013, 2018, and 2023 Censuses",I,2023,2023,9999,Total - New Zealand by regional council,B0202,Samoa,09,Not elsewhere included,99,Total - age,99,Total - gender,1827,,,
DATAFLOW,STATSNZ:CEN23_ECI_005(1.0),"Birthplace, years since arrival in New Zealand, age, and gender for the overseas-born census usually resident population count, (RC, TALB, Health), 2013, 2018, and 2023 Censuses",I,2023,2023,9999,Total - New Zealand by regional council,B0405,United Kingdom (not further defined),777,Total stated - years since arrival in New Zealand,99,Total - age,99,Total - gender,8013,,,
DATAFLOW,STATSNZ:CEN23_ECI_005(1.0),"Birthplace, years since arrival in New Zealand, age, and gender for the overseas-born census usually resident population count, (RC, TALB, Health), 2013, 2018, and 2023 Censuses",I,2023,2023,9999,Total - New Zealand by regional council,B0708,Myanmar,09,Not elsewhere included,99,Total - age,99,Total - gender,24,,,
DATAFLOW,STATSNZ:CEN23_ECI_005(1.0),"Birthplace, years since arrival in New Zealand, age, and gender for the overseas-born census usually resident population count, (RC, TALB, Health), 2013, 2018, and 2023 Censuses",I,2023,2023,9999,Total - New Zealand by regional council,B0606,Syria,03,2 years,99,Total - age,99,Total - gender,33,,,
DATAFLOW,STATSNZ:CEN23_ECI_005(1.0),"Birthplace, years since arrival in New Zealand, age, and gender for the overseas-born census usually resident population count, (RC, TALB, Health), 2013, 2018, and 2023 Censuses",I,2023,2023,9999,Total - New Zealand by regional council,B12,At sea,04,3 years,99,Total - age,99,Total - gender,0,,,
DATAFLOW,STATSNZ:CEN23_ECI_005(1.0),"Birthplace, years since arrival in New Zealand, age, and gender for the overseas-born census usually resident population count, (RC, TALB, Health), 2013, 2018, and 2023 Censuses",I,2023,2023,9999,Total - New Zealand by regional council,B0512,Other,01,Less than one year,99,Total - age,99,Total - gender,411,,,
DATAFLOW,STATSNZ:CEN23_ECI_005(1.0),"Birthplace, years since arrival in New Zealand, age, and gender for the overseas-born census usually resident population count, (RC, TALB, Health), 2013, 2018, and 2023 Censuses",I,2023,2023,9999,Total - New Zealand by regional council,B0409,Northern Ireland,06,5-9 years,99,Total - age,99,Total - gender,447,,,
DATAFLOW,STATSNZ:CEN23_ECI_005(1.0),"Birthplace, years since arrival in New Zealand, age, and gender for the overseas-born census usually resident population count, (RC, TALB, Health), 2013, 2018, and 2023 Censuses",I,2023,2023,9999,Total - New Zealand by regional council,B0706,Indonesia,06,5-9 years,99,Total - age,99,Total - gender,1518,,,
DATAFLOW,STATSNZ:CEN23_ECI_005(1.0),"Birthplace, years since arrival in New Zealand, age, and gender for the overseas-born census usually resident population count, (RC, TALB, Health), 2013, 2018, and 2023 Censuses",I,2023,2023,9999,Total - New Zealand by regional council,B0501,Russia,Mean,Average - years since arrival in New Zealand,99,Total - age,99,Total - gender,13.9,,,
DATAFLOW,STATSNZ:CEN23_ECI_005(1.0),"Birthplace, years since arrival in New Zealand, age, and gender for the overseas-born census usually resident population count, (RC, TALB, Health), 2013, 2018, and 2023 Censuses",I,2023,2023,9999,Total - New Zealand by regional council,B0803,Japan,09,Not elsewhere included,99,Total - age,99,Total - gender,93,,,
DATAFLOW,STATSNZ:CEN23_ECI_005(1.0),"Birthplace, years since arrival in New Zealand, age, and gender for the overseas-born census usually resident population count, (RC, TALB, Health), 2013, 2018, and 2023 Censuses",I,2023,2023,9999,Total - New Zealand by regional council,B08,North-East Asia,999,Total - years since arrival in New Zealand,99,Total - age,99,Total - gender,214464,,,
DATAFLOW,STATSNZ:CEN23_ECI_005(1.0),"Birthplace, years since arrival in New Zealand, age, and gender for the overseas-born census usually resident population count, (RC, TALB, Health), 2013, 2018, and 2023 Censuses",I,2023,2023,9999,Total - New Zealand by regional council,B0403,Germany,05,4 years,99,Total - age,99,Total - gender,534,,,
DATAFLOW,STATSNZ:CEN23_ECI_005(1.0),"Birthplace, years since arrival in New Zealand, age, and gender for the overseas-born census usually resident population count, (RC, TALB, Health), 2013, 2018, and 2023 Censuses",I,2023,2023,9999,Total - New Zealand by regional council,B0505,Romania,02,1 year,99,Total - age,99,Total - gender,12,,,
DATAFLOW,STATSNZ:CEN23_ECI_005(1.0),"Birthplace, years since arrival in New Zealand, age, and gender for the overseas-born census usually resident population count, (RC, TALB, Health), 2013, 2018, and 2023 Censuses",I,2023,2023,9999,Total - New Zealand by regional council,B0702,Malaysia,09,Not elsewhere included,99,Total - age,99,Total - gender,117,,,
DATAFLOW,STATSNZ:CEN23_ECI_005(1.0),"Birthplace, years since arrival in New Zealand, age, and gender for the overseas-born census usually resident population count, (RC, TALB, Health), 2013, 2018, and 2023 Censuses",I,2023,2023,9999,Total - New Zealand by regional council,B0605,United Arab Emirates,777,Total stated - years since arrival in New Zealand,99,Total - age,99,Total - gender,2688,,,
DATAFLOW,STATSNZ:CEN23_ECI_005(1.0),"Birthplace, years since arrival in New Zealand, age, and gender for the overseas-born census usually resident population count, (RC, TALB, Health), 2013, 2018, and 2023 Censuses",I,2023,2023,9999,Total - New Zealand by regional council,B01,Australia,999,Total - years since arrival in New Zealand,99,Total - age,99,Total - gender,86427,,,
DATAFLOW,STATSNZ:CEN23_ECI_005(1.0),"Birthplace, years since arrival in New Zealand, age, and gender for the overseas-born census usually resident population count, (RC, TALB, Health), 2013, 2018, and 2023 Censuses",I,2023,2023,9999,Total - New Zealand by regional council,B02,Pacific Islands,07,10-19 years,99,Total - age,99,Total - gender,50331,,,
DATAFLOW,STATSNZ:CEN23_ECI_005(1.0),"Birthplace, years since arrival in New Zealand, age, and gender for the overseas-born census usually resident population count, (RC, TALB, Health), 2013, 2018, and 2023 Censuses",I,2023,2023,9999,Total - New Zealand by regional council,B1006,Colombia,09,Not elsewhere included,99,Total - age,99,Total - gender,6,,,
DATAFLOW,STATSNZ:CEN23_ECI_005(1.0),"Birthplace, years since arrival in New Zealand, age, and gender for the overseas-born census usually resident population count, (RC, TALB, Health), 2013, 2018, and 2023 Censuses",I,2023,2023,9999,Total - New Zealand by regional council,B0503,Czech Republic,777,Total stated - years since arrival in New Zealand,99,Total - age,99,Total - gender,2508,,,
DATAFLOW,STATSNZ:CEN23_ECI_005(1.0),"Birthplace, years since arrival in New Zealand, age, and gender for the overseas-born census usually resident population count, (RC, TALB, Health), 2013, 2018, and 2023 Censuses",I,2023,2023,9999,Total - New Zealand by regional council,B0701,Philippines,999,Total - years since arrival in New Zealand,99,Total - age,99,Total - gender,99264,,,
DATAFLOW,STATSNZ:CEN23_ECI_005(1.0),"Birthplace, years since arrival in New Zealand, age, and gender for the overseas-born census usually resident population count, (RC, TALB, Health), 2013, 2018, and 2023 Censuses",I,2023,2023,9999,Total - New Zealand by regional council,B0907,Other,08,20 years or more,99,Total - age,99,Total - gender,384,,,
DATAFLOW,STATSNZ:CEN23_ECI_005(1.0),"Birthplace, years since arrival in New Zealand, age, and gender for the overseas-born census usually resident population count, (RC, TALB, Health), 2013, 2018, and 2023 Censuses",I,2023,2023,9999,Total - New Zealand by regional council,B0501,Russia,03,2 years,99,Total - age,99,Total - gender,48,,,
DATAFLOW,STATSNZ:CEN23_ECI_005(1.0),"Birthplace, years since arrival in New Zealand, age, and gender for the overseas-born census usually resident population count, (RC, TALB, Health), 2013, 2018, and 2023 Censuses",I,2023,2023,9999,Total - New Zealand by regional council,B1102,Zimbabwe,08,20 years or more,99,Total - age,99,Total - gender,4110,,,
DATAFLOW,STATSNZ:CEN23_ECI_005(1.0),"Birthplace, years since arrival in New Zealand, age, and gender for the overseas-born census usually resident population count, (RC, TALB, Health), 2013, 2018, and 2023 Censuses",I,2023,2023,9999,Total - New Zealand by regional council,B0202,Samoa,Mean,Average - years since arrival in New Zealand,99,Total - age,99,Total - gender,23.5,,,
DATAFLOW,STATSNZ:CEN23_ECI_005(1.0),"Birthplace, years since arrival in New Zealand, age, and gender for the overseas-born census usually resident population count, (RC, TALB, Health), 2013, 2018, and 2023 Censuses",I,2023,2023,9999,Total - New Zealand by regional council,B0408,Wales,09,Not elsewhere included,99,Total - age,99,Total - gender,33,,,
DATAFLOW,STATSNZ:CEN23_ECI_005(1.0),"Birthplace, years since arrival in New Zealand, age, and gender for the overseas-born census usually resident population count, (RC, TALB, Health), 2013, 2018, and 2023 Censuses",I,2023,2023,9999,Total - New Zealand by regional council,B0705,Cambodia,06,5-9 years,99,Total - age,99,Total - gender,1110,,,
DATAFLOW,STATSNZ:CEN23_ECI_005(1.0),"Birthplace, years since arrival in New Zealand, age, and gender for the overseas-born census usually resident population count, (RC, TALB, Health), 2013, 2018, and 2023 Censuses",I,2023,2023,9999,Total - New Zealand by regional council,B0507,Croatia,04,3 years,99,Total - age,99,Total - gender,30,,,
DATAFLOW,STATSNZ:CEN23_ECI_005(1.0),"Birthplace, years since arrival in New Zealand, age, and gender for the overseas-born census usually resident population count, (RC, TALB, Health), 2013, 2018, and 2023 Censuses",I,2023,2023,9999,Total - New Zealand by regional council,B0705,Cambodia,05,4 years,99,Total - age,99,Total - gender,183,,,
DATAFLOW,STATSNZ:CEN23_ECI_005(1.0),"Birthplace, years since arrival in New Zealand, age, and gender for the overseas-born census usually resident population count, (RC, TALB, Health), 2013, 2018, and 2023 Censuses",I,2023,2023,9999,Total - New Zealand by regional council,B0409,Northern Ireland,02,1 year,99,Total - age,99,Total - gender,36,,,
DATAFLOW,STATSNZ:CEN23_ECI_005(1.0),"Birthplace, years since arrival in New Zealand, age, and gender for the overseas-born census usually resident population count, (RC, TALB, Health), 2013, 2018, and 2023 Censuses",I,2023,2023,9999,Total - New Zealand by regional council,B0414,Belgium,06,5-9 years,99,Total - age,99,Total - gender,264,,,
DATAFLOW,STATSNZ:CEN23_ECI_005(1.0),"Birthplace, years since arrival in New Zealand, age, and gender for the overseas-born census usually resident population count, (RC, TALB, Health), 2013, 2018, and 2023 Censuses",I,2023,2023,9999,Total - New Zealand by regional council,B0209,Papua New Guinea,02,1 year,99,Total - age,99,Total - gender,15,,,
DATAFLOW,STATSNZ:CEN23_ECI_005(1.0),"Birthplace, years since arrival in New Zealand, age, and gender for the overseas-born census usually resident population count, (RC, TALB, Health), 2013, 2018, and 2023 Censuses",I,2023,2023,9999,Total - New Zealand by regional council,B0701,Philippines,05,4 years,99,Total - age,99,Total - gender,7770,,,
DATAFLOW,STATSNZ:CEN23_ECI_005(1.0),"Birthplace, years since arrival in New Zealand, age, and gender for the overseas-born census usually resident population count, (RC, TALB, Health), 2013, 2018, and 2023 Censuses",I,2023,2023,9999,Total - New Zealand by regional council,B0512,Other,777,Total stated - years since arrival in New Zealand,99,Total - age,99,Total - gender,6900,,,
DATAFLOW,STATSNZ:CEN23_ECI_005(1.0),"Birthplace, years since arrival in New Zealand, age, and gender for the overseas-born census usually resident population count, (RC, TALB, Health), 2013, 2018, and 2023 Censuses",I,2023,2023,9999,Total - New Zealand by regional council,B0411,Sweden,09,Not elsewhere included,99,Total - age,99,Total - gender,21,,,
DATAFLOW,STATSNZ:CEN23_ECI_005(1.0),"Birthplace, years since arrival in New Zealand, age, and gender for the overseas-born census usually resident population count, (RC, TALB, Health), 2013, 2018, and 2023 Censuses",I,2023,2023,9999,Total - New Zealand by regional council,B0511,Greece,08,20 years or more,99,Total - age,99,Total - gender,591,,,
DATAFLOW,STATSNZ:CEN23_ECI_005(1.0),"Birthplace, years since arrival in New Zealand, age, and gender for the overseas-born census usually resident population count, (RC, TALB, Health), 2013, 2018, and 2023 Censuses",I,2023,2023,9999,Total - New Zealand by regional council,B03,Other Oceania and Antarctica,999,Total - years since arrival in New Zealand,99,Total - age,99,Total - gender,3,,,
DATAFLOW,STATSNZ:CEN23_ECI_005(1.0),"Birthplace, years since arrival in New Zealand, age, and gender for the overseas-born census usually resident population count, (RC, TALB, Health), 2013, 2018, and 2023 Censuses",I,2023,2023,9999,Total - New Zealand by regional council,B09,Southern and Central Asia,01,Less than one year,99,Total - age,99,Total - gender,20160,,,
DATAFLOW,STATSNZ:CEN23_ECI_005(1.0),"Birthplace, years since arrival in New Zealand, age, and gender for the overseas-born census usually resident population count, (RC, TALB, Health), 2013, 2018, and 2023 Censuses",I,2023,2023,9999,Total - New Zealand by regional council,B1005,Argentina,09,Not elsewhere included,99,Total - age,99,Total - gender,30,,,
DATAFLOW,STATSNZ:CEN23_ECI_005(1.0),"Birthplace, years since arrival in New Zealand, age, and gender for the overseas-born census usually resident population count, (RC, TALB, Health), 2013, 2018, and 2023 Censuses",I,2023,2023,9999,Total - New Zealand by regional council,777777,Total stated - birthplace,02,1 year,99,Total - age,99,Total - gender,22095,,,
DATAFLOW,STATSNZ:CEN23_ECI_005(1.0),"Birthplace, years since arrival in New Zealand, age, and gender for the overseas-born census usually resident population count, (RC, TALB, Health), 2013, 2018, and 2023 Censuses",I,2023,2023,9999,Total - New Zealand by regional council,B0507,Croatia,03,2 years,99,Total - age,99,Total - gender,6,,,
DATAFLOW,STATSNZ:CEN23_ECI_005(1.0),"Birthplace, years since arrival in New Zealand, age, and gender for the overseas-born census usually resident population count, (RC, TALB, Health), 2013, 2018, and 2023 Censuses",I,2023,2023,9999,Total - New Zealand by regional council,B1102,Zimbabwe,777,Total stated - years since arrival in New Zealand,99,Total - age,99,Total - gender,9021,,,
DATAFLOW,STATSNZ:CEN23_ECI_005(1.0),"Birthplace, years since arrival in New Zealand, age, and gender for the overseas-born census usually resident population count, (RC, TALB, Health), 2013, 2018, and 2023 Censuses",I,2023,2023,9999,Total - New Zealand by regional council,B0403,Germany,03,2 years,99,Total - age,99,Total - gender,204,,,
DATAFLOW,STATSNZ:CEN23_ECI_005(1.0),"Birthplace, years since arrival in New Zealand, age, and gender for the overseas-born census usually resident population count, (RC, TALB, Health), 2013, 2018, and 2023 Censuses",I,2023,2023,9999,Total - New Zealand by regional council,B0511,Greece,02,1 year,99,Total - age,99,Total - gender,0,,,
DATAFLOW,STATSNZ:CEN23_ECI_005(1.0),"Birthplace, years since arrival in New Zealand, age, and gender for the overseas-born census usually resident population count, (RC, TALB, Health), 2013, 2018, and 2023 Censuses",I,2023,2023,9999,Total - New Zealand by regional council,B03,Other Oceania and Antarctica,02,1 year,99,Total - age,99,Total - gender,0,,,
DATAFLOW,STATSNZ:CEN23_ECI_005(1.0),"Birthplace, years since arrival in New Zealand, age, and gender for the overseas-born census usually resident population count, (RC, TALB, Health), 2013, 2018, and 2023 Censuses",I,2023,2023,9999,Total - New Zealand by regional council,B0703,Thailand,03,2 years,99,Total - age,99,Total - gender,153,,,
DATAFLOW,STATSNZ:CEN23_ECI_005(1.0),"Birthplace, years since arrival in New Zealand, age, and gender for the overseas-born census usually resident population count, (RC, TALB, Health), 2013, 2018, and 2023 Censuses",I,2023,2023,9999,Total - New Zealand by regional council,B0907,Other,09,Not elsewhere included,99,Total - age,99,Total - gender,15,,,
DATAFLOW,STATSNZ:CEN23_ECI_005(1.0),"Birthplace, years since arrival in New Zealand, age, and gender for the overseas-born census usually resident population count, (RC, TALB, Health), 2013, 2018, and 2023 Censuses",I,2023,2023,9999,Total - New Zealand by regional council,B0202,Samoa,07,10-19 years,99,Total - age,99,Total - gender,12480,,,
DATAFLOW,STATSNZ:CEN23_ECI_005(1.0),"Birthplace, years since arrival in New Zealand, age, and gender for the overseas-born census usually resident population count, (RC, TALB, Health), 2013, 2018, and 2023 Censuses",I,2023,2023,9999,Total - New Zealand by regional council,B03,Other Oceania and Antarctica,01,Less than one year,99,Total - age,99,Total - gender,0,,,
DATAFLOW,STATSNZ:CEN23_ECI_005(1.0),"Birthplace, years since arrival in New Zealand, age, and gender for the overseas-born census usually resident population count, (RC, TALB, Health), 2013, 2018, and 2023 Censuses",I,2023,2023,9999,Total - New Zealand by regional council,B1008,Other Americas,08,20 years or more,99,Total - age,99,Total - gender,1692,,,
DATAFLOW,STATSNZ:CEN23_ECI_005(1.0),"Birthplace, years since arrival in New Zealand, age, and gender for the overseas-born census usually resident population count, (RC, TALB, Health), 2013, 2018, and 2023 Censuses",I,2023,2023,9999,Total - New Zealand by regional council,B0805,Taiwan,777,Total stated - years since arrival in New Zealand,99,Total - age,99,Total - gender,10815,,,
DATAFLOW,STATSNZ:CEN23_ECI_005(1.0),"Birthplace, years since arrival in New Zealand, age, and gender for the overseas-born census usually resident population count, (RC, TALB, Health), 2013, 2018, and 2023 Censuses",I,2023,2023,9999,Total - New Zealand by regional council,B0708,Myanmar,02,1 year,99,Total - age,99,Total - gender,111,,,
DATAFLOW,STATSNZ:CEN23_ECI_005(1.0),"Birthplace, years since arrival in New Zealand, age, and gender for the overseas-born census usually resident population count, (RC, TALB, Health), 2013, 2018, and 2023 Censuses",I,2023,2023,9999,Total - New Zealand by regional council,B0209,Papua New Guinea,05,4 years,99,Total - age,99,Total - gender,54,,,
DATAFLOW,STATSNZ:CEN23_ECI_005(1.0),"Birthplace, years since arrival in New Zealand, age, and gender for the overseas-born census usually resident population count, (RC, TALB, Health), 2013, 2018, and 2023 Censuses",I,2023,2023,9999,Total - New Zealand by regional council,B0903,Pakistan,999,Total - years since arrival in New Zealand,99,Total - age,99,Total - gender,6690,,,
DATAFLOW,STATSNZ:CEN23_ECI_005(1.0),"Birthplace, years since arrival in New Zealand, age, and gender for the overseas-born census usually resident population count, (RC, TALB, Health), 2013, 2018, and 2023 Censuses",I,2023,2023,9999,Total - New Zealand by regional council,B11,Sub-Saharan Africa,08,20 years or more,99,Total - age,99,Total - gender,31758,,,
DATAFLOW,STATSNZ:CEN23_ECI_005(1.0),"Birthplace, years since arrival in New Zealand, age, and gender for the overseas-born census usually resident population count, (RC, TALB, Health), 2013, 2018, and 2023 Censuses",I,2023,2023,9999,Total - New Zealand by regional council,B0607,Israel,03,2 years,99,Total - age,99,Total - gender,51,,,
DATAFLOW,STATSNZ:CEN23_ECI_005(1.0),"Birthplace, years since arrival in New Zealand, age, and gender for the overseas-born census usually resident population count, (RC, TALB, Health), 2013, 2018, and 2023 Censuses",I,2023,2023,9999,Total - New Zealand by regional council,B0701,Philippines,04,3 years,99,Total - age,99,Total - gender,8487,,,
DATAFLOW,STATSNZ:CEN23_ECI_005(1.0),"Birthplace, years since arrival in New Zealand, age, and gender for the overseas-born census usually resident population count, (RC, TALB, Health), 2013, 2018, and 2023 Censuses",I,2023,2023,9999,Total - New Zealand by regional council,B1005,Argentina,01,Less than one year,99,Total - age,99,Total - gender,1353,,,
DATAFLOW,STATSNZ:CEN23_ECI_005(1.0),"Birthplace, years since arrival in New Zealand, age, and gender for the overseas-born census usually resident population count, (RC, TALB, Health), 2013, 2018, and 2023 Censuses",I,2023,2023,9999,Total - New Zealand by regional council,B0904,Afghanistan,09,Not elsewhere included,99,Total - age,99,Total - gender,39,,,
DATAFLOW,STATSNZ:CEN23_ECI_005(1.0),"Birthplace, years since arrival in New Zealand, age, and gender for the overseas-born census usually resident population count, (RC, TALB, Health), 2013, 2018, and 2023 Censuses",I,2023,2023,9999,Total - New Zealand by regional council,B0505,Romania,Mean,Average - years since arrival in New Zealand,99,Total - age,99,Total - gender,19,,,
DATAFLOW,STATSNZ:CEN23_ECI_005(1.0),"Birthplace, years since arrival in New Zealand, age, and gender for the overseas-born census usually resident population count, (RC, TALB, Health), 2013, 2018, and 2023 Censuses",I,2023,2023,9999,Total - New Zealand by regional council,B0202,Samoa,06,5-9 years,99,Total - age,99,Total - gender,8541,,,
DATAFLOW,STATSNZ:CEN23_ECI_005(1.0),"Birthplace, years since arrival in New Zealand, age, and gender for the overseas-born census usually resident population count, (RC, TALB, Health), 2013, 2018, and 2023 Censuses",I,2023,2023,9999,Total - New Zealand by regional council,B0604,Egypt,06,5-9 years,99,Total - age,99,Total - gender,471,,,
DATAFLOW,STATSNZ:CEN23_ECI_005(1.0),"Birthplace, years since arrival in New Zealand, age, and gender for the overseas-born census usually resident population count, (RC, TALB, Health), 2013, 2018, and 2023 Censuses",I,2023,2023,9999,Total - New Zealand by regional council,B1106,Somalia,08,20 years or more,99,Total - age,99,Total - gender,435,,,
DATAFLOW,STATSNZ:CEN23_ECI_005(1.0),"Birthplace, years since arrival in New Zealand, age, and gender for the overseas-born census usually resident population count, (RC, TALB, Health), 2013, 2018, and 2023 Censuses",I,2023,2023,9999,Total - New Zealand by regional council,B0803,Japan,999,Total - years since arrival in New Zealand,99,Total - age,99,Total - gender,12723,,,
DATAFLOW,STATSNZ:CEN23_ECI_005(1.0),"Birthplace, years since arrival in New Zealand, age, and gender for the overseas-born census usually resident population count, (RC, TALB, Health), 2013, 2018, and 2023 Censuses",I,2023,2023,9999,Total - New Zealand by regional council,B1105,Ethiopia,08,20 years or more,99,Total - age,99,Total - gender,378,,,
DATAFLOW,STATSNZ:CEN23_ECI_005(1.0),"Birthplace, years since arrival in New Zealand, age, and gender for the overseas-born census usually resident population count, (RC, TALB, Health), 2013, 2018, and 2023 Censuses",I,2023,2023,9999,Total - New Zealand by regional council,B0412,Denmark,08,20 years or more,99,Total - age,99,Total - gender,759,,,
DATAFLOW,STATSNZ:CEN23_ECI_005(1.0),"Birthplace, years since arrival in New Zealand, age, and gender for the overseas-born census usually resident population count, (RC, TALB, Health), 2013, 2018, and 2023 Censuses",I,2023,2023,9999,Total - New Zealand by regional council,B0512,Other,999,Total - years since arrival in New Zealand,99,Total - age,99,Total - gender,6939,,,
DATAFLOW,STATSNZ:CEN23_ECI_005(1.0),"Birthplace, years since arrival in New Zealand, age, and gender for the overseas-born census usually resident population count, (RC, TALB, Health), 2013, 2018, and 2023 Censuses",I,2023,2023,9999,Total - New Zealand by regional council,B0801,"China, People's Republic of",08,20 years or more,99,Total - age,99,Total - gender,42126,,,
DATAFLOW,STATSNZ:CEN23_ECI_005(1.0),"Birthplace, years since arrival in New Zealand, age, and gender for the overseas-born census usually resident population count, (RC, TALB, Health), 2013, 2018, and 2023 Censuses",I,2023,2023,9999,Total - New Zealand by regional council,B0504,Poland,04,3 years,99,Total - age,99,Total - gender,120,,,
DATAFLOW,STATSNZ:CEN23_ECI_005(1.0),"Birthplace, years since arrival in New Zealand, age, and gender for the overseas-born census usually resident population count, (RC, TALB, Health), 2013, 2018, and 2023 Censuses",I,2023,2023,9999,Total - New Zealand by regional council,B08,North-East Asia,09,Not elsewhere included,99,Total - age,99,Total - gender,1143,,,
DATAFLOW,STATSNZ:CEN23_ECI_005(1.0),"Birthplace, years since arrival in New Zealand, age, and gender for the overseas-born census usually resident population count, (RC, TALB, Health), 2013, 2018, and 2023 Censuses",I,2023,2023,9999,Total - New Zealand by regional council,B0702,Malaysia,08,20 years or more,99,Total - age,99,Total - gender,9414,,,
DATAFLOW,STATSNZ:CEN23_ECI_005(1.0),"Birthplace, years since arrival in New Zealand, age, and gender for the overseas-born census usually resident population count, (RC, TALB, Health), 2013, 2018, and 2023 Censuses",I,2023,2023,9999,Total - New Zealand by regional council,B11,Sub-Saharan Africa,777,Total stated - years since arrival in New Zealand,99,Total - age,99,Total - gender,117399,,,
DATAFLOW,STATSNZ:CEN23_ECI_005(1.0),"Birthplace, years since arrival in New Zealand, age, and gender for the overseas-born census usually resident population count, (RC, TALB, Health), 2013, 2018, and 2023 Censuses",I,2023,2023,9999,Total - New Zealand by regional council,B1005,Argentina,999,Total - years since arrival in New Zealand,99,Total - age,99,Total - gender,5370,,,
DATAFLOW,STATSNZ:CEN23_ECI_005(1.0),"Birthplace, years since arrival in New Zealand, age, and gender for the overseas-born census usually resident population count, (RC, TALB, Health), 2013, 2018, and 2023 Censuses",I,2023,2023,9999,Total - New Zealand by regional council,B1101,South Africa,03,2 years,99,Total - age,99,Total - gender,1362,,,
DATAFLOW,STATSNZ:CEN23_ECI_005(1.0),"Birthplace, years since arrival in New Zealand, age, and gender for the overseas-born census usually resident population count, (RC, TALB, Health), 2013, 2018, and 2023 Censuses",I,2023,2023,9999,Total - New Zealand by regional council,B0207,Kiribati,777,Total stated - years since arrival in New Zealand,99,Total - age,99,Total - gender,2796,,,
DATAFLOW,STATSNZ:CEN23_ECI_005(1.0),"Birthplace, years since arrival in New Zealand, age, and gender for the overseas-born census usually resident population count, (RC, TALB, Health), 2013, 2018, and 2023 Censuses",I,2023,2023,9999,Total - New Zealand by regional council,B1106,Somalia,07,10-19 years,99,Total - age,99,Total - gender,348,,,
DATAFLOW,STATSNZ:CEN23_ECI_005(1.0),"Birthplace, years since arrival in New Zealand, age, and gender for the overseas-born census usually resident population count, (RC, TALB, Health), 2013, 2018, and 2023 Censuses",I,2023,2023,9999,Total - New Zealand by regional council,C,Not elsewhere included,999,Total - years since arrival in New Zealand,99,Total - age,99,Total - gender,0,,,
DATAFLOW,STATSNZ:CEN23_ECI_005(1.0),"Birthplace, years since arrival in New Zealand, age, and gender for the overseas-born census usually resident population count, (RC, TALB, Health), 2013, 2018, and 2023 Censuses",I,2023,2023,9999,Total - New Zealand by regional council,B0902,Sri Lanka,02,1 year,99,Total - age,99,Total - gender,186,,,
DATAFLOW,STATSNZ:CEN23_ECI_005(1.0),"Birthplace, years since arrival in New Zealand, age, and gender for the overseas-born census usually resident population count, (RC, TALB, Health), 2013, 2018, and 2023 Censuses",I,2023,2023,9999,Total - New Zealand by regional council,B0201,Fiji,08,20 years or more,99,Total - age,99,Total - gender,23847,,,
DATAFLOW,STATSNZ:CEN23_ECI_005(1.0),"Birthplace, years since arrival in New Zealand, age, and gender for the overseas-born census usually resident population count, (RC, TALB, Health), 2013, 2018, and 2023 Censuses",I,2023,2023,9999,Total - New Zealand by regional council,B0705,Cambodia,08,20 years or more,99,Total - age,99,Total - gender,4158,,,
DATAFLOW,STATSNZ:CEN23_ECI_005(1.0),"Birthplace, years since arrival in New Zealand, age, and gender for the overseas-born census usually resident population count, (RC, TALB, Health), 2013, 2018, and 2023 Censuses",I,2023,2023,9999,Total - New Zealand by regional council,B1003,Brazil,999,Total - years since arrival in New Zealand,99,Total - age,99,Total - gender,10647,,,
DATAFLOW,STATSNZ:CEN23_ECI_005(1.0),"Birthplace, years since arrival in New Zealand, age, and gender for the overseas-born census usually resident population count, (RC, TALB, Health), 2013, 2018, and 2023 Censuses",I,2023,2023,9999,Total - New Zealand by regional council,B0212,Other,04,3 years,99,Total - age,99,Total - gender,99,,,
DATAFLOW,STATSNZ:CEN23_ECI_005(1.0),"Birthplace, years since arrival in New Zealand, age, and gender for the overseas-born census usually resident population count, (RC, TALB, Health), 2013, 2018, and 2023 Censuses",I,2023,2023,9999,Total - New Zealand by regional council,B0504,Poland,999,Total - years since arrival in New Zealand,99,Total - age,99,Total - gender,2496,,,
DATAFLOW,STATSNZ:CEN23_ECI_005(1.0),"Birthplace, years since arrival in New Zealand, age, and gender for the overseas-born census usually resident population count, (RC, TALB, Health), 2013, 2018, and 2023 Censuses",I,2023,2023,9999,Total - New Zealand by regional council,B0902,Sri Lanka,04,3 years,99,Total - age,99,Total - gender,1590,,,
DATAFLOW,STATSNZ:CEN23_ECI_005(1.0),"Birthplace, years since arrival in New Zealand, age, and gender for the overseas-born census usually resident population count, (RC, TALB, Health), 2013, 2018, and 2023 Censuses",I,2023,2023,9999,Total - New Zealand by regional council,B0603,Saudi Arabia,05,4 years,99,Total - age,99,Total - gender,144,,,
DATAFLOW,STATSNZ:CEN23_ECI_005(1.0),"Birthplace, years since arrival in New Zealand, age, and gender for the overseas-born census usually resident population count, (RC, TALB, Health), 2013, 2018, and 2023 Censuses",I,2023,2023,9999,Total - New Zealand by regional council,B0416,Other,04,3 years,99,Total - age,99,Total - gender,81,,,
DATAFLOW,STATSNZ:CEN23_ECI_005(1.0),"Birthplace, years since arrival in New Zealand, age, and gender for the overseas-born census usually resident population count, (RC, TALB, Health), 2013, 2018, and 2023 Censuses",I,2023,2023,9999,Total - New Zealand by regional council,B1008,Other Americas,Mean,Average - years since arrival in New Zealand,99,Total - age,99,Total - gender,17.3,,,
DATAFLOW,STATSNZ:CEN23_ECI_005(1.0),"Birthplace, years since arrival in New Zealand, age, and gender for the overseas-born census usually resident population count, (RC, TALB, Health), 2013, 2018, and 2023 Censuses",I,2023,2023,9999,Total - New Zealand by regional council,B04,North-West Europe,777,Total stated - years since arrival in New Zealand,99,Total - age,99,Total - gender,315612,,,
DATAFLOW,STATSNZ:CEN23_ECI_005(1.0),"Birthplace, years since arrival in New Zealand, age, and gender for the overseas-born census usually resident population count, (RC, TALB, Health), 2013, 2018, and 2023 Censuses",I,2023,2023,9999,Total - New Zealand by regional council,B0410,Switzerland,06,5-9 years,99,Total - age,99,Total - gender,282,,,
DATAFLOW,STATSNZ:CEN23_ECI_005(1.0),"Birthplace, years since arrival in New Zealand, age, and gender for the overseas-born census usually resident population count, (RC, TALB, Health), 2013, 2018, and 2023 Censuses",I,2023,2023,9999,Total - New Zealand by regional council,777777,Total stated - birthplace,06,5-9 years,99,Total - age,99,Total - gender,268680,,,
DATAFLOW,STATSNZ:CEN23_ECI_005(1.0),"Birthplace, years since arrival in New Zealand, age, and gender for the overseas-born census usually resident population count, (RC, TALB, Health), 2013, 2018, and 2023 Censuses",I,2023,2023,9999,Total - New Zealand by regional council,B0604,Egypt,04,3 years,99,Total - age,99,Total - gender,123,,,
DATAFLOW,STATSNZ:CEN23_ECI_005(1.0),"Birthplace, years since arrival in New Zealand, age, and gender for the overseas-born census usually resident population count, (RC, TALB, Health), 2013, 2018, and 2023 Censuses",I,2023,2023,9999,Total - New Zealand by regional council,B0207,Kiribati,04,3 years,99,Total - age,99,Total - gender,123,,,
DATAFLOW,STATSNZ:CEN23_ECI_005(1.0),"Birthplace, years since arrival in New Zealand, age, and gender for the overseas-born census usually resident population count, (RC, TALB, Health), 2013, 2018, and 2023 Censuses",I,2023,2023,9999,Total - New Zealand by regional council,B0903,Pakistan,02,1 year,99,Total - age,99,Total - gender,210,,,
DATAFLOW,STATSNZ:CEN23_ECI_005(1.0),"Birthplace, years since arrival in New Zealand, age, and gender for the overseas-born census usually resident population count, (RC, TALB, Health), 2013, 2018, and 2023 Censuses",I,2023,2023,9999,Total - New Zealand by regional council,B1107,Other Sub-Saharan Africa,07,10-19 years,99,Total - age,99,Total - gender,1914,,,
DATAFLOW,STATSNZ:CEN23_ECI_005(1.0),"Birthplace, years since arrival in New Zealand, age, and gender for the overseas-born census usually resident population count, (RC, TALB, Health), 2013, 2018, and 2023 Censuses",I,2023,2023,9999,Total - New Zealand by regional council,B1103,Kenya,03,2 years,99,Total - age,99,Total - gender,33,,,
DATAFLOW,STATSNZ:CEN23_ECI_005(1.0),"Birthplace, years since arrival in New Zealand, age, and gender for the overseas-born census usually resident population count, (RC, TALB, Health), 2013, 2018, and 2023 Censuses",I,2023,2023,9999,Total - New Zealand by regional council,B0506,Ukraine,777,Total stated - years since arrival in New Zealand,99,Total - age,99,Total - gender,2448,,,
DATAFLOW,STATSNZ:CEN23_ECI_005(1.0),"Birthplace, years since arrival in New Zealand, age, and gender for the overseas-born census usually resident population count, (RC, TALB, Health), 2013, 2018, and 2023 Censuses",I,2023,2023,9999,Total - New Zealand by regional council,B0901,India,09,Not elsewhere included,99,Total - age,99,Total - gender,765,,,
DATAFLOW,STATSNZ:CEN23_ECI_005(1.0),"Birthplace, years since arrival in New Zealand, age, and gender for the overseas-born census usually resident population count, (RC, TALB, Health), 2013, 2018, and 2023 Censuses",I,2023,2023,9999,Total - New Zealand by regional council,B11,Sub-Saharan Africa,Mean,Average - years since arrival in New Zealand,99,Total - age,99,Total - gender,14,,,
DATAFLOW,STATSNZ:CEN23_ECI_005(1.0),"Birthplace, years since arrival in New Zealand, age, and gender for the overseas-born census usually resident population count, (RC, TALB, Health), 2013, 2018, and 2023 Censuses",I,2023,2023,9999,Total - New Zealand by regional council,B0606,Syria,01,Less than one year,99,Total - age,99,Total - gender,165,,,
DATAFLOW,STATSNZ:CEN23_ECI_005(1.0),"Birthplace, years since arrival in New Zealand, age, and gender for the overseas-born census usually resident population count, (RC, TALB, Health), 2013, 2018, and 2023 Censuses",I,2023,2023,9999,Total - New Zealand by regional council,B0805,Taiwan,04,3 years,99,Total - age,99,Total - gender,330,,,
DATAFLOW,STATSNZ:CEN23_ECI_005(1.0),"Birthplace, years since arrival in New Zealand, age, and gender for the overseas-born census usually resident population count, (RC, TALB, Health), 2013, 2018, and 2023 Censuses",I,2023,2023,9999,Total - New Zealand by regional council,B0412,Denmark,02,1 year,99,Total - age,99,Total - gender,27,,,
DATAFLOW,STATSNZ:CEN23_ECI_005(1.0),"Birthplace, years since arrival in New Zealand, age, and gender for the overseas-born census usually resident population count, (RC, TALB, Health), 2013, 2018, and 2023 Censuses",I,2023,2023,9999,Total - New Zealand by regional council,B0706,Indonesia,03,2 years,99,Total - age,99,Total - gender,87,,,
DATAFLOW,STATSNZ:CEN23_ECI_005(1.0),"Birthplace, years since arrival in New Zealand, age, and gender for the overseas-born census usually resident population count, (RC, TALB, Health), 2013, 2018, and 2023 Censuses",I,2023,2023,9999,Total - New Zealand by regional council,B0702,Malaysia,05,4 years,99,Total - age,99,Total - gender,813,,,
DATAFLOW,STATSNZ:CEN23_ECI_005(1.0),"Birthplace, years since arrival in New Zealand, age, and gender for the overseas-born census usually resident population count, (RC, TALB, Health), 2013, 2018, and 2023 Censuses",I,2023,2023,9999,Total - New Zealand by regional council,B0804,Hong Kong (Special Administrative Region),01,Less than one year,99,Total - age,99,Total - gender,645,,,
DATAFLOW,STATSNZ:CEN23_ECI_005(1.0),"Birthplace, years since arrival in New Zealand, age, and gender for the overseas-born census usually resident population count, (RC, TALB, Health), 2013, 2018, and 2023 Censuses",I,2023,2023,9999,Total - New Zealand by regional council,B0601,Iraq,02,1 year,99,Total - age,99,Total - gender,27,,,
DATAFLOW,STATSNZ:CEN23_ECI_005(1.0),"Birthplace, years since arrival in New Zealand, age, and gender for the overseas-born census usually resident population count, (RC, TALB, Health), 2013, 2018, and 2023 Censuses",I,2023,2023,9999,Total - New Zealand by regional council,B1004,Chile,01,Less than one year,99,Total - age,99,Total - gender,1173,,,
DATAFLOW,STATSNZ:CEN23_ECI_005(1.0),"Birthplace, years since arrival in New Zealand, age, and gender for the overseas-born census usually resident population count, (RC, TALB, Health), 2013, 2018, and 2023 Censuses",I,2023,2023,9999,Total - New Zealand by regional council,B0802,"Korea, Republic of",08,20 years or more,99,Total - age,99,Total - gender,13842,,,
DATAFLOW,STATSNZ:CEN23_ECI_005(1.0),"Birthplace, years since arrival in New Zealand, age, and gender for the overseas-born census usually resident population count, (RC, TALB, Health), 2013, 2018, and 2023 Censuses",I,2023,2023,9999,Total - New Zealand by regional council,B0505,Romania,05,4 years,99,Total - age,99,Total - gender,48,,,
DATAFLOW,STATSNZ:CEN23_ECI_005(1.0),"Birthplace, years since arrival in New Zealand, age, and gender for the overseas-born census usually resident population count, (RC, TALB, Health), 2013, 2018, and 2023 Censuses",I,2023,2023,9999,Total - New Zealand by regional council,B0505,Romania,07,10-19 years,99,Total - age,99,Total - gender,936,,,
DATAFLOW,STATSNZ:CEN23_ECI_005(1.0),"Birthplace, years since arrival in New Zealand, age, and gender for the overseas-born census usually resident population count, (RC, TALB, Health), 2013, 2018, and 2023 Censuses",I,2023,2023,9999,Total - New Zealand by regional council,B08,North-East Asia,Mean,Average - years since arrival in New Zealand,99,Total - age,99,Total - gender,15,,,
DATAFLOW,STATSNZ:CEN23_ECI_005(1.0),"Birthplace, years since arrival in New Zealand, age, and gender for the overseas-born census usually resident population count, (RC, TALB, Health), 2013, 2018, and 2023 Censuses",I,2023,2023,9999,Total - New Zealand by regional council,B0606,Syria,07,10-19 years,99,Total - age,99,Total - gender,168,,,
DATAFLOW,STATSNZ:CEN23_ECI_005(1.0),"Birthplace, years since arrival in New Zealand, age, and gender for the overseas-born census usually resident population count, (RC, TALB, Health), 2013, 2018, and 2023 Censuses",I,2023,2023,9999,Total - New Zealand by regional council,B0707,Singapore,08,20 years or more,99,Total - age,99,Total - gender,3279,,,
DATAFLOW,STATSNZ:CEN23_ECI_005(1.0),"Birthplace, years since arrival in New Zealand, age, and gender for the overseas-born census usually resident population count, (RC, TALB, Health), 2013, 2018, and 2023 Censuses",I,2023,2023,9999,Total - New Zealand by regional council,B0413,Austria,07,10-19 years,99,Total - age,99,Total - gender,288,,,
DATAFLOW,STATSNZ:CEN23_ECI_005(1.0),"Birthplace, years since arrival in New Zealand, age, and gender for the overseas-born census usually resident population count, (RC, TALB, Health), 2013, 2018, and 2023 Censuses",I,2023,2023,9999,Total - New Zealand by regional council,B12,At sea,07,10-19 years,99,Total - age,99,Total - gender,0,,,
DATAFLOW,STATSNZ:CEN23_ECI_005(1.0),"Birthplace, years since arrival in New Zealand, age, and gender for the overseas-born census usually resident population count, (RC, TALB, Health), 2013, 2018, and 2023 Censuses",I,2023,2023,9999,Total - New Zealand by regional council,B0904,Afghanistan,02,1 year,99,Total - age,99,Total - gender,1176,,,
DATAFLOW,STATSNZ:CEN23_ECI_005(1.0),"Birthplace, years since arrival in New Zealand, age, and gender for the overseas-born census usually resident population count, (RC, TALB, Health), 2013, 2018, and 2023 Censuses",I,2023,2023,9999,Total - New Zealand by regional council,B0905,Nepal,09,Not elsewhere included,99,Total - age,99,Total - gender,6,,,
DATAFLOW,STATSNZ:CEN23_ECI_005(1.0),"Birthplace, years since arrival in New Zealand, age, and gender for the overseas-born census usually resident population count, (RC, TALB, Health), 2013, 2018, and 2023 Censuses",I,2023,2023,9999,Total - New Zealand by regional council,777777,Total stated - birthplace,01,Less than one year,99,Total - age,99,Total - gender,109488,,,
DATAFLOW,STATSNZ:CEN23_ECI_005(1.0),"Birthplace, years since arrival in New Zealand, age, and gender for the overseas-born census usually resident population count, (RC, TALB, Health), 2013, 2018, and 2023 Censuses",I,2023,2023,9999,Total - New Zealand by regional council,B0205,Niue,05,4 years,99,Total - age,99,Total - gender,24,,,
DATAFLOW,STATSNZ:CEN23_ECI_005(1.0),"Birthplace, years since arrival in New Zealand, age, and gender for the overseas-born census usually resident population count, (RC, TALB, Health), 2013, 2018, and 2023 Censuses",I,2023,2023,9999,Total - New Zealand by regional council,B0209,Papua New Guinea,777,Total stated - years since arrival in New Zealand,99,Total - age,99,Total - gender,1491,,,
DATAFLOW,STATSNZ:CEN23_ECI_005(1.0),"Birthplace, years since arrival in New Zealand, age, and gender for the overseas-born census usually resident population count, (RC, TALB, Health), 2013, 2018, and 2023 Censuses",I,2023,2023,9999,Total - New Zealand by regional council,B0602,Iran,02,1 year,99,Total - age,99,Total - gender,117,,,
DATAFLOW,STATSNZ:CEN23_ECI_005(1.0),"Birthplace, years since arrival in New Zealand, age, and gender for the overseas-born census usually resident population count, (RC, TALB, Health), 2013, 2018, and 2023 Censuses",I,2023,2023,9999,Total - New Zealand by regional council,B0203,Tonga,01,Less than one year,99,Total - age,99,Total - gender,1293,,,
DATAFLOW,STATSNZ:CEN23_ECI_005(1.0),"Birthplace, years since arrival in New Zealand, age, and gender for the overseas-born census usually resident population count, (RC, TALB, Health), 2013, 2018, and 2023 Censuses",I,2023,2023,9999,Total - New Zealand by regional council,B0412,Denmark,09,Not elsewhere included,99,Total - age,99,Total - gender,18,,,
DATAFLOW,STATSNZ:CEN23_ECI_005(1.0),"Birthplace, years since arrival in New Zealand, age, and gender for the overseas-born census usually resident population count, (RC, TALB, Health), 2013, 2018, and 2023 Censuses",I,2023,2023,9999,Total - New Zealand by regional council,B04,North-West Europe,07,10-19 years,99,Total - age,99,Total - gender,81135,,,
DATAFLOW,STATSNZ:CEN23_ECI_005(1.0),"Birthplace, years since arrival in New Zealand, age, and gender for the overseas-born census usually resident population count, (RC, TALB, Health), 2013, 2018, and 2023 Censuses",I,2023,2023,9999,Total - New Zealand by regional council,B1105,Ethiopia,06,5-9 years,99,Total - age,99,Total - gender,372,,,
DATAFLOW,STATSNZ:CEN23_ECI_005(1.0),"Birthplace, years since arrival in New Zealand, age, and gender for the overseas-born census usually resident population count, (RC, TALB, Health), 2013, 2018, and 2023 Censuses",I,2023,2023,9999,Total - New Zealand by regional council,B0203,Tonga,06,5-9 years,99,Total - age,99,Total - gender,3348,,,
DATAFLOW,STATSNZ:CEN23_ECI_005(1.0),"Birthplace, years since arrival in New Zealand, age, and gender for the overseas-born census usually resident population count, (RC, TALB, Health), 2013, 2018, and 2023 Censuses",I,2023,2023,9999,Total - New Zealand by regional council,B0510,Serbia,09,Not elsewhere included,99,Total - age,99,Total - gender,3,,,
DATAFLOW,STATSNZ:CEN23_ECI_005(1.0),"Birthplace, years since arrival in New Zealand, age, and gender for the overseas-born census usually resident population count, (RC, TALB, Health), 2013, 2018, and 2023 Censuses",I,2023,2023,9999,Total - New Zealand by regional council,B1007,Mexico,999,Total - years since arrival in New Zealand,99,Total - age,99,Total - gender,1824,,,
DATAFLOW,STATSNZ:CEN23_ECI_005(1.0),"Birthplace, years since arrival in New Zealand, age, and gender for the overseas-born census usually resident population count, (RC, TALB, Health), 2013, 2018, and 2023 Censuses",I,2023,2023,9999,Total - New Zealand by regional council,B0604,Egypt,09,Not elsewhere included,99,Total - age,99,Total - gender,15,,,
DATAFLOW,STATSNZ:CEN23_ECI_005(1.0),"Birthplace, years since arrival in New Zealand, age, and gender for the overseas-born census usually resident population count, (RC, TALB, Health), 2013, 2018, and 2023 Censuses",I,2023,2023,9999,Total - New Zealand by regional council,B1002,Canada,07,10-19 years,99,Total - age,99,Total - gender,2574,,,
DATAFLOW,STATSNZ:CEN23_ECI_005(1.0),"Birthplace, years since arrival in New Zealand, age, and gender for the overseas-born census usually resident population count, (RC, TALB, Health), 2013, 2018, and 2023 Censuses",I,2023,2023,9999,Total - New Zealand by regional council,B09,Southern and Central Asia,09,Not elsewhere included,99,Total - age,99,Total - gender,954,,,
DATAFLOW,STATSNZ:CEN23_ECI_005(1.0),"Birthplace, years since arrival in New Zealand, age, and gender for the overseas-born census usually resident population count, (RC, TALB, Health), 2013, 2018, and 2023 Censuses",I,2023,2023,9999,Total - New Zealand by regional council,B0405,United Kingdom (not further defined),08,20 years or more,99,Total - age,99,Total - gender,2448,,,
DATAFLOW,STATSNZ:CEN23_ECI_005(1.0),"Birthplace, years since arrival in New Zealand, age, and gender for the overseas-born census usually resident population count, (RC, TALB, Health), 2013, 2018, and 2023 Censuses",I,2023,2023,9999,Total - New Zealand by regional council,C,Not elsewhere included,09,Not elsewhere included,99,Total - age,99,Total - gender,0,,,
DATAFLOW,STATSNZ:CEN23_ECI_005(1.0),"Birthplace, years since arrival in New Zealand, age, and gender for the overseas-born census usually resident population count, (RC, TALB, Health), 2013, 2018, and 2023 Censuses",I,2023,2023,9999,Total - New Zealand by regional council,B1002,Canada,06,5-9 years,99,Total - age,99,Total - gender,1914,,,
